-- ESS Units 3-8: flashcard topics
INSERT INTO ess_flashcard_topics (id, label, color, unit, sort_order) VALUES ('ess_t3', 'Biodiversity & Conservation', '#7AAD6B', '3', 3);
INSERT INTO ess_flashcard_topics (id, label, color, unit, sort_order) VALUES ('ess_t4', 'Water & Aquatic Systems', '#7AAD6B', '4', 4);
INSERT INTO ess_flashcard_topics (id, label, color, unit, sort_order) VALUES ('ess_t5', 'Soil & Food Production', '#7AAD6B', '5', 5);
INSERT INTO ess_flashcard_topics (id, label, color, unit, sort_order) VALUES ('ess_t6', 'Atmospheric Systems', '#7AAD6B', '6', 6);
INSERT INTO ess_flashcard_topics (id, label, color, unit, sort_order) VALUES ('ess_t7', 'Climate Change & Energy', '#7AAD6B', '7', 7);
INSERT INTO ess_flashcard_topics (id, label, color, unit, sort_order) VALUES ('ess_t8', 'Human Systems & Resources', '#7AAD6B', '8', 8);

-- ESS Units 3-8: flashcards
INSERT INTO ess_flashcards (topic_id, term, definition, sort_order) VALUES ('ess_t3', 'Biodiversity', 'The variety of life at all levels of biological organisation—genetic, species and ecosystem diversity.', 1);
INSERT INTO ess_flashcards (topic_id, term, definition, sort_order) VALUES ('ess_t3', 'Genetic diversity', 'The range of genetic variation found within a species or population.', 2);
INSERT INTO ess_flashcards (topic_id, term, definition, sort_order) VALUES ('ess_t3', 'Species diversity', 'The variety of species present in an area, including both richness (number of species) and evenness (relative abundance).', 3);
INSERT INTO ess_flashcards (topic_id, term, definition, sort_order) VALUES ('ess_t3', 'Ecosystem diversity', 'The variety of different ecosystems or habitats within a region.', 4);
INSERT INTO ess_flashcards (topic_id, term, definition, sort_order) VALUES ('ess_t3', 'Endemic species', 'A species that is found naturally in only one specific geographic area.', 5);
INSERT INTO ess_flashcards (topic_id, term, definition, sort_order) VALUES ('ess_t3', 'HIPPCO', 'Acronym for six main drivers of biodiversity loss: Habitat loss, Invasive species, Pollution, Population growth, Climate change, Overexploitation.', 6);
INSERT INTO ess_flashcards (topic_id, term, definition, sort_order) VALUES ('ess_t3', 'Simpson''s Reciprocal Index (D)', 'A quantitative measure of biodiversity: D = N(N-1) / Σn(n-1). Higher D = greater diversity.', 7);
INSERT INTO ess_flashcards (topic_id, term, definition, sort_order) VALUES ('ess_t3', 'IUCN Red List', 'A comprehensive inventory classifying species based on their extinction risk (Least Concern to Extinct).', 8);
INSERT INTO ess_flashcards (topic_id, term, definition, sort_order) VALUES ('ess_t3', 'CITES', 'Convention on International Trade in Endangered Species: an international agreement regulating cross-border trade in wildlife to prevent over-exploitation.', 9);
INSERT INTO ess_flashcards (topic_id, term, definition, sort_order) VALUES ('ess_t3', 'In-situ conservation', 'Conservation of species within their natural habitat (e.g. national parks, marine protected areas, wildlife corridors).', 10);
INSERT INTO ess_flashcards (topic_id, term, definition, sort_order) VALUES ('ess_t3', 'Ex-situ conservation', 'Conservation of species outside their natural habitat (e.g. zoos, botanical gardens, seed banks, captive breeding).', 11);
INSERT INTO ess_flashcards (topic_id, term, definition, sort_order) VALUES ('ess_t3', 'Natural selection', 'The process by which organisms with favourable traits for a given environment are more likely to survive, reproduce and pass on those traits.', 12);
INSERT INTO ess_flashcards (topic_id, term, definition, sort_order) VALUES ('ess_t3', 'Evolution', 'The cumulative change in the heritable characteristics of a population over successive generations.', 13);
INSERT INTO ess_flashcards (topic_id, term, definition, sort_order) VALUES ('ess_t3', 'Speciation', 'The formation of new and distinct species through evolutionary processes, often driven by geographic or reproductive isolation.', 14);
INSERT INTO ess_flashcards (topic_id, term, definition, sort_order) VALUES ('ess_t3', 'Mass extinction', 'A widespread and rapid decrease in biodiversity in which a large proportion of species goes extinct in a geologically short period.', 15);
INSERT INTO ess_flashcards (topic_id, term, definition, sort_order) VALUES ('ess_t3', 'Island biogeography', 'Theory explaining species richness on islands based on island size and distance from the mainland; larger and closer islands have more species.', 16);
INSERT INTO ess_flashcards (topic_id, term, definition, sort_order) VALUES ('ess_t3', 'Biodiversity hotspot', 'A region with exceptionally high concentrations of endemic species that has lost at least 70% of its original habitat.', 17);
INSERT INTO ess_flashcards (topic_id, term, definition, sort_order) VALUES ('ess_t3', 'Habitat fragmentation', 'The breaking up of large continuous habitats into smaller, isolated patches, reducing biodiversity through edge effects and limited dispersal.', 18);
INSERT INTO ess_flashcards (topic_id, term, definition, sort_order) VALUES ('ess_t3', 'Edge effect', 'Changes in population or community structure at the boundary of two habitats; fragmented habitats have proportionally more edge.', 19);
INSERT INTO ess_flashcards (topic_id, term, definition, sort_order) VALUES ('ess_t3', 'Wildlife corridor', 'A strip of habitat connecting isolated patches, enabling species movement and gene flow between populations.', 20);
INSERT INTO ess_flashcards (topic_id, term, definition, sort_order) VALUES ('ess_t3', 'Convention on Biological Diversity (CBD)', 'An international treaty (1992) with three main goals: conservation of biodiversity, sustainable use of its components, and equitable sharing of benefits from genetic resources.', 21);
INSERT INTO ess_flashcards (topic_id, term, definition, sort_order) VALUES ('ess_t4', 'Hydrological cycle', 'The continuous movement of water between the atmosphere, land surface and underground through evaporation, condensation, precipitation, infiltration and runoff.', 1);
INSERT INTO ess_flashcards (topic_id, term, definition, sort_order) VALUES ('ess_t4', 'Aquifer', 'An underground layer of water-bearing permeable rock or sediment from which groundwater can be extracted.', 2);
INSERT INTO ess_flashcards (topic_id, term, definition, sort_order) VALUES ('ess_t4', 'Water table', 'The upper surface of the zone of saturation in the ground, below which all pore spaces are filled with water.', 3);
INSERT INTO ess_flashcards (topic_id, term, definition, sort_order) VALUES ('ess_t4', 'Eutrophication', 'Enrichment of a water body with nutrients (mainly nitrogen and phosphorus), leading to excessive algal growth, oxygen depletion and biodiversity loss.', 4);
INSERT INTO ess_flashcards (topic_id, term, definition, sort_order) VALUES ('ess_t4', 'Dead zone', 'An area of water with very low dissolved oxygen (hypoxia), often caused by eutrophication, where most aquatic life cannot survive.', 5);
INSERT INTO ess_flashcards (topic_id, term, definition, sort_order) VALUES ('ess_t4', 'Point-source pollution', 'Pollution entering a water body from a single identifiable source (e.g. a factory outfall pipe).', 6);
INSERT INTO ess_flashcards (topic_id, term, definition, sort_order) VALUES ('ess_t4', 'Non-point-source pollution', 'Pollution entering a water body from diffuse or widespread sources (e.g. agricultural runoff, urban stormwater).', 7);
INSERT INTO ess_flashcards (topic_id, term, definition, sort_order) VALUES ('ess_t4', 'Biological oxygen demand (BOD)', 'A measure of the amount of dissolved oxygen consumed by microorganisms in decomposing organic matter in water. High BOD = more pollution.', 8);
INSERT INTO ess_flashcards (topic_id, term, definition, sort_order) VALUES ('ess_t4', 'Maximum sustainable yield (MSY)', 'The maximum amount of a resource (e.g. fish) that can be harvested indefinitely without causing the stock to decline.', 9);
INSERT INTO ess_flashcards (topic_id, term, definition, sort_order) VALUES ('ess_t4', 'Aquaculture', 'The farming of aquatic organisms such as fish, shellfish or seaweed in controlled conditions.', 10);
INSERT INTO ess_flashcards (topic_id, term, definition, sort_order) VALUES ('ess_t4', 'Overfishing', 'Harvesting fish at a rate faster than the population can replenish, leading to stock collapse.', 11);
INSERT INTO ess_flashcards (topic_id, term, definition, sort_order) VALUES ('ess_t4', 'Bycatch', 'Non-target species caught unintentionally during commercial fishing operations.', 12);
INSERT INTO ess_flashcards (topic_id, term, definition, sort_order) VALUES ('ess_t4', 'Ocean acidification', 'The decrease in pH of ocean water caused by absorption of excess atmospheric CO2, threatening shell-forming organisms.', 13);
INSERT INTO ess_flashcards (topic_id, term, definition, sort_order) VALUES ('ess_t4', 'Desalination', 'The process of removing salt from seawater to produce freshwater, energy-intensive but vital in arid regions.', 14);
INSERT INTO ess_flashcards (topic_id, term, definition, sort_order) VALUES ('ess_t4', 'Grey water', 'Wastewater from sinks, showers and washing machines that can be recycled for non-potable uses.', 15);
INSERT INTO ess_flashcards (topic_id, term, definition, sort_order) VALUES ('ess_t4', 'Water footprint', 'The total volume of freshwater used to produce goods and services consumed by an individual, community or nation.', 16);
INSERT INTO ess_flashcards (topic_id, term, definition, sort_order) VALUES ('ess_t4', 'Wetland', 'An area of land where the soil is saturated with water permanently or seasonally; provides filtration, flood control and habitat.', 17);
INSERT INTO ess_flashcards (topic_id, term, definition, sort_order) VALUES ('ess_t5', 'Soil', 'A complex mixture of minerals, organic matter, water, air and living organisms that forms on the Earth''s surface.', 1);
INSERT INTO ess_flashcards (topic_id, term, definition, sort_order) VALUES ('ess_t5', 'Soil profile', 'A vertical cross-section through soil showing distinct horizontal layers (horizons): O, A, B, C and bedrock.', 2);
INSERT INTO ess_flashcards (topic_id, term, definition, sort_order) VALUES ('ess_t5', 'O horizon', 'The uppermost soil layer, consisting primarily of decomposing organic matter (humus and leaf litter).', 3);
INSERT INTO ess_flashcards (topic_id, term, definition, sort_order) VALUES ('ess_t5', 'A horizon (topsoil)', 'The layer below the O horizon; dark, rich in humus, and where most biological activity and root growth occurs.', 4);
INSERT INTO ess_flashcards (topic_id, term, definition, sort_order) VALUES ('ess_t5', 'B horizon (subsoil)', 'The zone of accumulation below the A horizon where minerals leached from above are deposited.', 5);
INSERT INTO ess_flashcards (topic_id, term, definition, sort_order) VALUES ('ess_t5', 'Soil erosion', 'The removal of the top layer of soil by wind, water or human activity, faster than it can be replaced.', 6);
INSERT INTO ess_flashcards (topic_id, term, definition, sort_order) VALUES ('ess_t5', 'Soil degradation', 'The decline in soil quality due to misuse, leading to loss of fertility, structure or function.', 7);
INSERT INTO ess_flashcards (topic_id, term, definition, sort_order) VALUES ('ess_t5', 'Humus', 'Dark, stable, decomposed organic matter in soil that improves structure, water retention and nutrient availability.', 8);
INSERT INTO ess_flashcards (topic_id, term, definition, sort_order) VALUES ('ess_t5', 'Green Revolution', 'A period (1950s-1970s) of increased agricultural production from high-yield crop varieties, irrigation, chemical fertilisers and pesticides.', 9);
INSERT INTO ess_flashcards (topic_id, term, definition, sort_order) VALUES ('ess_t5', 'Monoculture', 'The agricultural practice of growing a single crop species over a large area, increasing vulnerability to pests and soil depletion.', 10);
INSERT INTO ess_flashcards (topic_id, term, definition, sort_order) VALUES ('ess_t5', 'Polyculture', 'Growing multiple crop species together in the same area, promoting biodiversity and soil health.', 11);
INSERT INTO ess_flashcards (topic_id, term, definition, sort_order) VALUES ('ess_t5', 'Bioaccumulation', 'The gradual accumulation of a substance (e.g. a pesticide or heavy metal) in the tissues of a living organism over time.', 12);
INSERT INTO ess_flashcards (topic_id, term, definition, sort_order) VALUES ('ess_t5', 'Biomagnification', 'The increasing concentration of a persistent substance in organisms at successively higher trophic levels of a food chain.', 13);
INSERT INTO ess_flashcards (topic_id, term, definition, sort_order) VALUES ('ess_t5', 'Organic farming', 'Agriculture without synthetic chemicals or GMOs, relying on crop rotation, compost, biological pest control and natural fertilisers.', 14);
INSERT INTO ess_flashcards (topic_id, term, definition, sort_order) VALUES ('ess_t5', 'Food miles', 'The distance food travels from producer to consumer; used as an indicator of environmental impact related to transport emissions.', 15);
INSERT INTO ess_flashcards (topic_id, term, definition, sort_order) VALUES ('ess_t5', 'Salinisation', 'Accumulation of salts in soil, often caused by irrigation in arid areas, reducing soil fertility.', 16);
INSERT INTO ess_flashcards (topic_id, term, definition, sort_order) VALUES ('ess_t5', 'Desertification', 'Land degradation in arid, semi-arid and dry sub-humid areas caused by climate variation and human activities.', 17);
INSERT INTO ess_flashcards (topic_id, term, definition, sort_order) VALUES ('ess_t5', 'Carrying capacity (food)', 'The maximum population size that the environment can sustainably support with available food resources.', 18);
INSERT INTO ess_flashcards (topic_id, term, definition, sort_order) VALUES ('ess_t5', 'Integrated pest management (IPM)', 'A sustainable pest control strategy combining biological, cultural, mechanical and minimal chemical methods.', 19);
INSERT INTO ess_flashcards (topic_id, term, definition, sort_order) VALUES ('ess_t6', 'Atmosphere', 'The layer of gases surrounding the Earth, held in place by gravity, comprising ~78% nitrogen and ~21% oxygen.', 1);
INSERT INTO ess_flashcards (topic_id, term, definition, sort_order) VALUES ('ess_t6', 'Troposphere', 'The lowest layer of the atmosphere (0-12 km) where weather occurs and where most air pollution concentrates.', 2);
INSERT INTO ess_flashcards (topic_id, term, definition, sort_order) VALUES ('ess_t6', 'Stratosphere', 'The atmospheric layer above the troposphere (12-50 km) containing the ozone layer that absorbs UV radiation.', 3);
INSERT INTO ess_flashcards (topic_id, term, definition, sort_order) VALUES ('ess_t6', 'Ozone layer', 'A region of the stratosphere with high concentration of ozone (O3) that absorbs harmful ultraviolet radiation.', 4);
INSERT INTO ess_flashcards (topic_id, term, definition, sort_order) VALUES ('ess_t6', 'Ozone depletion', 'The thinning of the stratospheric ozone layer caused primarily by CFCs releasing chlorine atoms that catalytically destroy ozone molecules.', 5);
INSERT INTO ess_flashcards (topic_id, term, definition, sort_order) VALUES ('ess_t6', 'CFCs (Chlorofluorocarbons)', 'Synthetic chemicals formerly used as refrigerants and propellants; break down in the stratosphere and release chlorine that destroys ozone.', 6);
INSERT INTO ess_flashcards (topic_id, term, definition, sort_order) VALUES ('ess_t6', 'Montreal Protocol', 'An international treaty (1987) phasing out the production of ozone-depleting substances; widely considered the most successful environmental agreement.', 7);
INSERT INTO ess_flashcards (topic_id, term, definition, sort_order) VALUES ('ess_t6', 'Primary pollutant', 'A pollutant emitted directly from a source into the atmosphere (e.g. CO, SO2, NOx, particulates).', 8);
INSERT INTO ess_flashcards (topic_id, term, definition, sort_order) VALUES ('ess_t6', 'Secondary pollutant', 'A pollutant formed in the atmosphere by chemical reactions involving primary pollutants (e.g. tropospheric ozone, photochemical smog).', 9);
INSERT INTO ess_flashcards (topic_id, term, definition, sort_order) VALUES ('ess_t6', 'Photochemical smog', 'A type of air pollution formed when sunlight triggers reactions between NOx and VOCs, producing ground-level ozone and other oxidants.', 10);
INSERT INTO ess_flashcards (topic_id, term, definition, sort_order) VALUES ('ess_t6', 'Acid deposition', 'The settling of acidic particles and gases (wet: acid rain/snow; dry: particulates) from the atmosphere onto the Earth''s surface, caused mainly by SO2 and NOx emissions.', 11);
INSERT INTO ess_flashcards (topic_id, term, definition, sort_order) VALUES ('ess_t6', 'Particulate matter (PM)', 'Tiny solid or liquid particles suspended in air; PM2.5 (<2.5um) and PM10 (<10um) are key health-damaging pollutants.', 12);
INSERT INTO ess_flashcards (topic_id, term, definition, sort_order) VALUES ('ess_t6', 'Thermal inversion', 'A weather condition where a warm air layer traps cooler air below, preventing pollutants from dispersing vertically.', 13);
INSERT INTO ess_flashcards (topic_id, term, definition, sort_order) VALUES ('ess_t6', 'Nitrogen oxides (NOx)', 'Gases produced by high-temperature combustion (vehicles, power plants) that contribute to smog and acid rain.', 14);
INSERT INTO ess_flashcards (topic_id, term, definition, sort_order) VALUES ('ess_t6', 'Sulfur dioxide (SO2)', 'A gas released by burning fossil fuels (especially coal) and volcanic activity; major contributor to acid deposition.', 15);
INSERT INTO ess_flashcards (topic_id, term, definition, sort_order) VALUES ('ess_t6', 'VOCs (Volatile Organic Compounds)', 'Carbon-containing chemicals that easily evaporate and react with NOx in sunlight to form photochemical smog.', 16);
INSERT INTO ess_flashcards (topic_id, term, definition, sort_order) VALUES ('ess_t6', 'Indoor air pollution', 'Contamination of indoor air, often from burning biomass, cooking fuels, tobacco smoke or poor ventilation; a major health issue in developing countries.', 17);
INSERT INTO ess_flashcards (topic_id, term, definition, sort_order) VALUES ('ess_t7', 'Greenhouse effect', 'Natural process where certain gases in the atmosphere absorb and re-radiate infrared radiation, warming the Earth''s surface.', 1);
INSERT INTO ess_flashcards (topic_id, term, definition, sort_order) VALUES ('ess_t7', 'Enhanced greenhouse effect', 'The intensification of the natural greenhouse effect due to increased concentrations of greenhouse gases from human activities.', 2);
INSERT INTO ess_flashcards (topic_id, term, definition, sort_order) VALUES ('ess_t7', 'Greenhouse gases', 'Gases that absorb and emit infrared radiation: CO2, CH4, N2O, water vapour, CFCs, and tropospheric ozone.', 3);
INSERT INTO ess_flashcards (topic_id, term, definition, sort_order) VALUES ('ess_t7', 'Global warming', 'The long-term increase in Earth''s average surface temperature, primarily due to increased greenhouse gas concentrations.', 4);
INSERT INTO ess_flashcards (topic_id, term, definition, sort_order) VALUES ('ess_t7', 'Climate change', 'Long-term shifts in temperature patterns and weather, driven by both natural factors and human activities.', 5);
INSERT INTO ess_flashcards (topic_id, term, definition, sort_order) VALUES ('ess_t7', 'Carbon footprint', 'The total amount of greenhouse gases emitted directly and indirectly by an individual, organisation, event or product.', 6);
INSERT INTO ess_flashcards (topic_id, term, definition, sort_order) VALUES ('ess_t7', 'Mitigation', 'Actions taken to reduce or prevent greenhouse gas emissions and slow climate change (e.g. renewable energy, reforestation).', 7);
INSERT INTO ess_flashcards (topic_id, term, definition, sort_order) VALUES ('ess_t7', 'Adaptation', 'Adjustments made to reduce vulnerability to the effects of climate change (e.g. sea walls, drought-resistant crops).', 8);
INSERT INTO ess_flashcards (topic_id, term, definition, sort_order) VALUES ('ess_t7', 'Paris Agreement (2015)', 'An international climate accord aiming to limit global warming to well below 2C, preferably 1.5C, above pre-industrial levels.', 9);
INSERT INTO ess_flashcards (topic_id, term, definition, sort_order) VALUES ('ess_t7', 'Fossil fuels', 'Non-renewable energy sources (coal, oil, natural gas) formed from ancient organic matter; major source of CO2 emissions.', 10);
INSERT INTO ess_flashcards (topic_id, term, definition, sort_order) VALUES ('ess_t7', 'Renewable energy', 'Energy from sources that are naturally replenished: solar, wind, hydroelectric, geothermal, tidal, biomass.', 11);
INSERT INTO ess_flashcards (topic_id, term, definition, sort_order) VALUES ('ess_t7', 'Non-renewable energy', 'Energy from finite sources that cannot be replenished on a human timescale: fossil fuels and nuclear.', 12);
INSERT INTO ess_flashcards (topic_id, term, definition, sort_order) VALUES ('ess_t7', 'Nuclear energy', 'Energy released from nuclear fission of heavy atoms (uranium, plutonium); low CO2 but produces radioactive waste.', 13);
INSERT INTO ess_flashcards (topic_id, term, definition, sort_order) VALUES ('ess_t7', 'Solar energy', 'Energy harnessed from sunlight using photovoltaic cells or solar thermal systems.', 14);
INSERT INTO ess_flashcards (topic_id, term, definition, sort_order) VALUES ('ess_t7', 'Wind energy', 'Kinetic energy from wind converted to electricity by turbines; intermittent but increasingly cost-effective.', 15);
INSERT INTO ess_flashcards (topic_id, term, definition, sort_order) VALUES ('ess_t7', 'Hydroelectric power', 'Electricity generated by water flowing through turbines in dams; reliable but can disrupt river ecosystems.', 16);
INSERT INTO ess_flashcards (topic_id, term, definition, sort_order) VALUES ('ess_t7', 'Ice-albedo feedback', 'A positive feedback: warming melts ice, exposes darker surface, absorbs more heat, further warming and melting.', 17);
INSERT INTO ess_flashcards (topic_id, term, definition, sort_order) VALUES ('ess_t7', 'Carbon capture and storage (CCS)', 'Technology that captures CO2 from industrial sources and stores it underground to prevent atmospheric release.', 18);
INSERT INTO ess_flashcards (topic_id, term, definition, sort_order) VALUES ('ess_t7', 'Energy security', 'The uninterrupted availability of energy sources at an affordable price for a nation or region.', 19);
INSERT INTO ess_flashcards (topic_id, term, definition, sort_order) VALUES ('ess_t7', 'IPCC', 'Intergovernmental Panel on Climate Change: a UN body that assesses the science of climate change and publishes assessment reports.', 20);
INSERT INTO ess_flashcards (topic_id, term, definition, sort_order) VALUES ('ess_t8', 'Ecological footprint', 'The area of biologically productive land and water required to produce the resources consumed and absorb the waste generated by an individual or population.', 1);
INSERT INTO ess_flashcards (topic_id, term, definition, sort_order) VALUES ('ess_t8', 'Carrying capacity (human)', 'The maximum number of people that the Earth (or a region) can sustainably support given available resources and technology.', 2);
INSERT INTO ess_flashcards (topic_id, term, definition, sort_order) VALUES ('ess_t8', 'Demographic transition model (DTM)', 'A model describing population change over time in 4-5 stages: from high birth/death rates to low birth/death rates as a country develops.', 3);
INSERT INTO ess_flashcards (topic_id, term, definition, sort_order) VALUES ('ess_t8', 'Renewable resource', 'A natural resource that can be replenished at a rate equal to or faster than it is consumed (e.g. solar energy, timber, freshwater).', 4);
INSERT INTO ess_flashcards (topic_id, term, definition, sort_order) VALUES ('ess_t8', 'Non-renewable resource', 'A natural resource that exists in finite quantities and is consumed faster than it can be replaced (e.g. fossil fuels, minerals).', 5);
INSERT INTO ess_flashcards (topic_id, term, definition, sort_order) VALUES ('ess_t8', 'Replenishable resource', 'A resource that is non-living but is replenished by natural processes (e.g. groundwater, soil).', 6);
INSERT INTO ess_flashcards (topic_id, term, definition, sort_order) VALUES ('ess_t8', 'Solid domestic waste', 'Waste generated by households, including food waste, packaging, paper, plastics and electronics.', 7);
INSERT INTO ess_flashcards (topic_id, term, definition, sort_order) VALUES ('ess_t8', 'Waste hierarchy', 'Prioritised framework: Reduce, Reuse, Recycle, Recover (energy), Dispose (landfill). Prevention is most preferred.', 8);
INSERT INTO ess_flashcards (topic_id, term, definition, sort_order) VALUES ('ess_t8', 'Circular economy', 'An economic model that minimises waste and resource extraction by keeping materials in use through repair, reuse, remanufacturing and recycling.', 9);
INSERT INTO ess_flashcards (topic_id, term, definition, sort_order) VALUES ('ess_t8', 'Linear economy', 'A take-make-dispose model where resources are extracted, used once, and discarded as waste.', 10);
INSERT INTO ess_flashcards (topic_id, term, definition, sort_order) VALUES ('ess_t8', 'Landfill', 'A site for disposal of waste by burial; can cause leachate pollution, methane emissions and land-use conflicts.', 11);
INSERT INTO ess_flashcards (topic_id, term, definition, sort_order) VALUES ('ess_t8', 'Incineration', 'Burning waste at high temperatures to reduce volume; can generate energy but may release toxins if uncontrolled.', 12);
INSERT INTO ess_flashcards (topic_id, term, definition, sort_order) VALUES ('ess_t8', 'E-waste', 'Discarded electronic devices; contains hazardous materials (lead, mercury) but also valuable recoverable metals.', 13);
INSERT INTO ess_flashcards (topic_id, term, definition, sort_order) VALUES ('ess_t8', 'Pollution management', 'Strategies to address pollution: prevention (avoiding generation), regulation (setting limits) and clean-up (remediation after release).', 14);
INSERT INTO ess_flashcards (topic_id, term, definition, sort_order) VALUES ('ess_t8', 'Biocapacity', 'The capacity of an area to regenerate the resources consumed and absorb the waste produced by a population.', 15);
INSERT INTO ess_flashcards (topic_id, term, definition, sort_order) VALUES ('ess_t8', 'Earth Overshoot Day', 'The date each year when humanity''s resource consumption exceeds Earth''s biocapacity to regenerate those resources for that year.', 16);
INSERT INTO ess_flashcards (topic_id, term, definition, sort_order) VALUES ('ess_t8', 'Sustainable development', 'Development that meets the needs of the present without compromising the ability of future generations to meet their own needs.', 17);
INSERT INTO ess_flashcards (topic_id, term, definition, sort_order) VALUES ('ess_t8', 'EIA (Environmental Impact Assessment)', 'A process of evaluating the likely environmental impacts of a proposed project or development before it proceeds.', 18);
INSERT INTO ess_flashcards (topic_id, term, definition, sort_order) VALUES ('ess_t8', 'Precautionary principle', 'The principle that if an action risks causing harm to the public or environment, precautionary measures should be taken even without full scientific certainty.', 19);
INSERT INTO ess_flashcards (topic_id, term, definition, sort_order) VALUES ('ess_t8', 'Tragedy of the commons', 'The depletion of a shared resource by individuals acting in their own self-interest, contrary to the common good (Hardin, 1968).', 20);

-- Remove existing partial Unit 1 written questions
DELETE FROM ess_written_questions WHERE id IN ('ess_w1_01','ess_w1_02','ess_w1_03','ess_w1_04','ess_w1_05');

-- ESS Units 1-8: written questions (136 total)
INSERT INTO ess_written_questions (id, category, difficulty, question_type, unit, marks, question_text, sort_order) VALUES ('ess_wq_1_01', 'Define / State', 'SL', 'short_answer', '1', 1, 'Define the term ''system'' as used in environmental science.', 1);
INSERT INTO ess_written_questions (id, category, difficulty, question_type, unit, marks, question_text, sort_order) VALUES ('ess_wq_1_02', 'Define / State', 'SL', 'short_answer', '1', 1, 'Define ''sustainability'' in the context of environmental management.', 2);
INSERT INTO ess_written_questions (id, category, difficulty, question_type, unit, marks, question_text, sort_order) VALUES ('ess_wq_1_03', 'Define / State', 'SL', 'short_answer', '1', 1, 'State one example of a positive feedback loop in a natural system.', 3);
INSERT INTO ess_written_questions (id, category, difficulty, question_type, unit, marks, question_text, sort_order) VALUES ('ess_wq_1_04', 'Define / State', 'SL', 'short_answer', '1', 1, 'State the difference between a closed system and an open system.', 4);
INSERT INTO ess_written_questions (id, category, difficulty, question_type, unit, marks, question_text, sort_order) VALUES ('ess_wq_1_05', 'Define / State', 'SL', 'short_answer', '1', 2, 'Define the terms ''inputs'' and ''outputs'' with reference to systems thinking.', 5);
INSERT INTO ess_written_questions (id, category, difficulty, question_type, unit, marks, question_text, sort_order) VALUES ('ess_wq_1_06', 'Define / State', 'SL', 'short_answer', '1', 1, 'State what is meant by ''equilibrium'' in a system.', 6);
INSERT INTO ess_written_questions (id, category, difficulty, question_type, unit, marks, question_text, sort_order) VALUES ('ess_wq_1_07', 'Outline / Describe', 'SL', 'short_answer', '1', 3, 'Outline how negative feedback maintains stability in an ecosystem.', 7);
INSERT INTO ess_written_questions (id, category, difficulty, question_type, unit, marks, question_text, sort_order) VALUES ('ess_wq_1_08', 'Outline / Describe', 'SL', 'short_answer', '1', 3, 'Describe the differences between ecocentrism, anthropocentrism and technocentrism as environmental value systems.', 8);
INSERT INTO ess_written_questions (id, category, difficulty, question_type, unit, marks, question_text, sort_order) VALUES ('ess_wq_1_09', 'Outline / Describe', 'SL', 'short_answer', '1', 4, 'Describe the role of models in environmental science, including their strengths and limitations.', 9);
INSERT INTO ess_written_questions (id, category, difficulty, question_type, unit, marks, question_text, sort_order) VALUES ('ess_wq_1_10', 'Outline / Describe', 'SL', 'short_answer', '1', 3, 'Outline the concept of a systems diagram, including storages, flows, and transfers.', 10);
INSERT INTO ess_written_questions (id, category, difficulty, question_type, unit, marks, question_text, sort_order) VALUES ('ess_wq_1_11', 'Outline / Describe', 'SL', 'short_answer', '1', 3, 'Outline how the concept of ''steady-state equilibrium'' applies to environmental systems.', 11);
INSERT INTO ess_written_questions (id, category, difficulty, question_type, unit, marks, question_text, sort_order) VALUES ('ess_wq_1_12', 'Outline / Describe', 'SL', 'short_answer', '1', 3, 'Describe one historical event that significantly changed perspectives on environmental value systems.', 12);
INSERT INTO ess_written_questions (id, category, difficulty, question_type, unit, marks, question_text, sort_order) VALUES ('ess_wq_1_13', 'Explain / Discuss', 'SL', 'short_answer', '1', 5, 'Explain how positive and negative feedback loops operate in the context of climate change.', 13);
INSERT INTO ess_written_questions (id, category, difficulty, question_type, unit, marks, question_text, sort_order) VALUES ('ess_wq_1_14', 'Explain / Discuss', 'SL', 'short_answer', '1', 6, 'Discuss the strengths and limitations of using systems thinking to understand environmental problems.', 14);
INSERT INTO ess_written_questions (id, category, difficulty, question_type, unit, marks, question_text, sort_order) VALUES ('ess_wq_1_15', 'Explain / Discuss', 'SL', 'short_answer', '1', 5, 'Explain how different environmental value systems (EVS) may lead to different approaches to managing a named environmental issue.', 15);
INSERT INTO ess_written_questions (id, category, difficulty, question_type, unit, marks, question_text, sort_order) VALUES ('ess_wq_1_16', 'Explain / Discuss', 'SL', 'short_answer', '1', 5, 'Explain the concept of ''tipping points'' in environmental systems and give one named example.', 16);
INSERT INTO ess_written_questions (id, category, difficulty, question_type, unit, marks, question_text, sort_order) VALUES ('ess_wq_1_17', 'Evaluate / Compare', 'SL', 'short_answer', '1', 8, 'Evaluate the claim that sustainability can only be achieved through a shift from anthropocentric to ecocentric value systems.', 17);
INSERT INTO ess_written_questions (id, category, difficulty, question_type, unit, marks, question_text, sort_order) VALUES ('ess_wq_2_01', 'Define / State', 'SL', 'short_answer', '2', 1, 'Define the term ''species''.', 18);
INSERT INTO ess_written_questions (id, category, difficulty, question_type, unit, marks, question_text, sort_order) VALUES ('ess_wq_2_02', 'Define / State', 'SL', 'short_answer', '2', 1, 'Define ''community'' in ecological terms.', 19);
INSERT INTO ess_written_questions (id, category, difficulty, question_type, unit, marks, question_text, sort_order) VALUES ('ess_wq_2_03', 'Define / State', 'SL', 'short_answer', '2', 1, 'State the difference between a habitat and a niche.', 20);
INSERT INTO ess_written_questions (id, category, difficulty, question_type, unit, marks, question_text, sort_order) VALUES ('ess_wq_2_04', 'Define / State', 'SL', 'short_answer', '2', 2, 'Define the terms ''producer'' and ''consumer'' with examples.', 21);
INSERT INTO ess_written_questions (id, category, difficulty, question_type, unit, marks, question_text, sort_order) VALUES ('ess_wq_2_05', 'Define / State', 'SL', 'short_answer', '2', 1, 'State what is meant by ''trophic level''.', 22);
INSERT INTO ess_written_questions (id, category, difficulty, question_type, unit, marks, question_text, sort_order) VALUES ('ess_wq_2_06', 'Define / State', 'SL', 'short_answer', '2', 1, 'Define ''biomass''.', 23);
INSERT INTO ess_written_questions (id, category, difficulty, question_type, unit, marks, question_text, sort_order) VALUES ('ess_wq_2_07', 'Outline / Describe', 'SL', 'short_answer', '2', 3, 'Outline the flow of energy through a food chain, including the role of producers and decomposers.', 24);
INSERT INTO ess_written_questions (id, category, difficulty, question_type, unit, marks, question_text, sort_order) VALUES ('ess_wq_2_08', 'Outline / Describe', 'SL', 'short_answer', '2', 4, 'Describe the carbon cycle, identifying major stores and flows.', 25);
INSERT INTO ess_written_questions (id, category, difficulty, question_type, unit, marks, question_text, sort_order) VALUES ('ess_wq_2_09', 'Outline / Describe', 'SL', 'short_answer', '2', 3, 'Outline how net primary productivity (NPP) is calculated and explain why it varies between biomes.', 26);
INSERT INTO ess_written_questions (id, category, difficulty, question_type, unit, marks, question_text, sort_order) VALUES ('ess_wq_2_10', 'Outline / Describe', 'SL', 'short_answer', '2', 3, 'Describe the nitrogen cycle, including the roles of nitrogen-fixing bacteria and denitrifying bacteria.', 27);
INSERT INTO ess_written_questions (id, category, difficulty, question_type, unit, marks, question_text, sort_order) VALUES ('ess_wq_2_11', 'Outline / Describe', 'SL', 'short_answer', '2', 4, 'Describe the process of ecological succession from pioneer community to climax community.', 28);
INSERT INTO ess_written_questions (id, category, difficulty, question_type, unit, marks, question_text, sort_order) VALUES ('ess_wq_2_12', 'Outline / Describe', 'SL', 'short_answer', '2', 3, 'Outline the characteristics of a named biome, including climate, vegetation and animal adaptations.', 29);
INSERT INTO ess_written_questions (id, category, difficulty, question_type, unit, marks, question_text, sort_order) VALUES ('ess_wq_2_13', 'Explain / Discuss', 'SL', 'short_answer', '2', 5, 'Explain why energy transfer between trophic levels is inefficient, typically only 10-20%.', 30);
INSERT INTO ess_written_questions (id, category, difficulty, question_type, unit, marks, question_text, sort_order) VALUES ('ess_wq_2_14', 'Explain / Discuss', 'SL', 'short_answer', '2', 5, 'Explain how zonation relates to changes in abiotic factors along an environmental gradient.', 31);
INSERT INTO ess_written_questions (id, category, difficulty, question_type, unit, marks, question_text, sort_order) VALUES ('ess_wq_2_15', 'Explain / Discuss', 'SL', 'short_answer', '2', 6, 'Discuss how human activities have disrupted one named biogeochemical cycle.', 32);
INSERT INTO ess_written_questions (id, category, difficulty, question_type, unit, marks, question_text, sort_order) VALUES ('ess_wq_2_16', 'Explain / Discuss', 'SL', 'short_answer', '2', 5, 'Explain how the S-shaped and J-shaped population growth curves differ and what factors determine which pattern occurs.', 33);
INSERT INTO ess_written_questions (id, category, difficulty, question_type, unit, marks, question_text, sort_order) VALUES ('ess_wq_2_17', 'Evaluate / Compare', 'SL', 'short_answer', '2', 8, 'Evaluate the use of ecological pyramids (numbers, biomass, productivity) as representations of trophic structure.', 34);
INSERT INTO ess_written_questions (id, category, difficulty, question_type, unit, marks, question_text, sort_order) VALUES ('ess_wq_3_01', 'Define / State', 'SL', 'short_answer', '3', 1, 'Define ''biodiversity''.', 35);
INSERT INTO ess_written_questions (id, category, difficulty, question_type, unit, marks, question_text, sort_order) VALUES ('ess_wq_3_02', 'Define / State', 'SL', 'short_answer', '3', 2, 'State the three levels at which biodiversity can be measured.', 36);
INSERT INTO ess_written_questions (id, category, difficulty, question_type, unit, marks, question_text, sort_order) VALUES ('ess_wq_3_03', 'Define / State', 'SL', 'short_answer', '3', 1, 'Define ''endangered species''.', 37);
INSERT INTO ess_written_questions (id, category, difficulty, question_type, unit, marks, question_text, sort_order) VALUES ('ess_wq_3_04', 'Define / State', 'SL', 'short_answer', '3', 1, 'State what the IUCN Red List is.', 38);
INSERT INTO ess_written_questions (id, category, difficulty, question_type, unit, marks, question_text, sort_order) VALUES ('ess_wq_3_05', 'Define / State', 'SL', 'short_answer', '3', 1, 'Define ''endemic species''.', 39);
INSERT INTO ess_written_questions (id, category, difficulty, question_type, unit, marks, question_text, sort_order) VALUES ('ess_wq_3_06', 'Outline / Describe', 'SL', 'short_answer', '3', 4, 'Describe how the Simpson''s Reciprocal Index (D) is used to quantify biodiversity.', 40);
INSERT INTO ess_written_questions (id, category, difficulty, question_type, unit, marks, question_text, sort_order) VALUES ('ess_wq_3_07', 'Outline / Describe', 'SL', 'short_answer', '3', 3, 'Outline the main causes of biodiversity loss (HIPPCO).', 41);
INSERT INTO ess_written_questions (id, category, difficulty, question_type, unit, marks, question_text, sort_order) VALUES ('ess_wq_3_08', 'Outline / Describe', 'SL', 'short_answer', '3', 4, 'Describe the role of CITES in conserving biodiversity through regulation of international trade in species.', 42);
INSERT INTO ess_written_questions (id, category, difficulty, question_type, unit, marks, question_text, sort_order) VALUES ('ess_wq_3_09', 'Outline / Describe', 'SL', 'short_answer', '3', 3, 'Outline the difference between in-situ and ex-situ conservation methods, with examples.', 43);
INSERT INTO ess_written_questions (id, category, difficulty, question_type, unit, marks, question_text, sort_order) VALUES ('ess_wq_3_10', 'Outline / Describe', 'SL', 'short_answer', '3', 3, 'Describe the concept of natural selection and how it drives evolution.', 44);
INSERT INTO ess_written_questions (id, category, difficulty, question_type, unit, marks, question_text, sort_order) VALUES ('ess_wq_3_11', 'Explain / Discuss', 'SL', 'short_answer', '3', 5, 'Explain the theory of island biogeography and how it applies to the design of nature reserves.', 45);
INSERT INTO ess_written_questions (id, category, difficulty, question_type, unit, marks, question_text, sort_order) VALUES ('ess_wq_3_12', 'Explain / Discuss', 'SL', 'short_answer', '3', 6, 'Discuss the ethical, ecological and economic arguments for biodiversity conservation.', 46);
INSERT INTO ess_written_questions (id, category, difficulty, question_type, unit, marks, question_text, sort_order) VALUES ('ess_wq_3_13', 'Explain / Discuss', 'SL', 'short_answer', '3', 5, 'Explain how habitat fragmentation reduces biodiversity and outline one strategy to mitigate its effects.', 47);
INSERT INTO ess_written_questions (id, category, difficulty, question_type, unit, marks, question_text, sort_order) VALUES ('ess_wq_3_14', 'Explain / Discuss', 'SL', 'short_answer', '3', 5, 'Explain the concept of mass extinction and compare it with background extinction rates.', 48);
INSERT INTO ess_written_questions (id, category, difficulty, question_type, unit, marks, question_text, sort_order) VALUES ('ess_wq_3_15', 'Evaluate / Compare', 'SL', 'short_answer', '3', 8, 'Evaluate the effectiveness of protected areas (e.g. national parks, marine reserves) as a strategy for biodiversity conservation.', 49);
INSERT INTO ess_written_questions (id, category, difficulty, question_type, unit, marks, question_text, sort_order) VALUES ('ess_wq_3_16', 'Evaluate / Compare', 'SL', 'short_answer', '3', 7, 'Compare in-situ and ex-situ conservation strategies in terms of effectiveness, cost and ecological relevance.', 50);
INSERT INTO ess_written_questions (id, category, difficulty, question_type, unit, marks, question_text, sort_order) VALUES ('ess_wq_3_17', 'Evaluate / Compare', 'SL', 'short_answer', '3', 8, 'Evaluate the role of international agreements (e.g. CBD, CITES) in addressing global biodiversity loss.', 51);
INSERT INTO ess_written_questions (id, category, difficulty, question_type, unit, marks, question_text, sort_order) VALUES ('ess_wq_4_01', 'Define / State', 'SL', 'short_answer', '4', 1, 'Define the term ''hydrological cycle''.', 52);
INSERT INTO ess_written_questions (id, category, difficulty, question_type, unit, marks, question_text, sort_order) VALUES ('ess_wq_4_02', 'Define / State', 'SL', 'short_answer', '4', 1, 'State two properties of water that make it essential for life.', 53);
INSERT INTO ess_written_questions (id, category, difficulty, question_type, unit, marks, question_text, sort_order) VALUES ('ess_wq_4_03', 'Define / State', 'SL', 'short_answer', '4', 1, 'Define ''eutrophication''.', 54);
INSERT INTO ess_written_questions (id, category, difficulty, question_type, unit, marks, question_text, sort_order) VALUES ('ess_wq_4_04', 'Define / State', 'SL', 'short_answer', '4', 1, 'Define ''aquifer''.', 55);
INSERT INTO ess_written_questions (id, category, difficulty, question_type, unit, marks, question_text, sort_order) VALUES ('ess_wq_4_05', 'Define / State', 'SL', 'short_answer', '4', 2, 'State the difference between freshwater and saltwater ecosystems.', 56);
INSERT INTO ess_written_questions (id, category, difficulty, question_type, unit, marks, question_text, sort_order) VALUES ('ess_wq_4_06', 'Outline / Describe', 'SL', 'short_answer', '4', 4, 'Describe the main stores and flows in the hydrological cycle.', 57);
INSERT INTO ess_written_questions (id, category, difficulty, question_type, unit, marks, question_text, sort_order) VALUES ('ess_wq_4_07', 'Outline / Describe', 'SL', 'short_answer', '4', 3, 'Outline the process of eutrophication and the resulting dead zones.', 58);
INSERT INTO ess_written_questions (id, category, difficulty, question_type, unit, marks, question_text, sort_order) VALUES ('ess_wq_4_08', 'Outline / Describe', 'SL', 'short_answer', '4', 3, 'Outline how aquaculture differs from wild-capture fishing.', 59);
INSERT INTO ess_written_questions (id, category, difficulty, question_type, unit, marks, question_text, sort_order) VALUES ('ess_wq_4_09', 'Outline / Describe', 'SL', 'short_answer', '4', 4, 'Describe the causes and consequences of water pollution, including point and non-point sources.', 60);
INSERT INTO ess_written_questions (id, category, difficulty, question_type, unit, marks, question_text, sort_order) VALUES ('ess_wq_4_10', 'Outline / Describe', 'SL', 'short_answer', '4', 3, 'Describe one method of wastewater treatment and its environmental benefits.', 61);
INSERT INTO ess_written_questions (id, category, difficulty, question_type, unit, marks, question_text, sort_order) VALUES ('ess_wq_4_11', 'Explain / Discuss', 'SL', 'short_answer', '4', 5, 'Explain the causes, impacts and management strategies associated with ocean acidification.', 62);
INSERT INTO ess_written_questions (id, category, difficulty, question_type, unit, marks, question_text, sort_order) VALUES ('ess_wq_4_12', 'Explain / Discuss', 'SL', 'short_answer', '4', 6, 'Discuss the environmental and socioeconomic impacts of damming rivers for water storage.', 63);
INSERT INTO ess_written_questions (id, category, difficulty, question_type, unit, marks, question_text, sort_order) VALUES ('ess_wq_4_13', 'Explain / Discuss', 'SL', 'short_answer', '4', 5, 'Explain the concept of ''maximum sustainable yield'' (MSY) and why fish stocks often decline below it.', 64);
INSERT INTO ess_written_questions (id, category, difficulty, question_type, unit, marks, question_text, sort_order) VALUES ('ess_wq_4_14', 'Explain / Discuss', 'SL', 'short_answer', '4', 5, 'Explain the causes and consequences of freshwater scarcity, referencing one named example.', 65);
INSERT INTO ess_written_questions (id, category, difficulty, question_type, unit, marks, question_text, sort_order) VALUES ('ess_wq_4_15', 'Evaluate / Compare', 'SL', 'short_answer', '4', 8, 'Evaluate aquaculture as a sustainable alternative to wild-capture fishing.', 66);
INSERT INTO ess_written_questions (id, category, difficulty, question_type, unit, marks, question_text, sort_order) VALUES ('ess_wq_4_16', 'Evaluate / Compare', 'SL', 'short_answer', '4', 7, 'Compare the environmental impacts of two named methods for meeting increasing global demand for water.', 67);
INSERT INTO ess_written_questions (id, category, difficulty, question_type, unit, marks, question_text, sort_order) VALUES ('ess_wq_4_17', 'Evaluate / Compare', 'SL', 'short_answer', '4', 8, 'Evaluate the success of one named international effort to manage marine fisheries sustainably.', 68);
INSERT INTO ess_written_questions (id, category, difficulty, question_type, unit, marks, question_text, sort_order) VALUES ('ess_wq_5_01', 'Define / State', 'SL', 'short_answer', '5', 1, 'Define ''soil'' as an environmental system.', 69);
INSERT INTO ess_written_questions (id, category, difficulty, question_type, unit, marks, question_text, sort_order) VALUES ('ess_wq_5_02', 'Define / State', 'SL', 'short_answer', '5', 1, 'State the four main components of soil.', 70);
INSERT INTO ess_written_questions (id, category, difficulty, question_type, unit, marks, question_text, sort_order) VALUES ('ess_wq_5_03', 'Define / State', 'SL', 'short_answer', '5', 1, 'Define ''soil degradation''.', 71);
INSERT INTO ess_written_questions (id, category, difficulty, question_type, unit, marks, question_text, sort_order) VALUES ('ess_wq_5_04', 'Define / State', 'SL', 'short_answer', '5', 2, 'State two differences between organic farming and conventional intensive farming.', 72);
INSERT INTO ess_written_questions (id, category, difficulty, question_type, unit, marks, question_text, sort_order) VALUES ('ess_wq_5_05', 'Define / State', 'SL', 'short_answer', '5', 1, 'Define ''food miles''.', 73);
INSERT INTO ess_written_questions (id, category, difficulty, question_type, unit, marks, question_text, sort_order) VALUES ('ess_wq_5_06', 'Outline / Describe', 'SL', 'short_answer', '5', 4, 'Describe the formation of soil, including the roles of weathering, decomposition and organisms.', 74);
INSERT INTO ess_written_questions (id, category, difficulty, question_type, unit, marks, question_text, sort_order) VALUES ('ess_wq_5_07', 'Outline / Describe', 'SL', 'short_answer', '5', 3, 'Outline the structure of a typical soil profile, identifying the main horizons.', 75);
INSERT INTO ess_written_questions (id, category, difficulty, question_type, unit, marks, question_text, sort_order) VALUES ('ess_wq_5_08', 'Outline / Describe', 'SL', 'short_answer', '5', 3, 'Outline how soil erosion occurs and identify two human activities that accelerate it.', 76);
INSERT INTO ess_written_questions (id, category, difficulty, question_type, unit, marks, question_text, sort_order) VALUES ('ess_wq_5_09', 'Outline / Describe', 'SL', 'short_answer', '5', 4, 'Describe the Green Revolution, including the technologies introduced and their environmental consequences.', 77);
INSERT INTO ess_written_questions (id, category, difficulty, question_type, unit, marks, question_text, sort_order) VALUES ('ess_wq_5_10', 'Outline / Describe', 'SL', 'short_answer', '5', 3, 'Describe how soil nutrient cycling supports terrestrial food production.', 78);
INSERT INTO ess_written_questions (id, category, difficulty, question_type, unit, marks, question_text, sort_order) VALUES ('ess_wq_5_11', 'Explain / Discuss', 'SL', 'short_answer', '5', 5, 'Explain how different farming practices (monoculture vs polyculture) affect soil health and biodiversity.', 79);
INSERT INTO ess_written_questions (id, category, difficulty, question_type, unit, marks, question_text, sort_order) VALUES ('ess_wq_5_12', 'Explain / Discuss', 'SL', 'short_answer', '5', 6, 'Discuss the impacts of pesticide use on ecosystems, including bioaccumulation and biomagnification.', 80);
INSERT INTO ess_written_questions (id, category, difficulty, question_type, unit, marks, question_text, sort_order) VALUES ('ess_wq_5_13', 'Explain / Discuss', 'SL', 'short_answer', '5', 5, 'Explain the concept of ''carrying capacity'' in the context of human food production and Earth''s resources.', 81);
INSERT INTO ess_written_questions (id, category, difficulty, question_type, unit, marks, question_text, sort_order) VALUES ('ess_wq_5_14', 'Explain / Discuss', 'SL', 'short_answer', '5', 5, 'Explain how terrestrial food production systems can be made more sustainable.', 82);
INSERT INTO ess_written_questions (id, category, difficulty, question_type, unit, marks, question_text, sort_order) VALUES ('ess_wq_5_15', 'Evaluate / Compare', 'SL', 'short_answer', '5', 8, 'Evaluate the role of genetically modified organisms (GMOs) in addressing global food security.', 83);
INSERT INTO ess_written_questions (id, category, difficulty, question_type, unit, marks, question_text, sort_order) VALUES ('ess_wq_5_16', 'Evaluate / Compare', 'SL', 'short_answer', '5', 7, 'Compare the environmental impacts of intensive and organic farming systems.', 84);
INSERT INTO ess_written_questions (id, category, difficulty, question_type, unit, marks, question_text, sort_order) VALUES ('ess_wq_5_17', 'Evaluate / Compare', 'SL', 'short_answer', '5', 8, 'Evaluate the claim that the world can sustainably feed 10 billion people by 2050.', 85);
INSERT INTO ess_written_questions (id, category, difficulty, question_type, unit, marks, question_text, sort_order) VALUES ('ess_wq_6_01', 'Define / State', 'SL', 'short_answer', '6', 1, 'Define ''photochemical smog''.', 86);
INSERT INTO ess_written_questions (id, category, difficulty, question_type, unit, marks, question_text, sort_order) VALUES ('ess_wq_6_02', 'Define / State', 'SL', 'short_answer', '6', 1, 'State two primary air pollutants and their main sources.', 87);
INSERT INTO ess_written_questions (id, category, difficulty, question_type, unit, marks, question_text, sort_order) VALUES ('ess_wq_6_03', 'Define / State', 'SL', 'short_answer', '6', 1, 'Define ''ozone depletion''.', 88);
INSERT INTO ess_written_questions (id, category, difficulty, question_type, unit, marks, question_text, sort_order) VALUES ('ess_wq_6_04', 'Define / State', 'SL', 'short_answer', '6', 2, 'State two effects of tropospheric ozone on human health and the environment.', 89);
INSERT INTO ess_written_questions (id, category, difficulty, question_type, unit, marks, question_text, sort_order) VALUES ('ess_wq_6_05', 'Define / State', 'SL', 'short_answer', '6', 1, 'Define ''acid deposition''.', 90);
INSERT INTO ess_written_questions (id, category, difficulty, question_type, unit, marks, question_text, sort_order) VALUES ('ess_wq_6_06', 'Outline / Describe', 'SL', 'short_answer', '6', 4, 'Describe the structure and composition of the Earth''s atmosphere, identifying the troposphere and stratosphere.', 91);
INSERT INTO ess_written_questions (id, category, difficulty, question_type, unit, marks, question_text, sort_order) VALUES ('ess_wq_6_07', 'Outline / Describe', 'SL', 'short_answer', '6', 3, 'Outline the causes and effects of stratospheric ozone depletion by chlorofluorocarbons (CFCs).', 92);
INSERT INTO ess_written_questions (id, category, difficulty, question_type, unit, marks, question_text, sort_order) VALUES ('ess_wq_6_08', 'Outline / Describe', 'SL', 'short_answer', '6', 3, 'Outline the formation of acid rain and its impacts on aquatic and terrestrial ecosystems.', 93);
INSERT INTO ess_written_questions (id, category, difficulty, question_type, unit, marks, question_text, sort_order) VALUES ('ess_wq_6_09', 'Outline / Describe', 'SL', 'short_answer', '6', 4, 'Describe how particulate matter (PM2.5 and PM10) affects human respiratory health.', 94);
INSERT INTO ess_written_questions (id, category, difficulty, question_type, unit, marks, question_text, sort_order) VALUES ('ess_wq_6_10', 'Outline / Describe', 'SL', 'short_answer', '6', 3, 'Outline the formation of photochemical smog in urban areas.', 95);
INSERT INTO ess_written_questions (id, category, difficulty, question_type, unit, marks, question_text, sort_order) VALUES ('ess_wq_6_11', 'Explain / Discuss', 'SL', 'short_answer', '6', 5, 'Explain how the Montreal Protocol has been effective in addressing stratospheric ozone depletion.', 96);
INSERT INTO ess_written_questions (id, category, difficulty, question_type, unit, marks, question_text, sort_order) VALUES ('ess_wq_6_12', 'Explain / Discuss', 'SL', 'short_answer', '6', 6, 'Discuss the sources, effects and management strategies for urban air pollution.', 97);
INSERT INTO ess_written_questions (id, category, difficulty, question_type, unit, marks, question_text, sort_order) VALUES ('ess_wq_6_13', 'Explain / Discuss', 'SL', 'short_answer', '6', 5, 'Explain the difference between primary and secondary pollutants, with examples of each.', 98);
INSERT INTO ess_written_questions (id, category, difficulty, question_type, unit, marks, question_text, sort_order) VALUES ('ess_wq_6_14', 'Explain / Discuss', 'SL', 'short_answer', '6', 5, 'Explain how thermal inversions can exacerbate air pollution episodes in urban areas.', 99);
INSERT INTO ess_written_questions (id, category, difficulty, question_type, unit, marks, question_text, sort_order) VALUES ('ess_wq_6_15', 'Evaluate / Compare', 'SL', 'short_answer', '6', 8, 'Evaluate the success of international agreements in reducing atmospheric pollution (e.g. Montreal Protocol vs. Kyoto Protocol).', 100);
INSERT INTO ess_written_questions (id, category, difficulty, question_type, unit, marks, question_text, sort_order) VALUES ('ess_wq_6_16', 'Evaluate / Compare', 'SL', 'short_answer', '6', 7, 'Compare the environmental impacts of tropospheric ozone and stratospheric ozone.', 101);
INSERT INTO ess_written_questions (id, category, difficulty, question_type, unit, marks, question_text, sort_order) VALUES ('ess_wq_6_17', 'Evaluate / Compare', 'SL', 'short_answer', '6', 8, 'Evaluate pollution management strategies for acid deposition at the local, national and international levels.', 102);
INSERT INTO ess_written_questions (id, category, difficulty, question_type, unit, marks, question_text, sort_order) VALUES ('ess_wq_7_01', 'Define / State', 'SL', 'short_answer', '7', 1, 'Define the ''greenhouse effect''.', 103);
INSERT INTO ess_written_questions (id, category, difficulty, question_type, unit, marks, question_text, sort_order) VALUES ('ess_wq_7_02', 'Define / State', 'SL', 'short_answer', '7', 2, 'State two greenhouse gases and their major anthropogenic sources.', 104);
INSERT INTO ess_written_questions (id, category, difficulty, question_type, unit, marks, question_text, sort_order) VALUES ('ess_wq_7_03', 'Define / State', 'SL', 'short_answer', '7', 1, 'Define ''carbon footprint''.', 105);
INSERT INTO ess_written_questions (id, category, difficulty, question_type, unit, marks, question_text, sort_order) VALUES ('ess_wq_7_04', 'Define / State', 'SL', 'short_answer', '7', 1, 'State one difference between mitigation and adaptation as responses to climate change.', 106);
INSERT INTO ess_written_questions (id, category, difficulty, question_type, unit, marks, question_text, sort_order) VALUES ('ess_wq_7_05', 'Define / State', 'SL', 'short_answer', '7', 1, 'Define ''energy security''.', 107);
INSERT INTO ess_written_questions (id, category, difficulty, question_type, unit, marks, question_text, sort_order) VALUES ('ess_wq_7_06', 'Outline / Describe', 'SL', 'short_answer', '7', 4, 'Describe the enhanced greenhouse effect and its relationship to global warming.', 108);
INSERT INTO ess_written_questions (id, category, difficulty, question_type, unit, marks, question_text, sort_order) VALUES ('ess_wq_7_07', 'Outline / Describe', 'SL', 'short_answer', '7', 3, 'Outline the main evidence for anthropogenic climate change.', 109);
INSERT INTO ess_written_questions (id, category, difficulty, question_type, unit, marks, question_text, sort_order) VALUES ('ess_wq_7_08', 'Outline / Describe', 'SL', 'short_answer', '7', 4, 'Describe the environmental and social consequences of climate change for a named region or country.', 110);
INSERT INTO ess_written_questions (id, category, difficulty, question_type, unit, marks, question_text, sort_order) VALUES ('ess_wq_7_09', 'Outline / Describe', 'SL', 'short_answer', '7', 3, 'Outline the advantages and disadvantages of nuclear energy as an alternative to fossil fuels.', 111);
INSERT INTO ess_written_questions (id, category, difficulty, question_type, unit, marks, question_text, sort_order) VALUES ('ess_wq_7_10', 'Outline / Describe', 'SL', 'short_answer', '7', 3, 'Describe how solar photovoltaic and wind energy systems generate electricity.', 112);
INSERT INTO ess_written_questions (id, category, difficulty, question_type, unit, marks, question_text, sort_order) VALUES ('ess_wq_7_11', 'Explain / Discuss', 'SL', 'short_answer', '7', 5, 'Explain the concept of the ''carbon cycle'' and how human activities have disrupted it.', 113);
INSERT INTO ess_written_questions (id, category, difficulty, question_type, unit, marks, question_text, sort_order) VALUES ('ess_wq_7_12', 'Explain / Discuss', 'SL', 'short_answer', '7', 6, 'Discuss the effectiveness of the Paris Agreement (2015) in addressing global climate change.', 114);
INSERT INTO ess_written_questions (id, category, difficulty, question_type, unit, marks, question_text, sort_order) VALUES ('ess_wq_7_13', 'Explain / Discuss', 'SL', 'short_answer', '7', 5, 'Explain why transitioning from fossil fuels to renewable energy is both necessary and challenging.', 115);
INSERT INTO ess_written_questions (id, category, difficulty, question_type, unit, marks, question_text, sort_order) VALUES ('ess_wq_7_14', 'Explain / Discuss', 'SL', 'short_answer', '7', 5, 'Explain the role of feedback mechanisms (e.g. ice-albedo, water vapour) in amplifying or moderating climate change.', 116);
INSERT INTO ess_written_questions (id, category, difficulty, question_type, unit, marks, question_text, sort_order) VALUES ('ess_wq_7_15', 'Evaluate / Compare', 'SL', 'short_answer', '7', 8, 'Evaluate the potential of renewable energy sources (solar, wind, hydroelectric) to replace fossil fuels globally.', 117);
INSERT INTO ess_written_questions (id, category, difficulty, question_type, unit, marks, question_text, sort_order) VALUES ('ess_wq_7_16', 'Evaluate / Compare', 'SL', 'short_answer', '7', 7, 'Compare the environmental impacts of fossil fuel energy production with those of nuclear energy.', 118);
INSERT INTO ess_written_questions (id, category, difficulty, question_type, unit, marks, question_text, sort_order) VALUES ('ess_wq_7_17', 'Evaluate / Compare', 'SL', 'short_answer', '7', 8, 'Evaluate carbon capture and storage (CCS) as a strategy for reducing greenhouse gas emissions.', 119);
INSERT INTO ess_written_questions (id, category, difficulty, question_type, unit, marks, question_text, sort_order) VALUES ('ess_wq_8_01', 'Define / State', 'SL', 'short_answer', '8', 1, 'Define ''ecological footprint''.', 120);
INSERT INTO ess_written_questions (id, category, difficulty, question_type, unit, marks, question_text, sort_order) VALUES ('ess_wq_8_02', 'Define / State', 'SL', 'short_answer', '8', 1, 'State what is meant by ''carrying capacity'' in the context of human populations.', 121);
INSERT INTO ess_written_questions (id, category, difficulty, question_type, unit, marks, question_text, sort_order) VALUES ('ess_wq_8_03', 'Define / State', 'SL', 'short_answer', '8', 2, 'Define ''renewable'' and ''non-renewable'' natural resources with examples.', 122);
INSERT INTO ess_written_questions (id, category, difficulty, question_type, unit, marks, question_text, sort_order) VALUES ('ess_wq_8_04', 'Define / State', 'SL', 'short_answer', '8', 1, 'Define ''solid domestic waste''.', 123);
INSERT INTO ess_written_questions (id, category, difficulty, question_type, unit, marks, question_text, sort_order) VALUES ('ess_wq_8_05', 'Define / State', 'SL', 'short_answer', '8', 1, 'State one advantage and one disadvantage of incineration as a waste management strategy.', 124);
INSERT INTO ess_written_questions (id, category, difficulty, question_type, unit, marks, question_text, sort_order) VALUES ('ess_wq_8_06', 'Outline / Describe', 'SL', 'short_answer', '8', 4, 'Describe the demographic transition model (DTM) and identify its stages.', 125);
INSERT INTO ess_written_questions (id, category, difficulty, question_type, unit, marks, question_text, sort_order) VALUES ('ess_wq_8_07', 'Outline / Describe', 'SL', 'short_answer', '8', 3, 'Outline the relationship between human population growth and resource consumption.', 126);
INSERT INTO ess_written_questions (id, category, difficulty, question_type, unit, marks, question_text, sort_order) VALUES ('ess_wq_8_08', 'Outline / Describe', 'SL', 'short_answer', '8', 3, 'Outline the concept of the ''circular economy'' and how it differs from a linear economy.', 127);
INSERT INTO ess_written_questions (id, category, difficulty, question_type, unit, marks, question_text, sort_order) VALUES ('ess_wq_8_09', 'Outline / Describe', 'SL', 'short_answer', '8', 4, 'Describe the environmental impacts of mining for a named non-renewable resource.', 128);
INSERT INTO ess_written_questions (id, category, difficulty, question_type, unit, marks, question_text, sort_order) VALUES ('ess_wq_8_10', 'Outline / Describe', 'SL', 'short_answer', '8', 3, 'Describe how solid domestic waste is managed through the waste hierarchy (reduce, reuse, recycle, recover, dispose).', 129);
INSERT INTO ess_written_questions (id, category, difficulty, question_type, unit, marks, question_text, sort_order) VALUES ('ess_wq_8_11', 'Explain / Discuss', 'SL', 'short_answer', '8', 5, 'Explain the relationship between economic development, population growth and environmental degradation.', 130);
INSERT INTO ess_written_questions (id, category, difficulty, question_type, unit, marks, question_text, sort_order) VALUES ('ess_wq_8_12', 'Explain / Discuss', 'SL', 'short_answer', '8', 6, 'Discuss whether or not the ecological footprint is a useful measure of human impact on the environment.', 131);
INSERT INTO ess_written_questions (id, category, difficulty, question_type, unit, marks, question_text, sort_order) VALUES ('ess_wq_8_13', 'Explain / Discuss', 'SL', 'short_answer', '8', 5, 'Explain how pollution management strategies can operate at different levels: clean-up, regulation and prevention.', 132);
INSERT INTO ess_written_questions (id, category, difficulty, question_type, unit, marks, question_text, sort_order) VALUES ('ess_wq_8_14', 'Explain / Discuss', 'SL', 'short_answer', '8', 5, 'Explain the environmental and social impacts of the global trade in waste and recyclable materials.', 133);
INSERT INTO ess_written_questions (id, category, difficulty, question_type, unit, marks, question_text, sort_order) VALUES ('ess_wq_8_15', 'Evaluate / Compare', 'SL', 'short_answer', '8', 8, 'Evaluate the effectiveness of the ''reduce, reuse, recycle'' approach to solid waste management.', 134);
INSERT INTO ess_written_questions (id, category, difficulty, question_type, unit, marks, question_text, sort_order) VALUES ('ess_wq_8_16', 'Evaluate / Compare', 'SL', 'short_answer', '8', 7, 'Compare the environmental impacts of landfill disposal with incineration for solid domestic waste.', 135);
INSERT INTO ess_written_questions (id, category, difficulty, question_type, unit, marks, question_text, sort_order) VALUES ('ess_wq_8_17', 'Evaluate / Compare', 'SL', 'short_answer', '8', 8, 'Evaluate the extent to which international agreements and policies can reduce humanity''s ecological footprint.', 136);