-- ════════════════════════════════════════════════════════════════════════════
-- 0041 · Paper 1 History Content (Conflict & Intervention, Rights & Protest,
--        Move to Global War) — flashcards, checklists, MCQ, written questions
-- ════════════════════════════════════════════════════════════════════════════

-- ══ Conflict and Intervention (unit = 'P1-CI') ═══════════════════════════════════

-- Category colors
INSERT OR IGNORE INTO history_category_colors (category, color) VALUES ('1.1 Ethnic Tensions in Rwanda: Hutu and Tutsi Relations', '#C4A36A');
INSERT OR IGNORE INTO history_category_colors (category, color) VALUES ('1.2 Creation of the Hutu Power Movement and the Interahamwe', '#C4A36A');
INSERT OR IGNORE INTO history_category_colors (category, color) VALUES ('1.3 Role of the Media in Rwanda', '#C4A36A');
INSERT OR IGNORE INTO history_category_colors (category, color) VALUES ('1.4 Other Causes: Economic Situation and Colonial Legacy', '#C4A36A');
INSERT OR IGNORE INTO history_category_colors (category, color) VALUES ('1.5 Rwandan Civil War (1990--93) and Assassination of Habyarimana (1994)', '#C4A36A');
INSERT OR IGNORE INTO history_category_colors (category, color) VALUES ('1.6 Actions of the RPF and Rwandan Government; Nature of the Genocide', '#C4A36A');
INSERT OR IGNORE INTO history_category_colors (category, color) VALUES ('1.7 Response of the International Community; UNAMIR; Reasons for', '#C4A36A');
INSERT OR IGNORE INTO history_category_colors (category, color) VALUES ('1.8 Social Impact: Refugee Crisis; Justice and Reconciliation', '#C4A36A');
INSERT OR IGNORE INTO history_category_colors (category, color) VALUES ('1.9 Political and Economic Impact; RPF-Led Governments; Continued', '#C4A36A');
INSERT OR IGNORE INTO history_category_colors (category, color) VALUES ('2.1 Ethnic Tensions Between Serbs and Kosovar Albanians', '#C4A36A');
INSERT OR IGNORE INTO history_category_colors (category, color) VALUES ('2.2 Political Causes: Constitutional Reforms (1989--94); Repression', '#C4A36A');
INSERT OR IGNORE INTO history_category_colors (category, color) VALUES ('2.3 Role of Ibrahim Rugova and Non-Violent Resistance', '#C4A36A');
INSERT OR IGNORE INTO history_category_colors (category, color) VALUES ('2.4 Kosovo Liberation Army (KLA) and Serbian Response', '#C4A36A');
INSERT OR IGNORE INTO history_category_colors (category, color) VALUES ('2.5 Ethnic Cleansing and Crimes Against Humanity; Račak Massacre', '#C4A36A');
INSERT OR IGNORE INTO history_category_colors (category, color) VALUES ('2.6 Response of the International Community; NATO Bombing; KFOR', '#C4A36A');
INSERT OR IGNORE INTO history_category_colors (category, color) VALUES ('2.7 Social and Economic Consequences; Refugee Crisis; Damage to', '#C4A36A');
INSERT OR IGNORE INTO history_category_colors (category, color) VALUES ('2.8 Political Impact in Kosovo; Election of Ibrahim Rugova (2002)', '#C4A36A');
INSERT OR IGNORE INTO history_category_colors (category, color) VALUES ('2.9 ICTY; Indictment of Milosevic; International Reaction', '#C4A36A');

-- Checklist sections & items
INSERT OR IGNORE INTO history_checklist_sections (id, title, color, unit, sort_order) VALUES ('hist-p1-ci-cl-1.1', '1.1 — Ethnic Tensions in Rwanda: Hutu and Tutsi Relations', '#C4A36A', 'P1-CI', 1);
INSERT INTO history_checklist_items (section_id, text, sort_order) VALUES ('hist-p1-ci-cl-1.1', 'I can explain the origins of Hutu-Tutsi ethnic tensions in Rwanda.', 1);
INSERT INTO history_checklist_items (section_id, text, sort_order) VALUES ('hist-p1-ci-cl-1.1', 'I can describe how colonial rule (Belgian) institutionalised and deepened ethnic divisions.', 2);
INSERT INTO history_checklist_items (section_id, text, sort_order) VALUES ('hist-p1-ci-cl-1.1', 'I can analyse the significance of the Hutu Revolution (1959--61).', 3);
INSERT INTO history_checklist_items (section_id, text, sort_order) VALUES ('hist-p1-ci-cl-1.1', 'I can discuss the role of identity cards in the genocide.', 4);
INSERT INTO history_checklist_items (section_id, text, sort_order) VALUES ('hist-p1-ci-cl-1.1', 'I can evaluate the extent to which ethnicity was a colonial construct vs. pre-colonial reality.', 5);
INSERT OR IGNORE INTO history_checklist_sections (id, title, color, unit, sort_order) VALUES ('hist-p1-ci-cl-1.2', '1.2 — Creation of the Hutu Power Movement and the Interahamwe', '#C4A36A', 'P1-CI', 2);
INSERT INTO history_checklist_items (section_id, text, sort_order) VALUES ('hist-p1-ci-cl-1.2', 'I can describe the Hutu Power ideology and its key features.', 1);
INSERT INTO history_checklist_items (section_id, text, sort_order) VALUES ('hist-p1-ci-cl-1.2', 'I can explain the formation and role of the Interahamwe militia.', 2);
INSERT INTO history_checklist_items (section_id, text, sort_order) VALUES ('hist-p1-ci-cl-1.2', 'I can analyse the significance of the Hutu Ten Commandments.', 3);
INSERT INTO history_checklist_items (section_id, text, sort_order) VALUES ('hist-p1-ci-cl-1.2', 'I can discuss the role of the Akazu in planning the genocide.', 4);
INSERT INTO history_checklist_items (section_id, text, sort_order) VALUES ('hist-p1-ci-cl-1.2', 'I can evaluate the extent to which the genocide was planned in advance.', 5);
INSERT OR IGNORE INTO history_checklist_sections (id, title, color, unit, sort_order) VALUES ('hist-p1-ci-cl-1.3', '1.3 — Role of the Media in Rwanda', '#C4A36A', 'P1-CI', 3);
INSERT INTO history_checklist_items (section_id, text, sort_order) VALUES ('hist-p1-ci-cl-1.3', 'I can describe the role of RTLM and Kangura in promoting genocide.', 1);
INSERT INTO history_checklist_items (section_id, text, sort_order) VALUES ('hist-p1-ci-cl-1.3', 'I can explain how media dehumanised Tutsis and incited violence.', 2);
INSERT INTO history_checklist_items (section_id, text, sort_order) VALUES ('hist-p1-ci-cl-1.3', 'I can analyse the significance of media as a tool of genocide.', 3);
INSERT INTO history_checklist_items (section_id, text, sort_order) VALUES ('hist-p1-ci-cl-1.3', 'I can evaluate whether the genocide could have occurred without media incitement.', 4);
INSERT OR IGNORE INTO history_checklist_sections (id, title, color, unit, sort_order) VALUES ('hist-p1-ci-cl-1.4', '1.4 — Other Causes: Economic Situation and Colonial Legacy', '#C4A36A', 'P1-CI', 4);
INSERT INTO history_checklist_items (section_id, text, sort_order) VALUES ('hist-p1-ci-cl-1.4', 'I can explain the economic factors that contributed to the genocide.', 1);
INSERT INTO history_checklist_items (section_id, text, sort_order) VALUES ('hist-p1-ci-cl-1.4', 'I can describe the impact of coffee price collapse and SAPs on Rwandan society.', 2);
INSERT INTO history_checklist_items (section_id, text, sort_order) VALUES ('hist-p1-ci-cl-1.4', 'I can analyse the role of the colonial legacy in creating conditions for genocide.', 3);
INSERT INTO history_checklist_items (section_id, text, sort_order) VALUES ('hist-p1-ci-cl-1.4', 'I can discuss population pressure as a contributing factor.', 4);
INSERT INTO history_checklist_items (section_id, text, sort_order) VALUES ('hist-p1-ci-cl-1.4', 'I can evaluate the relative importance of economic vs. ethnic causes.', 5);
INSERT OR IGNORE INTO history_checklist_sections (id, title, color, unit, sort_order) VALUES ('hist-p1-ci-cl-1.5', '1.5 — Rwandan Civil War (1990--93) and Assassination of Habyarimana (1994)', '#C4A36A', 'P1-CI', 5);
INSERT INTO history_checklist_items (section_id, text, sort_order) VALUES ('hist-p1-ci-cl-1.5', 'I can describe the RPF invasion and the Rwandan Civil War (1990--93).', 1);
INSERT INTO history_checklist_items (section_id, text, sort_order) VALUES ('hist-p1-ci-cl-1.5', 'I can explain the Arusha Accords and why they were opposed by extremists.', 2);
INSERT INTO history_checklist_items (section_id, text, sort_order) VALUES ('hist-p1-ci-cl-1.5', 'I can analyse the assassination of Habyarimana as the trigger for the genocide.', 3);
INSERT INTO history_checklist_items (section_id, text, sort_order) VALUES ('hist-p1-ci-cl-1.5', 'I can evaluate whether the genocide was inevitable or could have been prevented.', 4);
INSERT INTO history_checklist_items (section_id, text, sort_order) VALUES ('hist-p1-ci-cl-1.5', 'I can discuss who was responsible for shooting down the plane (contested).', 5);
INSERT OR IGNORE INTO history_checklist_sections (id, title, color, unit, sort_order) VALUES ('hist-p1-ci-cl-1.6', '1.6 — Actions of the RPF and Rwandan Government; Nature of the Genocide', '#C4A36A', 'P1-CI', 6);
INSERT INTO history_checklist_items (section_id, text, sort_order) VALUES ('hist-p1-ci-cl-1.6', 'I can describe the nature and scale of the Rwandan genocide.', 1);
INSERT INTO history_checklist_items (section_id, text, sort_order) VALUES ('hist-p1-ci-cl-1.6', 'I can explain the methods used by the perpetrators.', 2);
INSERT INTO history_checklist_items (section_id, text, sort_order) VALUES ('hist-p1-ci-cl-1.6', 'I can discuss the systematic use of sexual violence as a weapon.', 3);
INSERT INTO history_checklist_items (section_id, text, sort_order) VALUES ('hist-p1-ci-cl-1.6', 'I can analyse the role of the RPF in ending the genocide.', 4);
INSERT INTO history_checklist_items (section_id, text, sort_order) VALUES ('hist-p1-ci-cl-1.6', 'I can evaluate the targeting of moderate Hutus alongside Tutsis.', 5);
INSERT OR IGNORE INTO history_checklist_sections (id, title, color, unit, sort_order) VALUES ('hist-p1-ci-cl-1.7', '1.7 — Response of the International Community; UNAMIR; Reasons for', '#C4A36A', 'P1-CI', 7);
INSERT INTO history_checklist_items (section_id, text, sort_order) VALUES ('hist-p1-ci-cl-1.7', 'I can describe UNAMIR''s mandate and limitations.', 1);
INSERT INTO history_checklist_items (section_id, text, sort_order) VALUES ('hist-p1-ci-cl-1.7', 'I can explain the significance of Dallaire''s genocide fax.', 2);
INSERT INTO history_checklist_items (section_id, text, sort_order) VALUES ('hist-p1-ci-cl-1.7', 'I can analyse the reasons for international inaction during the genocide.', 3);
INSERT INTO history_checklist_items (section_id, text, sort_order) VALUES ('hist-p1-ci-cl-1.7', 'I can discuss the roles of the US, Belgium, and France.', 4);
INSERT INTO history_checklist_items (section_id, text, sort_order) VALUES ('hist-p1-ci-cl-1.7', 'I can evaluate whether international intervention could have prevented or reduced the genocide.', 5);
INSERT OR IGNORE INTO history_checklist_sections (id, title, color, unit, sort_order) VALUES ('hist-p1-ci-cl-1.8', '1.8 — Social Impact: Refugee Crisis; Justice and Reconciliation', '#C4A36A', 'P1-CI', 8);
INSERT INTO history_checklist_items (section_id, text, sort_order) VALUES ('hist-p1-ci-cl-1.8', 'I can describe the refugee crisis and its regional consequences.', 1);
INSERT INTO history_checklist_items (section_id, text, sort_order) VALUES ('hist-p1-ci-cl-1.8', 'I can explain the Gacaca court system and its strengths and weaknesses.', 2);
INSERT INTO history_checklist_items (section_id, text, sort_order) VALUES ('hist-p1-ci-cl-1.8', 'I can analyse the work of the ICTR.', 3);
INSERT INTO history_checklist_items (section_id, text, sort_order) VALUES ('hist-p1-ci-cl-1.8', 'I can discuss the social impact of the genocide on Rwandan society.', 4);
INSERT INTO history_checklist_items (section_id, text, sort_order) VALUES ('hist-p1-ci-cl-1.8', 'I can evaluate the effectiveness of post-genocide reconciliation efforts.', 5);
INSERT OR IGNORE INTO history_checklist_sections (id, title, color, unit, sort_order) VALUES ('hist-p1-ci-cl-1.9', '1.9 — Political and Economic Impact; RPF-Led Governments; Continued', '#C4A36A', 'P1-CI', 9);
INSERT INTO history_checklist_items (section_id, text, sort_order) VALUES ('hist-p1-ci-cl-1.9', 'I can describe the political situation in Rwanda after the genocide.', 1);
INSERT INTO history_checklist_items (section_id, text, sort_order) VALUES ('hist-p1-ci-cl-1.9', 'I can explain Rwanda''s involvement in the DRC conflicts.', 2);
INSERT INTO history_checklist_items (section_id, text, sort_order) VALUES ('hist-p1-ci-cl-1.9', 'I can analyse the RPF government''s achievements and criticisms.', 3);
INSERT INTO history_checklist_items (section_id, text, sort_order) VALUES ('hist-p1-ci-cl-1.9', 'I can discuss the establishment of the ICC and Rwanda''s role in its creation.', 4);
INSERT INTO history_checklist_items (section_id, text, sort_order) VALUES ('hist-p1-ci-cl-1.9', 'I can evaluate the long-term consequences of the genocide for the region.', 5);
INSERT OR IGNORE INTO history_checklist_sections (id, title, color, unit, sort_order) VALUES ('hist-p1-ci-cl-2.1', '2.1 — Ethnic Tensions Between Serbs and Kosovar Albanians', '#C4A36A', 'P1-CI', 10);
INSERT INTO history_checklist_items (section_id, text, sort_order) VALUES ('hist-p1-ci-cl-2.1', 'I can describe the ethnic composition of Kosovo and the nature of tensions.', 1);
INSERT INTO history_checklist_items (section_id, text, sort_order) VALUES ('hist-p1-ci-cl-2.1', 'I can explain the historical significance of Kosovo for Serbian identity.', 2);
INSERT INTO history_checklist_items (section_id, text, sort_order) VALUES ('hist-p1-ci-cl-2.1', 'I can analyse the 1974 Constitution and its impact on Kosovo''s autonomy.', 3);
INSERT INTO history_checklist_items (section_id, text, sort_order) VALUES ('hist-p1-ci-cl-2.1', 'I can discuss the rise of Albanian nationalism in Kosovo.', 4);
INSERT INTO history_checklist_items (section_id, text, sort_order) VALUES ('hist-p1-ci-cl-2.1', 'I can evaluate the extent to which ethnic tensions were driven by historical or political factors.', 5);
INSERT OR IGNORE INTO history_checklist_sections (id, title, color, unit, sort_order) VALUES ('hist-p1-ci-cl-2.2', '2.2 — Political Causes: Constitutional Reforms (1989--94); Repression', '#C4A36A', 'P1-CI', 11);
INSERT INTO history_checklist_items (section_id, text, sort_order) VALUES ('hist-p1-ci-cl-2.2', 'I can explain Milosevic''s revocation of Kosovo''s autonomy and its consequences.', 1);
INSERT INTO history_checklist_items (section_id, text, sort_order) VALUES ('hist-p1-ci-cl-2.2', 'I can describe the repression of Kosovar Albanians after 1989.', 2);
INSERT INTO history_checklist_items (section_id, text, sort_order) VALUES ('hist-p1-ci-cl-2.2', 'I can analyse Rugova''s strategy of non-violent resistance.', 3);
INSERT INTO history_checklist_items (section_id, text, sort_order) VALUES ('hist-p1-ci-cl-2.2', 'I can discuss the parallel institutions created by Kosovar Albanians.', 4);
INSERT INTO history_checklist_items (section_id, text, sort_order) VALUES ('hist-p1-ci-cl-2.2', 'I can evaluate whether peaceful resistance was effective in Kosovo.', 5);
INSERT OR IGNORE INTO history_checklist_sections (id, title, color, unit, sort_order) VALUES ('hist-p1-ci-cl-2.3', '2.3 — Role of Ibrahim Rugova and Non-Violent Resistance', '#C4A36A', 'P1-CI', 12);
INSERT INTO history_checklist_items (section_id, text, sort_order) VALUES ('hist-p1-ci-cl-2.3', 'I can describe Rugova''s philosophy and strategy of non-violent resistance.', 1);
INSERT INTO history_checklist_items (section_id, text, sort_order) VALUES ('hist-p1-ci-cl-2.3', 'I can explain the shadow republic and parallel institutions.', 2);
INSERT INTO history_checklist_items (section_id, text, sort_order) VALUES ('hist-p1-ci-cl-2.3', 'I can analyse why non-violent resistance ultimately failed to resolve the Kosovo issue.', 3);
INSERT INTO history_checklist_items (section_id, text, sort_order) VALUES ('hist-p1-ci-cl-2.3', 'I can discuss the impact of the Dayton Accords on Kosovar Albanian strategy.', 4);
INSERT INTO history_checklist_items (section_id, text, sort_order) VALUES ('hist-p1-ci-cl-2.3', 'I can evaluate the significance of Rugova compared to the KLA approach.', 5);
INSERT OR IGNORE INTO history_checklist_sections (id, title, color, unit, sort_order) VALUES ('hist-p1-ci-cl-2.4', '2.4 — Kosovo Liberation Army (KLA) and Serbian Response', '#C4A36A', 'P1-CI', 13);
INSERT INTO history_checklist_items (section_id, text, sort_order) VALUES ('hist-p1-ci-cl-2.4', 'I can describe the formation and growth of the KLA.', 1);
INSERT INTO history_checklist_items (section_id, text, sort_order) VALUES ('hist-p1-ci-cl-2.4', 'I can explain the KLA''s methods and how they differed from Rugova''s approach.', 2);
INSERT INTO history_checklist_items (section_id, text, sort_order) VALUES ('hist-p1-ci-cl-2.4', 'I can analyse the Serbian government''s response to the KLA insurgency.', 3);
INSERT INTO history_checklist_items (section_id, text, sort_order) VALUES ('hist-p1-ci-cl-2.4', 'I can discuss the Drenica massacres and their significance.', 4);
INSERT INTO history_checklist_items (section_id, text, sort_order) VALUES ('hist-p1-ci-cl-2.4', 'I can evaluate the cycle of violence between the KLA and Serbian forces.', 5);
INSERT OR IGNORE INTO history_checklist_sections (id, title, color, unit, sort_order) VALUES ('hist-p1-ci-cl-2.5', '2.5 — Ethnic Cleansing and Crimes Against Humanity; Račak Massacre', '#C4A36A', 'P1-CI', 14);
INSERT INTO history_checklist_items (section_id, text, sort_order) VALUES ('hist-p1-ci-cl-2.5', 'I can describe the nature of ethnic cleansing in Kosovo.', 1);
INSERT INTO history_checklist_items (section_id, text, sort_order) VALUES ('hist-p1-ci-cl-2.5', 'I can explain the significance of the Račak massacre.', 2);
INSERT INTO history_checklist_items (section_id, text, sort_order) VALUES ('hist-p1-ci-cl-2.5', 'I can analyse the Rambouillet negotiations and their failure.', 3);
INSERT INTO history_checklist_items (section_id, text, sort_order) VALUES ('hist-p1-ci-cl-2.5', 'I can discuss the escalation of ethnic cleansing during the NATO bombing campaign.', 4);
INSERT INTO history_checklist_items (section_id, text, sort_order) VALUES ('hist-p1-ci-cl-2.5', 'I can evaluate the international response to crimes against humanity in Kosovo.', 5);
INSERT OR IGNORE INTO history_checklist_sections (id, title, color, unit, sort_order) VALUES ('hist-p1-ci-cl-2.6', '2.6 — Response of the International Community; NATO Bombing; KFOR', '#C4A36A', 'P1-CI', 15);
INSERT INTO history_checklist_items (section_id, text, sort_order) VALUES ('hist-p1-ci-cl-2.6', 'I can describe the NATO bombing campaign and its justification.', 1);
INSERT INTO history_checklist_items (section_id, text, sort_order) VALUES ('hist-p1-ci-cl-2.6', 'I can explain the controversy over NATO''s bypassing of the UN Security Council.', 2);
INSERT INTO history_checklist_items (section_id, text, sort_order) VALUES ('hist-p1-ci-cl-2.6', 'I can analyse the effectiveness of the bombing campaign.', 3);
INSERT INTO history_checklist_items (section_id, text, sort_order) VALUES ('hist-p1-ci-cl-2.6', 'I can discuss the role of KFOR and UNMIK in post-war Kosovo.', 4);
INSERT INTO history_checklist_items (section_id, text, sort_order) VALUES ('hist-p1-ci-cl-2.6', 'I can evaluate the legality and morality of NATO''s intervention.', 5);
INSERT OR IGNORE INTO history_checklist_sections (id, title, color, unit, sort_order) VALUES ('hist-p1-ci-cl-2.7', '2.7 — Social and Economic Consequences; Refugee Crisis; Damage to', '#C4A36A', 'P1-CI', 16);
INSERT INTO history_checklist_items (section_id, text, sort_order) VALUES ('hist-p1-ci-cl-2.7', 'I can describe the scale of the refugee crisis and displacement.', 1);
INSERT INTO history_checklist_items (section_id, text, sort_order) VALUES ('hist-p1-ci-cl-2.7', 'I can explain the social and economic consequences of the conflict.', 2);
INSERT INTO history_checklist_items (section_id, text, sort_order) VALUES ('hist-p1-ci-cl-2.7', 'I can analyse the impact on infrastructure and economic development.', 3);
INSERT INTO history_checklist_items (section_id, text, sort_order) VALUES ('hist-p1-ci-cl-2.7', 'I can discuss the post-war displacement of Kosovo Serbs.', 4);
INSERT INTO history_checklist_items (section_id, text, sort_order) VALUES ('hist-p1-ci-cl-2.7', 'I can evaluate the long-term social consequences of the conflict.', 5);
INSERT OR IGNORE INTO history_checklist_sections (id, title, color, unit, sort_order) VALUES ('hist-p1-ci-cl-2.8', '2.8 — Political Impact in Kosovo; Election of Ibrahim Rugova (2002)', '#C4A36A', 'P1-CI', 17);
INSERT INTO history_checklist_items (section_id, text, sort_order) VALUES ('hist-p1-ci-cl-2.8', 'I can describe the political transition in post-war Kosovo.', 1);
INSERT INTO history_checklist_items (section_id, text, sort_order) VALUES ('hist-p1-ci-cl-2.8', 'I can explain the significance of Rugova''s election as president in 2002.', 2);
INSERT INTO history_checklist_items (section_id, text, sort_order) VALUES ('hist-p1-ci-cl-2.8', 'I can analyse the ''standards before status'' policy.', 3);
INSERT INTO history_checklist_items (section_id, text, sort_order) VALUES ('hist-p1-ci-cl-2.8', 'I can discuss the unresolved question of Kosovo''s political status.', 4);
INSERT INTO history_checklist_items (section_id, text, sort_order) VALUES ('hist-p1-ci-cl-2.8', 'I can evaluate the effectiveness of UNMIK governance.', 5);
INSERT OR IGNORE INTO history_checklist_sections (id, title, color, unit, sort_order) VALUES ('hist-p1-ci-cl-2.9', '2.9 — ICTY; Indictment of Milosevic; International Reaction', '#C4A36A', 'P1-CI', 18);
INSERT INTO history_checklist_items (section_id, text, sort_order) VALUES ('hist-p1-ci-cl-2.9', 'I can describe the ICTY and its purpose.', 1);
INSERT INTO history_checklist_items (section_id, text, sort_order) VALUES ('hist-p1-ci-cl-2.9', 'I can explain the significance of Milosevic''s indictment.', 2);
INSERT INTO history_checklist_items (section_id, text, sort_order) VALUES ('hist-p1-ci-cl-2.9', 'I can analyse the impact of the ICTY on international justice.', 3);
INSERT INTO history_checklist_items (section_id, text, sort_order) VALUES ('hist-p1-ci-cl-2.9', 'I can discuss the fall of Milosevic and his trial.', 4);
INSERT INTO history_checklist_items (section_id, text, sort_order) VALUES ('hist-p1-ci-cl-2.9', 'I can evaluate the strengths and limitations of international tribunals.', 5);

-- Flashcard topics & cards
INSERT OR IGNORE INTO history_flashcard_topics (id, label, color, unit, sort_order) VALUES ('hist-p1-ci-fc-1.1', '1.1 Ethnic Tensions in Rwanda: Hutu and Tutsi Relations', '#C4A36A', 'P1-CI', 1);
INSERT INTO history_flashcards (topic_id, term, definition, sort_order) VALUES ('hist-p1-ci-fc-1.1', 'Hutu', 'Majority ethnic group in Rwanda (~85%); historically farmers; held power from 1962 independence until 1994 genocide.', 1);
INSERT INTO history_flashcards (topic_id, term, definition, sort_order) VALUES ('hist-p1-ci-fc-1.1', 'Tutsi', 'Minority ethnic group (~14%); historically associated with cattle-keeping and pre-colonial aristocracy; targeted in the 1994 genocide.', 2);
INSERT INTO history_flashcards (topic_id, term, definition, sort_order) VALUES ('hist-p1-ci-fc-1.1', 'Twa', 'Smallest ethnic group (~1%); indigenous forest-dwelling people; often marginalised in Rwandan politics. Colonial manipulation of Belgian colonisers institutionalised ethnicity Hutu-Tutsi divisions through identity cards (1933), racial classification, and preferential treatment of Tutsis, then later switched to supporting Hutus.', 3);
INSERT INTO history_flashcards (topic_id, term, definition, sort_order) VALUES ('hist-p1-ci-fc-1.1', 'Hutu Revolution (1959--61)', 'Hutu uprising against Tutsi monarchy; thousands of Tutsis killed or exiled; established Hutu-dominated republic.', 4);
INSERT INTO history_flashcards (topic_id, term, definition, sort_order) VALUES ('hist-p1-ci-fc-1.1', 'Identity cards', 'Introduced by Belgians in 1933; classified all Rwandans as Hutu, Tutsi, or Twa; used during the genocide to identify victims. ☑', 5);
INSERT OR IGNORE INTO history_flashcard_topics (id, label, color, unit, sort_order) VALUES ('hist-p1-ci-fc-1.2', '1.2 Creation of the Hutu Power Movement and the Interahamwe', '#C4A36A', 'P1-CI', 2);
INSERT INTO history_flashcards (topic_id, term, definition, sort_order) VALUES ('hist-p1-ci-fc-1.2', 'Hutu Power', 'Extremist political ideology promoting Hutu supremacy; sought the elimination of Tutsi ''threat''; key driver of the genocide. Interahamwe (''Those who Hutu militia group, youth wing of the attack together'') MRND party; trained and armed by the government; primary perpetrators of the genocide. Impuzamugambi (''Those who Militia linked to the Coalition for the have the same goal'') Defence of the Republic (CDR); another key perpetrator group in the genocide. Hutu Ten Commandments Published in Kangura newspaper; (1990) portrayed all Tutsis as enemies; called for Hutu vigilance and separation from Tutsis. MRND (National Revolutionary President Habyarimana''s ruling party; Movement for Development) created the Interahamwe militias and promoted Hutu Power ideology.', 1);
INSERT INTO history_flashcards (topic_id, term, definition, sort_order) VALUES ('hist-p1-ci-fc-1.2', 'Akazu (''Little House'')', 'Inner circle of Hutu Power extremists around Habyarimana and his wife; believed to have planned and orchestrated the genocide. ☑', 2);
INSERT OR IGNORE INTO history_flashcard_topics (id, label, color, unit, sort_order) VALUES ('hist-p1-ci-fc-1.3', '1.3 Role of the Media in Rwanda', '#C4A36A', 'P1-CI', 3);
INSERT INTO history_flashcards (topic_id, term, definition, sort_order) VALUES ('hist-p1-ci-fc-1.3', 'Kangura newspaper', 'Hutu Power newspaper that published the Hutu Ten Commandments and virulent anti-Tutsi propaganda.', 1);
INSERT INTO history_flashcards (topic_id, term, definition, sort_order) VALUES ('hist-p1-ci-fc-1.3', '''Cut down the tall trees''', 'RTLM coded language instructing Hutus to kill Tutsis; ''tall trees'' was a reference to Tutsis, who were stereotypically portrayed as taller.', 2);
INSERT INTO history_flashcards (topic_id, term, definition, sort_order) VALUES ('hist-p1-ci-fc-1.3', '''Cockroaches'' (Inyenzi)', 'Dehumanising term used by Hutu Power media to describe Tutsis; dehumanisation was a key step toward genocide.', 3);
INSERT INTO history_flashcards (topic_id, term, definition, sort_order) VALUES ('hist-p1-ci-fc-1.3', 'Propaganda techniques', 'Dehumanisation, fear-mongering, conspiracy theories about Tutsi plots, glorification of Hutu identity, calls to ''self-defence''. ☑', 4);
INSERT OR IGNORE INTO history_flashcard_topics (id, label, color, unit, sort_order) VALUES ('hist-p1-ci-fc-1.4', '1.4 Other Causes: Economic Situation and Colonial Legacy', '#C4A36A', 'P1-CI', 4);
INSERT INTO history_flashcards (topic_id, term, definition, sort_order) VALUES ('hist-p1-ci-fc-1.4', 'Population pressure', 'Rwanda was one of Africa''s most densely populated countries; competition for land intensified ethnic tensions.', 1);
INSERT INTO history_flashcards (topic_id, term, definition, sort_order) VALUES ('hist-p1-ci-fc-1.4', 'Colonial legacy', 'Belgian divide-and-rule policies created the framework of ethnic hatred; post-colonial Hutu governments continued ethnic discrimination against Tutsis. Habyarimana regime One-party Hutu-dominated state; (1973--94) increasing corruption, economic decline, and resistance to power-sharing fuelled extremism. ☑', 2);
INSERT OR IGNORE INTO history_flashcard_topics (id, label, color, unit, sort_order) VALUES ('hist-p1-ci-fc-1.5', '1.5 Rwandan Civil War (1990--93) and Assassination of Habyarimana (1994)', '#C4A36A', 'P1-CI', 5);
INSERT INTO history_flashcards (topic_id, term, definition, sort_order) VALUES ('hist-p1-ci-fc-1.5', 'RPF invasion (October 1990)', 'RPF attack from Uganda; triggered increased repression of Tutsis inside Rwanda and radicalisation of Hutu Power. Arusha Accords (August Peace agreement between Habyarimana 1993) government and RPF; provided for power-sharing and integration of RPF into the army; opposed by Hutu extremists. Assassination of Habyarimana President''s plane shot down over (6 April 1994) Kigali airport; also killed Burundian President Ntaryamira; served as the trigger for the genocide.', 1);
INSERT INTO history_flashcards (topic_id, term, definition, sort_order) VALUES ('hist-p1-ci-fc-1.5', 'Trigger of the genocide', 'Within hours of Habyarimana''s assassination, roadblocks were set up and systematic killing of Tutsis and moderate Hutus began. ☑', 2);
INSERT OR IGNORE INTO history_flashcard_topics (id, label, color, unit, sort_order) VALUES ('hist-p1-ci-fc-1.6', '1.6 Actions of the RPF and Rwandan Government; Nature of the Genocide', '#C4A36A', 'P1-CI', 6);
INSERT INTO history_flashcards (topic_id, term, definition, sort_order) VALUES ('hist-p1-ci-fc-1.6', 'Speed of the genocide', 'Approximately 800,000--1,000,000 Tutsis and moderate Hutus killed in approximately 100 days (April--July 1994).', 1);
INSERT INTO history_flashcards (topic_id, term, definition, sort_order) VALUES ('hist-p1-ci-fc-1.6', 'Methods of killing', 'Primarily machetes, clubs, and other improvised weapons; mass killings at churches, schools, and roadblocks; neighbours killed neighbours.', 2);
INSERT INTO history_flashcards (topic_id, term, definition, sort_order) VALUES ('hist-p1-ci-fc-1.6', 'War rape', 'Systematic sexual violence against Tutsi women as a weapon of genocide; estimated 250,000--500,000 women raped.', 3);
INSERT INTO history_flashcards (topic_id, term, definition, sort_order) VALUES ('hist-p1-ci-fc-1.6', 'Moderate Hutus targeted', 'Hutus who opposed the genocide or sheltered Tutsis were also killed; PM Agathe Uwilingiyimana assassinated on 7 April.', 4);
INSERT INTO history_flashcards (topic_id, term, definition, sort_order) VALUES ('hist-p1-ci-fc-1.6', 'RPF advance', 'RPF forces fought their way from the northeast; gradually took control of Rwanda; ended the genocide by capturing Kigali in July 1994.', 5);
INSERT INTO history_flashcards (topic_id, term, definition, sort_order) VALUES ('hist-p1-ci-fc-1.6', 'Paul Kagame', 'RPF military commander; led the forces that ended the genocide; became president of Rwanda (2000--present). ☑', 6);
INSERT OR IGNORE INTO history_flashcard_topics (id, label, color, unit, sort_order) VALUES ('hist-p1-ci-fc-1.7', '1.7 Response of the International Community; UNAMIR; Reasons for', '#C4A36A', 'P1-CI', 7);
INSERT INTO history_flashcards (topic_id, term, definition, sort_order) VALUES ('hist-p1-ci-fc-1.7', 'General Roméo Dallaire', 'Canadian commander of UNAMIR; warned of genocide in January 1994 ''genocide fax'' but was denied permission to act.', 1);
INSERT INTO history_flashcards (topic_id, term, definition, sort_order) VALUES ('hist-p1-ci-fc-1.7', 'Genocide fax (January 1994)', 'Dallaire''s warning to UN headquarters about weapons caches and planned extermination of Tutsis; UN refused to authorise action.', 2);
INSERT INTO history_flashcards (topic_id, term, definition, sort_order) VALUES ('hist-p1-ci-fc-1.7', 'US reluctance', 'After Somalia debacle (1993), the US avoided involvement; Clinton administration refused to use the word ''genocide'' to avoid legal obligation to intervene.', 3);
INSERT INTO history_flashcards (topic_id, term, definition, sort_order) VALUES ('hist-p1-ci-fc-1.7', 'Belgian withdrawal', 'After 10 Belgian peacekeepers were murdered on 7 April, Belgium withdrew its forces from UNAMIR, fatally weakening the mission. Opération Turquoise French military intervention; (June--August 1994) ostensibly humanitarian but controversial; France had previously supported the Habyarimana government. Security Council Resolution Reduced UNAMIR from 2,500 to 270 troops 912 at the height of the genocide (21 April 1994). ☑', 4);
INSERT OR IGNORE INTO history_flashcard_topics (id, label, color, unit, sort_order) VALUES ('hist-p1-ci-fc-1.8', '1.8 Social Impact: Refugee Crisis; Justice and Reconciliation', '#C4A36A', 'P1-CI', 8);
INSERT INTO history_flashcards (topic_id, term, definition, sort_order) VALUES ('hist-p1-ci-fc-1.8', 'Refugee crisis (1994)', 'Over 2 million Hutus (including génocidaires) fled to neighbouring countries, especially eastern Zaire (DRC); refugee camps became bases for militants.', 1);
INSERT INTO history_flashcards (topic_id, term, definition, sort_order) VALUES ('hist-p1-ci-fc-1.8', 'Gacaca courts', 'Community-based justice system used to try hundreds of thousands of genocide suspects; aimed to combine justice with reconciliation. International Criminal UN tribunal established in Arusha, Tribunal for Rwanda (ICTR) Tanzania (1994); tried senior leaders for genocide; convicted key figures including PM Jean Kambanda.', 2);
INSERT INTO history_flashcards (topic_id, term, definition, sort_order) VALUES ('hist-p1-ci-fc-1.8', 'Social trauma', 'Hundreds of thousands of orphans, widows, survivors of sexual violence; destroyed social fabric; long-term psychological impact.', 3);
INSERT INTO history_flashcards (topic_id, term, definition, sort_order) VALUES ('hist-p1-ci-fc-1.8', 'Reconciliation efforts', 'Government promoted national unity; removed ethnic identity from ID cards; emphasised ''Rwandan'' identity over ethnic labels. ☑', 4);
INSERT OR IGNORE INTO history_flashcard_topics (id, label, color, unit, sort_order) VALUES ('hist-p1-ci-fc-1.9', '1.9 Political and Economic Impact; RPF-Led Governments; Continued', '#C4A36A', 'P1-CI', 9);
INSERT INTO history_flashcards (topic_id, term, definition, sort_order) VALUES ('hist-p1-ci-fc-1.9', 'RPF government', 'Paul Kagame''s RPF-led government has ruled Rwanda since 1994; credited with stability and economic growth but criticised for authoritarianism.', 1);
INSERT INTO history_flashcards (topic_id, term, definition, sort_order) VALUES ('hist-p1-ci-fc-1.9', 'First Congo War (1996--97)', 'Rwanda (and Uganda) invaded Zaire to dismantle Hutu militia camps and overthrow Mobutu; installed Laurent-Désiré Kabila as president. Second Congo War Rwandan forces intervened again in DRC; (1998--2003) deadliest conflict since WWII; estimated 5.4 million excess deaths. Rwandan economic Post-genocide Rwanda achieved development significant economic growth, poverty reduction, and development under Kagame; but at the cost of political freedom. International Criminal Court Established by the Rome Statute (1998); (ICC) permanent court to prosecute genocide, war crimes, and crimes against humanity; inspired partly by Rwanda and Yugoslavia. ☑', 2);
INSERT OR IGNORE INTO history_flashcard_topics (id, label, color, unit, sort_order) VALUES ('hist-p1-ci-fc-2.1', '2.1 Ethnic Tensions Between Serbs and Kosovar Albanians', '#C4A36A', 'P1-CI', 10);
INSERT INTO history_flashcards (topic_id, term, definition, sort_order) VALUES ('hist-p1-ci-fc-2.1', 'Kosovo', 'Province of Serbia; approximately 90% ethnic Albanian population; considered sacred by Serbs due to the 1389 Battle of Kosovo.', 1);
INSERT INTO history_flashcards (topic_id, term, definition, sort_order) VALUES ('hist-p1-ci-fc-2.1', 'Battle of Kosovo (1389)', 'Medieval battle between Serbs and Ottomans; foundation of Serbian national mythology; used to justify Serbian claims to Kosovo.', 2);
INSERT INTO history_flashcards (topic_id, term, definition, sort_order) VALUES ('hist-p1-ci-fc-2.1', 'Kosovar Albanians', 'Ethnic Albanian majority population of Kosovo; predominantly Muslim; sought autonomy or independence from Serbia.', 3);
INSERT INTO history_flashcards (topic_id, term, definition, sort_order) VALUES ('hist-p1-ci-fc-2.1', '1974 Yugoslav Constitution', 'Granted Kosovo significant autonomy within Yugoslavia; had its own government, assembly, and representation in federal institutions.', 4);
INSERT INTO history_flashcards (topic_id, term, definition, sort_order) VALUES ('hist-p1-ci-fc-2.1', 'Rising Albanian nationalism', 'Growing demands for Kosovo to become a full republic within Yugoslavia, not just an autonomous province of Serbia.', 5);
INSERT INTO history_flashcards (topic_id, term, definition, sort_order) VALUES ('hist-p1-ci-fc-2.1', 'Serbian minority in Kosovo', '~10% of Kosovo''s population; viewed with increasing resentment by some Kosovar Albanians; their perceived mistreatment was exploited by Serb nationalists. ☑', 6);
INSERT OR IGNORE INTO history_flashcard_topics (id, label, color, unit, sort_order) VALUES ('hist-p1-ci-fc-2.2', '2.2 Political Causes: Constitutional Reforms (1989--94); Repression', '#C4A36A', 'P1-CI', 11);
INSERT INTO history_flashcards (topic_id, term, definition, sort_order) VALUES ('hist-p1-ci-fc-2.2', 'Slobodan Milosevic', 'Serbian and Yugoslav president; revoked Kosovo''s autonomy in 1989; used Serbian nationalism to consolidate power; indicted for war crimes. Revocation of Kosovo''s Milosevic stripped Kosovo of its autonomy (1989) autonomous status; imposed direct Serbian rule; Albanian language and institutions suppressed. Milosevic''s Gazimestan Speech at the 600th anniversary of the speech (1989) Battle of Kosovo; widely interpreted as promoting Serbian nationalism and warning of future conflicts. Apartheid-like system in After 1989: Albanians dismissed from Kosovo public sector jobs, Albanian-language schools and university closed, health care restricted.', 1);
INSERT INTO history_flashcards (topic_id, term, definition, sort_order) VALUES ('hist-p1-ci-fc-2.2', 'Ibrahim Rugova', 'Leader of the Democratic League of Kosovo (LDK); advocated peaceful, non-violent resistance to Serbian rule; ''Gandhi of the Balkans''.', 2);
INSERT INTO history_flashcards (topic_id, term, definition, sort_order) VALUES ('hist-p1-ci-fc-2.2', 'Parallel institutions', 'Kosovar Albanians created shadow government, schools, and healthcare system to operate independently of Serbian state. ☑', 3);
INSERT OR IGNORE INTO history_flashcard_topics (id, label, color, unit, sort_order) VALUES ('hist-p1-ci-fc-2.3', '2.3 Role of Ibrahim Rugova and Non-Violent Resistance', '#C4A36A', 'P1-CI', 12);
INSERT INTO history_flashcards (topic_id, term, definition, sort_order) VALUES ('hist-p1-ci-fc-2.3', 'Ibrahim Rugova (1944--2006)', 'Leader of the LDK; declared Kosovo independent in 1991 (unrecognised); elected president of shadow republic; advocated exclusively peaceful methods. Democratic League of Kosovo Major Kosovar Albanian political party; (LDK) led non-violent resistance movement under Rugova.', 1);
INSERT INTO history_flashcards (topic_id, term, definition, sort_order) VALUES ('hist-p1-ci-fc-2.3', 'Shadow Republic of Kosovo', 'Parallel state structures including schools, healthcare, taxation; maintained Albanian civil society under Serbian repression.', 2);
INSERT INTO history_flashcards (topic_id, term, definition, sort_order) VALUES ('hist-p1-ci-fc-2.3', 'Dayton Accords (1995)', 'Peace agreement ending the Bosnian War; Kosovo was not addressed, leading to Kosovar Albanian disillusionment with peaceful methods. Failure of non-violence to Despite years of peaceful resistance, gain international support the international community largely ignored Kosovo''s situation; contributed to the rise of the KLA. ☑', 3);
INSERT OR IGNORE INTO history_flashcard_topics (id, label, color, unit, sort_order) VALUES ('hist-p1-ci-fc-2.4', '2.4 Kosovo Liberation Army (KLA) and Serbian Response', '#C4A36A', 'P1-CI', 13);
INSERT INTO history_flashcards (topic_id, term, definition, sort_order) VALUES ('hist-p1-ci-fc-2.4', 'KLA tactics', 'Guerrilla warfare, attacks on Serbian police and officials; initially small but gained mass support after Serbian reprisals against civilians.', 1);
INSERT INTO history_flashcards (topic_id, term, definition, sort_order) VALUES ('hist-p1-ci-fc-2.4', 'Serbian counter-insurgency', 'Disproportionate Serbian military and police operations against Albanian civilians; destroyed villages; created massive displacement.', 2);
INSERT INTO history_flashcards (topic_id, term, definition, sort_order) VALUES ('hist-p1-ci-fc-2.4', 'Drenica massacres (1998)', 'Serbian security forces killed dozens of Albanian civilians in the Drenica region; galvanised international attention.', 3);
INSERT INTO history_flashcards (topic_id, term, definition, sort_order) VALUES ('hist-p1-ci-fc-2.4', 'Albanian arms crisis (1997)', 'Collapse of pyramid schemes in Albania led to chaos and looting of military arsenals; weapons flowed to the KLA. ☑', 4);
INSERT OR IGNORE INTO history_flashcard_topics (id, label, color, unit, sort_order) VALUES ('hist-p1-ci-fc-2.5', '2.5 Ethnic Cleansing and Crimes Against Humanity; Račak Massacre', '#C4A36A', 'P1-CI', 14);
INSERT INTO history_flashcards (topic_id, term, definition, sort_order) VALUES ('hist-p1-ci-fc-2.5', 'Ethnic cleansing in Kosovo', 'Systematic Serbian campaign to expel Kosovar Albanians; destruction of villages, mass displacement, killings, sexual violence. Račak massacre (15 January Serbian security forces killed 45 1999) Albanian civilians in the village of Račak; became a key catalyst for NATO intervention.', 1);
INSERT INTO history_flashcards (topic_id, term, definition, sort_order) VALUES ('hist-p1-ci-fc-2.5', 'William Walker', 'US diplomat and OSCE verification mission head who declared Račak a ''crime against humanity''; galvanised international response. Rambouillet negotiations Failed peace talks; Serbia refused to (Feb--March 1999) accept NATO peacekeepers in Kosovo; provided the political justification for NATO bombing.', 2);
INSERT INTO history_flashcards (topic_id, term, definition, sort_order) VALUES ('hist-p1-ci-fc-2.5', 'Operation Horseshoe', 'Alleged Serbian plan for the systematic expulsion of Kosovar Albanians; scale of ethnic cleansing accelerated after NATO bombing began. ☑', 3);
INSERT OR IGNORE INTO history_flashcard_topics (id, label, color, unit, sort_order) VALUES ('hist-p1-ci-fc-2.6', '2.6 Response of the International Community; NATO Bombing; KFOR', '#C4A36A', 'P1-CI', 15);
INSERT INTO history_flashcards (topic_id, term, definition, sort_order) VALUES ('hist-p1-ci-fc-2.6', 'KFOR (Kosovo Force)', 'NATO-led peacekeeping force deployed to Kosovo after the war; maintained security and supervised Serbian withdrawal. UN Security Council Ended the conflict; placed Kosovo under Resolution 1244 (June 1999) UN administration (UNMIK); authorised KFOR deployment; maintained Serbian sovereignty in theory.', 1);
INSERT INTO history_flashcards (topic_id, term, definition, sort_order) VALUES ('hist-p1-ci-fc-2.6', 'UNMIK', 'United Nations Interim Administration Mission in Kosovo; governed Kosovo from 1999 until Kosovo''s independence declaration in 2008. ☑', 2);
INSERT OR IGNORE INTO history_flashcard_topics (id, label, color, unit, sort_order) VALUES ('hist-p1-ci-fc-2.7', '2.7 Social and Economic Consequences; Refugee Crisis; Damage to', '#C4A36A', 'P1-CI', 16);
INSERT INTO history_flashcards (topic_id, term, definition, sort_order) VALUES ('hist-p1-ci-fc-2.7', 'Kosovo refugee crisis', 'Nearly 1 million Kosovar Albanians displaced during the conflict; mostly to Albania, Macedonia, and Montenegro.', 1);
INSERT INTO history_flashcards (topic_id, term, definition, sort_order) VALUES ('hist-p1-ci-fc-2.7', 'Return of refugees', 'After NATO intervention, most Albanian refugees returned; but approximately 200,000 Serbs and Roma fled Kosovo.', 2);
INSERT INTO history_flashcards (topic_id, term, definition, sort_order) VALUES ('hist-p1-ci-fc-2.7', 'Infrastructure destruction', 'Extensive damage to homes, schools, hospitals, and infrastructure from both Serbian forces and NATO bombing.', 3);
INSERT INTO history_flashcards (topic_id, term, definition, sort_order) VALUES ('hist-p1-ci-fc-2.7', 'Economic devastation', 'Kosovo''s already weak economy further damaged; high unemployment; dependence on international aid.', 4);
INSERT INTO history_flashcards (topic_id, term, definition, sort_order) VALUES ('hist-p1-ci-fc-2.7', 'Reverse ethnic cleansing', 'After the war, Kosovar Albanians attacked remaining Serbian communities; destruction of Serbian churches and cultural sites. ☑', 5);
INSERT OR IGNORE INTO history_flashcard_topics (id, label, color, unit, sort_order) VALUES ('hist-p1-ci-fc-2.8', '2.8 Political Impact in Kosovo; Election of Ibrahim Rugova (2002)', '#C4A36A', 'P1-CI', 17);
INSERT INTO history_flashcards (topic_id, term, definition, sort_order) VALUES ('hist-p1-ci-fc-2.8', 'UNMIK governance', 'UN administration governed Kosovo from 1999; gradually transferred power to local institutions.', 1);
INSERT INTO history_flashcards (topic_id, term, definition, sort_order) VALUES ('hist-p1-ci-fc-2.8', 'Kosovo elections (2001--02)', 'First democratic elections under UNMIK; Ibrahim Rugova elected president of Kosovo in 2002. Rugova as president Led Kosovo through early years of (2002--06) self-governance; continued to advocate for independence through peaceful means.', 2);
INSERT INTO history_flashcards (topic_id, term, definition, sort_order) VALUES ('hist-p1-ci-fc-2.8', 'Kosovo''s status question', 'Contested: Kosovar Albanians sought full independence; Serbia insisted Kosovo remained its province; resolved by unilateral declaration in 2008. Standards before status International community required Kosovo policy to meet governance standards before its final political status would be determined. ☑', 3);
INSERT OR IGNORE INTO history_flashcard_topics (id, label, color, unit, sort_order) VALUES ('hist-p1-ci-fc-2.9', '2.9 ICTY; Indictment of Milosevic; International Reaction', '#C4A36A', 'P1-CI', 18);
INSERT INTO history_flashcards (topic_id, term, definition, sort_order) VALUES ('hist-p1-ci-fc-2.9', 'Milosevic trial', 'Began in 2002; Milosevic defended himself; died in custody in 2006 before a verdict was reached. Fall of Milosevic (October Popular uprising (Bulldozer Revolution) 2000) overthrew Milosevic; he was later extradited to The Hague. Significance of ICTY for Established precedents for prosecuting international justice heads of state; demonstrated accountability for war crimes; but also criticised for being slow and selective. ☑', 1);

-- MCQ questions
INSERT OR IGNORE INTO history_mcq_questions (id, category, difficulty, unit, question_text, option_a, option_b, option_c, option_d, correct_option, explanation, sort_order) VALUES ('hist-p1-mcq-001', '1.1 Ethnic Tensions in Rwanda: Hutu and Tutsi Relations', 'SL/HL', 'P1-CI', 'The Belgian colonial administration deepened Hutu-Tutsi divisions by:', 'Treating all ethnic groups equally', 'Introducing identity cards and racial classification that institutionalised ethnic categories', 'Abolishing all ethnic distinctions', 'Allowing democratic self-governance', 1, 'See mark scheme for detailed explanation.', 2);
INSERT OR IGNORE INTO history_mcq_questions (id, category, difficulty, unit, question_text, option_a, option_b, option_c, option_d, correct_option, explanation, sort_order) VALUES ('hist-p1-mcq-002', '1.1 Ethnic Tensions in Rwanda: Hutu and Tutsi Relations', 'SL/HL', 'P1-CI', 'The Hutu Revolution (1959--61) resulted in:', 'A multi-ethnic democracy', 'The overthrow of Tutsi monarchy and mass exile of Tutsis', 'Belgian recolonisation', 'A Tutsi-dominated republic', 1, 'See mark scheme for detailed explanation.', 3);
INSERT OR IGNORE INTO history_mcq_questions (id, category, difficulty, unit, question_text, option_a, option_b, option_c, option_d, correct_option, explanation, sort_order) VALUES ('hist-p1-mcq-003', '1.1 Ethnic Tensions in Rwanda: Hutu and Tutsi Relations', 'SL/HL', 'P1-CI', 'Which group constituted the majority of Rwanda''s population?', 'Tutsi', 'Twa', 'Hutu', 'Belgian settlers', 2, 'See mark scheme for detailed explanation.', 4);
INSERT OR IGNORE INTO history_mcq_questions (id, category, difficulty, unit, question_text, option_a, option_b, option_c, option_d, correct_option, explanation, sort_order) VALUES ('hist-p1-mcq-004', '1.1 Ethnic Tensions in Rwanda: Hutu and Tutsi Relations', 'SL/HL', 'P1-CI', 'Identity cards were significant in the genocide because:', 'They proved Rwandan citizenship', 'They were used to identify and target Tutsi victims', 'They were voluntary documents', 'They showed educational qualifications', 1, 'See mark scheme for detailed explanation.', 5);
INSERT OR IGNORE INTO history_mcq_questions (id, category, difficulty, unit, question_text, option_a, option_b, option_c, option_d, correct_option, explanation, sort_order) VALUES ('hist-p1-mcq-005', '1.2 Creation of the Hutu Power Movement and the Interahamwe', 'SL/HL', 'P1-CI', 'The Interahamwe were:', 'A Tutsi rebel group', 'A Hutu militia trained and armed by the government to carry out killings', 'A United Nations peacekeeping force', 'A Belgian colonial police force', 1, 'See mark scheme for detailed explanation.', 6);
INSERT OR IGNORE INTO history_mcq_questions (id, category, difficulty, unit, question_text, option_a, option_b, option_c, option_d, correct_option, explanation, sort_order) VALUES ('hist-p1-mcq-006', '1.2 Creation of the Hutu Power Movement and the Interahamwe', 'SL/HL', 'P1-CI', 'The Hutu Ten Commandments (1990) were significant because they:', 'Called for peace between Hutus and Tutsis', 'Portrayed all Tutsis as enemies and called for Hutu separation from them', 'Were part of the Arusha Accords', 'Were published by the United Nations', 1, 'See mark scheme for detailed explanation.', 7);
INSERT OR IGNORE INTO history_mcq_questions (id, category, difficulty, unit, question_text, option_a, option_b, option_c, option_d, correct_option, explanation, sort_order) VALUES ('hist-p1-mcq-007', '1.2 Creation of the Hutu Power Movement and the Interahamwe', 'SL/HL', 'P1-CI', 'The Akazu were:', 'International mediators', 'An inner circle of Hutu Power extremists believed to have planned the genocide', 'Moderate Hutu politicians', 'Tutsi military leaders', 1, 'See mark scheme for detailed explanation.', 8);
INSERT OR IGNORE INTO history_mcq_questions (id, category, difficulty, unit, question_text, option_a, option_b, option_c, option_d, correct_option, explanation, sort_order) VALUES ('hist-p1-mcq-008', '1.3 Role of the Media in Rwanda', 'SL/HL', 'P1-CI', 'RTLM was significant during the genocide because it:', 'Called for peace and reconciliation', 'Broadcast hate propaganda, identified Tutsi targets, and coordinated killings', 'Was a Tutsi-controlled media outlet', 'Was operated by the United Nations', 1, 'See mark scheme for detailed explanation.', 9);
INSERT OR IGNORE INTO history_mcq_questions (id, category, difficulty, unit, question_text, option_a, option_b, option_c, option_d, correct_option, explanation, sort_order) VALUES ('hist-p1-mcq-009', '1.3 Role of the Media in Rwanda', 'SL/HL', 'P1-CI', 'Calling Tutsis ''cockroaches'' (Inyenzi) was an example of:', 'Cultural respect', 'Dehumanisation designed to make killing psychologically easier', 'Accurate biological classification', 'A term of endearment', 1, 'See mark scheme for detailed explanation.', 10);
INSERT OR IGNORE INTO history_mcq_questions (id, category, difficulty, unit, question_text, option_a, option_b, option_c, option_d, correct_option, explanation, sort_order) VALUES ('hist-p1-mcq-010', '1.3 Role of the Media in Rwanda', 'SL/HL', 'P1-CI', 'The role of media in the Rwandan genocide demonstrates that:', 'Media has no influence on violence', 'Propaganda and media can be powerful tools for inciting and coordinating mass violence', 'Only print media can influence public opinion', 'Radio technology was not available in Rwanda', 1, 'See mark scheme for detailed explanation.', 11);
INSERT OR IGNORE INTO history_mcq_questions (id, category, difficulty, unit, question_text, option_a, option_b, option_c, option_d, correct_option, explanation, sort_order) VALUES ('hist-p1-mcq-011', '1.4 Other Causes: Economic Situation and Colonial Legacy', 'SL/HL', 'P1-CI', 'The collapse of coffee prices in the late 1980s contributed to the genocide by:', 'Making Rwanda wealthier', 'Causing economic crisis and social frustration that elites channelled into ethnic hatred', 'Improving relations between Hutus and Tutsis', 'Leading to increased foreign investment', 1, 'See mark scheme for detailed explanation.', 12);
INSERT OR IGNORE INTO history_mcq_questions (id, category, difficulty, unit, question_text, option_a, option_b, option_c, option_d, correct_option, explanation, sort_order) VALUES ('hist-p1-mcq-012', '1.4 Other Causes: Economic Situation and Colonial Legacy', 'SL/HL', 'P1-CI', 'The colonial legacy contributed to the genocide primarily through:', 'Providing economic development', 'Institutionalising ethnic divisions that post-colonial governments exploited', 'Promoting multi-ethnic democracy', 'Withdrawing all colonial infrastructure', 1, 'See mark scheme for detailed explanation.', 13);
INSERT OR IGNORE INTO history_mcq_questions (id, category, difficulty, unit, question_text, option_a, option_b, option_c, option_d, correct_option, explanation, sort_order) VALUES ('hist-p1-mcq-013', '1.5 Rwandan Civil War (1990--93) and Assassination of Habyarimana (1994)', 'SL/HL', 'P1-CI', 'The Arusha Accords (1993) were significant because they:', 'Ended the genocide', 'Proposed power-sharing between the Hutu government and RPF, which Hutu extremists opposed', 'Were rejected by the RPF', 'Were imposed by France', 1, 'See mark scheme for detailed explanation.', 14);
INSERT OR IGNORE INTO history_mcq_questions (id, category, difficulty, unit, question_text, option_a, option_b, option_c, option_d, correct_option, explanation, sort_order) VALUES ('hist-p1-mcq-014', '1.5 Rwandan Civil War (1990--93) and Assassination of Habyarimana (1994)', 'SL/HL', 'P1-CI', 'The assassination of Habyarimana (6 April 1994) was significant because:', 'It ended the civil war peacefully', 'It served as the immediate trigger for the genocide', 'It was carried out by the United Nations', 'It led to democratic elections', 1, 'See mark scheme for detailed explanation.', 15);
INSERT OR IGNORE INTO history_mcq_questions (id, category, difficulty, unit, question_text, option_a, option_b, option_c, option_d, correct_option, explanation, sort_order) VALUES ('hist-p1-mcq-015', '1.5 Rwandan Civil War (1990--93) and Assassination of Habyarimana (1994)', 'SL/HL', 'P1-CI', 'The RPF invasion of 1990 contributed to the genocide by:', 'Bringing peace to Rwanda', 'Increasing Hutu extremist fear and hatred of Tutsis', 'Establishing a Tutsi government immediately', 'Ending colonial rule', 1, 'See mark scheme for detailed explanation.', 16);
INSERT OR IGNORE INTO history_mcq_questions (id, category, difficulty, unit, question_text, option_a, option_b, option_c, option_d, correct_option, explanation, sort_order) VALUES ('hist-p1-mcq-016', '1.6 Actions of the RPF and Rwandan Government; Nature of the Genocide', 'SL/HL', 'P1-CI', 'The Rwandan genocide killed approximately:', '10,000 people', '100,000 people', '800,000--1,000,000 people', '5 million people', 2, 'See mark scheme for detailed explanation.', 17);
INSERT OR IGNORE INTO history_mcq_questions (id, category, difficulty, unit, question_text, option_a, option_b, option_c, option_d, correct_option, explanation, sort_order) VALUES ('hist-p1-mcq-017', '1.6 Actions of the RPF and Rwandan Government; Nature of the Genocide', 'SL/HL', 'P1-CI', 'The genocide was primarily carried out using:', 'Advanced military weapons', 'Nuclear weapons', 'Machetes, clubs, and improvised weapons with mass participation', 'Air strikes', 2, 'See mark scheme for detailed explanation.', 18);
INSERT OR IGNORE INTO history_mcq_questions (id, category, difficulty, unit, question_text, option_a, option_b, option_c, option_d, correct_option, explanation, sort_order) VALUES ('hist-p1-mcq-018', '1.6 Actions of the RPF and Rwandan Government; Nature of the Genocide', 'SL/HL', 'P1-CI', 'The genocide ended primarily because:', 'The UN sent a large peacekeeping force', 'The Interahamwe surrendered voluntarily', 'The RPF military advance captured Kigali in July 1994', 'France invaded Rwanda', 2, 'See mark scheme for detailed explanation.', 19);
INSERT OR IGNORE INTO history_mcq_questions (id, category, difficulty, unit, question_text, option_a, option_b, option_c, option_d, correct_option, explanation, sort_order) VALUES ('hist-p1-mcq-019', '1.7 Response of the International Community; UNAMIR; Reasons for', 'SL/HL', 'P1-CI', 'Dallaire''s ''genocide fax'' (January 1994) was significant because:', 'It led to immediate UN intervention', 'It warned of planned genocide but was ignored by UN headquarters', 'It called for the withdrawal of UN forces', 'It was sent after the genocide began', 1, 'See mark scheme for detailed explanation.', 20);
INSERT OR IGNORE INTO history_mcq_questions (id, category, difficulty, unit, question_text, option_a, option_b, option_c, option_d, correct_option, explanation, sort_order) VALUES ('hist-p1-mcq-020', '1.7 Response of the International Community; UNAMIR; Reasons for', 'SL/HL', 'P1-CI', 'The UN Security Council reduced UNAMIR forces during the genocide because:', 'The genocide had ended', 'Member states were unwilling to risk troops; the Belgian withdrawal after peacekeepers were killed prompted the reduction', 'Rwanda requested it', 'The RPF controlled the country', 1, 'See mark scheme for detailed explanation.', 21);
INSERT OR IGNORE INTO history_mcq_questions (id, category, difficulty, unit, question_text, option_a, option_b, option_c, option_d, correct_option, explanation, sort_order) VALUES ('hist-p1-mcq-021', '1.7 Response of the International Community; UNAMIR; Reasons for', 'SL/HL', 'P1-CI', 'The US avoided using the word ''genocide'' during the crisis because:', 'There was no evidence of genocide occurring', 'Using the term would create a legal obligation under the Genocide Convention to intervene', 'The US supported the Hutu government', 'It was a translation error', 1, 'See mark scheme for detailed explanation.', 22);
INSERT OR IGNORE INTO history_mcq_questions (id, category, difficulty, unit, question_text, option_a, option_b, option_c, option_d, correct_option, explanation, sort_order) VALUES ('hist-p1-mcq-022', '1.7 Response of the International Community; UNAMIR; Reasons for', 'SL/HL', 'P1-CI', 'Opération Turquoise was controversial because:', 'It was a successful humanitarian mission with no complications', 'France had previously supported the Habyarimana government, raising questions about its motives', 'It was carried out by the RPF', 'It prevented all civilian casualties', 1, 'See mark scheme for detailed explanation.', 23);
INSERT OR IGNORE INTO history_mcq_questions (id, category, difficulty, unit, question_text, option_a, option_b, option_c, option_d, correct_option, explanation, sort_order) VALUES ('hist-p1-mcq-023', '1.8 Social Impact: Refugee Crisis; Justice and Reconciliation', 'SL/HL', 'P1-CI', 'The Gacaca courts were:', 'International criminal tribunals', 'Community-based courts used to try genocide suspects and promote reconciliation', 'Military courts', 'Colonial-era courts restored by the government', 1, 'See mark scheme for detailed explanation.', 24);
INSERT OR IGNORE INTO history_mcq_questions (id, category, difficulty, unit, question_text, option_a, option_b, option_c, option_d, correct_option, explanation, sort_order) VALUES ('hist-p1-mcq-024', '1.8 Social Impact: Refugee Crisis; Justice and Reconciliation', 'SL/HL', 'P1-CI', 'The ICTR was significant because:', 'It was the first international tribunal to convict a head of government (PM Kambanda) for genocide', 'It tried all genocide suspects in Rwanda', 'It was based in Kigali', 'It was established before the genocide began', 0, 'See mark scheme for detailed explanation.', 25);
INSERT OR IGNORE INTO history_mcq_questions (id, category, difficulty, unit, question_text, option_a, option_b, option_c, option_d, correct_option, explanation, sort_order) VALUES ('hist-p1-mcq-025', '1.9 Political and Economic Impact; RPF-Led Governments; Continued', 'SL/HL', 'P1-CI', 'Rwanda''s involvement in the DRC was primarily motivated by:', 'A desire to colonise the DRC', 'The need to dismantle Hutu militia camps in eastern Zaire and ensure security', 'UN requests for intervention', 'Economic cooperation agreements', 1, 'See mark scheme for detailed explanation.', 26);
INSERT OR IGNORE INTO history_mcq_questions (id, category, difficulty, unit, question_text, option_a, option_b, option_c, option_d, correct_option, explanation, sort_order) VALUES ('hist-p1-mcq-026', '1.9 Political and Economic Impact; RPF-Led Governments; Continued', 'SL/HL', 'P1-CI', 'The ICC was established partly as a response to:', 'World War I', 'The failures of international justice in Rwanda and Yugoslavia', 'The Cold War', 'European colonial expansion', 1, 'See mark scheme for detailed explanation.', 27);
INSERT OR IGNORE INTO history_mcq_questions (id, category, difficulty, unit, question_text, option_a, option_b, option_c, option_d, correct_option, explanation, sort_order) VALUES ('hist-p1-mcq-027', '2.1 Ethnic Tensions Between Serbs and Kosovar Albanians', 'SL/HL', 'P1-CI', 'The 1974 Yugoslav Constitution was significant for Kosovo because it:', 'Abolished Kosovo as a political entity', 'Granted Kosovo significant autonomy within Yugoslavia', 'Made Kosovo an independent state', 'Gave Serbs complete control over Kosovo', 1, 'See mark scheme for detailed explanation.', 28);
INSERT OR IGNORE INTO history_mcq_questions (id, category, difficulty, unit, question_text, option_a, option_b, option_c, option_d, correct_option, explanation, sort_order) VALUES ('hist-p1-mcq-028', '2.1 Ethnic Tensions Between Serbs and Kosovar Albanians', 'SL/HL', 'P1-CI', 'The Battle of Kosovo (1389) was important in the context of the 1990s conflict because:', 'It was the immediate cause of the war', 'It was central to Serbian national mythology and used to justify claims to Kosovo', 'Albanian nationalists used it to claim independence', 'It was irrelevant to modern politics', 1, 'See mark scheme for detailed explanation.', 29);
INSERT OR IGNORE INTO history_mcq_questions (id, category, difficulty, unit, question_text, option_a, option_b, option_c, option_d, correct_option, explanation, sort_order) VALUES ('hist-p1-mcq-029', '2.2 Political Causes: Constitutional Reforms (1989--94); Repression', 'SL/HL', 'P1-CI', 'Milosevic revoked Kosovo''s autonomy in 1989 primarily to:', 'Promote Albanian rights', 'Consolidate his power using Serbian nationalism', 'Comply with international demands', 'Implement democratic reforms', 1, 'See mark scheme for detailed explanation.', 30);
INSERT OR IGNORE INTO history_mcq_questions (id, category, difficulty, unit, question_text, option_a, option_b, option_c, option_d, correct_option, explanation, sort_order) VALUES ('hist-p1-mcq-030', '2.2 Political Causes: Constitutional Reforms (1989--94); Repression', 'SL/HL', 'P1-CI', 'Ibrahim Rugova''s strategy was:', 'Armed resistance against Serbia', 'Peaceful, non-violent resistance and creation of parallel Albanian institutions', 'Alliance with Milosevic', 'Emigration of all Kosovar Albanians', 1, 'See mark scheme for detailed explanation.', 31);
INSERT OR IGNORE INTO history_mcq_questions (id, category, difficulty, unit, question_text, option_a, option_b, option_c, option_d, correct_option, explanation, sort_order) VALUES ('hist-p1-mcq-031', '2.2 Political Causes: Constitutional Reforms (1989--94); Repression', 'SL/HL', 'P1-CI', 'After 1989, Kosovar Albanians experienced:', 'Greater autonomy and freedom', 'Dismissal from public sector jobs, closure of Albanian schools, and systematic repression', 'Democratic elections', 'Economic prosperity', 1, 'See mark scheme for detailed explanation.', 32);
INSERT OR IGNORE INTO history_mcq_questions (id, category, difficulty, unit, question_text, option_a, option_b, option_c, option_d, correct_option, explanation, sort_order) VALUES ('hist-p1-mcq-032', '2.3 Role of Ibrahim Rugova and Non-Violent Resistance', 'SL/HL', 'P1-CI', 'The Dayton Accords (1995) affected Kosovo because:', 'They resolved the Kosovo conflict', 'They ignored Kosovo entirely, disillusioning Kosovar Albanians with peaceful methods', 'They granted Kosovo independence', 'They strengthened Rugova''s position', 1, 'See mark scheme for detailed explanation.', 33);
INSERT OR IGNORE INTO history_mcq_questions (id, category, difficulty, unit, question_text, option_a, option_b, option_c, option_d, correct_option, explanation, sort_order) VALUES ('hist-p1-mcq-033', '2.3 Role of Ibrahim Rugova and Non-Violent Resistance', 'SL/HL', 'P1-CI', 'Rugova''s non-violent strategy ultimately lost support among Kosovar Albanians because:', 'It was too violent', 'Years of peaceful resistance failed to gain meaningful international attention or change on the ground', 'Milosevic agreed to all Albanian demands', 'The UN endorsed violence', 1, 'See mark scheme for detailed explanation.', 34);
INSERT OR IGNORE INTO history_mcq_questions (id, category, difficulty, unit, question_text, option_a, option_b, option_c, option_d, correct_option, explanation, sort_order) VALUES ('hist-p1-mcq-034', '2.4 Kosovo Liberation Army (KLA) and Serbian Response', 'SL/HL', 'P1-CI', 'The KLA gained mass support primarily because:', 'Rugova endorsed armed resistance', 'Serbian disproportionate reprisals against Albanian civilians radicalised the population', 'The UN armed the KLA', 'NATO requested their formation', 1, 'See mark scheme for detailed explanation.', 35);
INSERT OR IGNORE INTO history_mcq_questions (id, category, difficulty, unit, question_text, option_a, option_b, option_c, option_d, correct_option, explanation, sort_order) VALUES ('hist-p1-mcq-035', '2.4 Kosovo Liberation Army (KLA) and Serbian Response', 'SL/HL', 'P1-CI', 'The Drenica massacres (1998) were significant because they:', 'Ended the conflict', 'Drew international attention to Serbian atrocities against Albanian civilians', 'Were carried out by the KLA', 'Had no international impact', 1, 'See mark scheme for detailed explanation.', 36);
INSERT OR IGNORE INTO history_mcq_questions (id, category, difficulty, unit, question_text, option_a, option_b, option_c, option_d, correct_option, explanation, sort_order) VALUES ('hist-p1-mcq-036', '2.5 Ethnic Cleansing and Crimes Against Humanity; Račak Massacre', 'SL/HL', 'P1-CI', 'The Račak massacre (1999) was significant because:', 'It ended the Kosovo conflict', 'It was a key catalyst that led to NATO''s decision to intervene militarily', 'It was carried out by the KLA', 'It had no impact on international policy', 1, 'See mark scheme for detailed explanation.', 37);
INSERT OR IGNORE INTO history_mcq_questions (id, category, difficulty, unit, question_text, option_a, option_b, option_c, option_d, correct_option, explanation, sort_order) VALUES ('hist-p1-mcq-037', '2.5 Ethnic Cleansing and Crimes Against Humanity; Račak Massacre', 'SL/HL', 'P1-CI', 'The Rambouillet negotiations failed because:', 'The Kosovar Albanians refused all terms', 'Serbia refused to accept NATO peacekeepers on its territory', 'NATO refused to participate', 'Both sides agreed immediately', 1, 'See mark scheme for detailed explanation.', 38);
INSERT OR IGNORE INTO history_mcq_questions (id, category, difficulty, unit, question_text, option_a, option_b, option_c, option_d, correct_option, explanation, sort_order) VALUES ('hist-p1-mcq-038', '2.6 Response of the International Community; NATO Bombing; KFOR', 'SL/HL', 'P1-CI', 'NATO''s bombing campaign was controversial because:', 'It was authorised by the UN Security Council', 'It bypassed the UN Security Council, raising questions about its legality under international law', 'Serbia had asked for NATO intervention', 'It lasted only one day', 1, 'See mark scheme for detailed explanation.', 39);
INSERT OR IGNORE INTO history_mcq_questions (id, category, difficulty, unit, question_text, option_a, option_b, option_c, option_d, correct_option, explanation, sort_order) VALUES ('hist-p1-mcq-039', '2.6 Response of the International Community; NATO Bombing; KFOR', 'SL/HL', 'P1-CI', 'Resolution 1244 (1999):', 'Recognised Kosovo''s independence', 'Placed Kosovo under UN administration while maintaining nominal Serbian sovereignty', 'Authorised the genocide', 'Was vetoed by Russia', 1, 'See mark scheme for detailed explanation.', 40);
INSERT OR IGNORE INTO history_mcq_questions (id, category, difficulty, unit, question_text, option_a, option_b, option_c, option_d, correct_option, explanation, sort_order) VALUES ('hist-p1-mcq-040', '2.6 Response of the International Community; NATO Bombing; KFOR', 'SL/HL', 'P1-CI', 'KFOR''s role in Kosovo was to:', 'Support Serbian military operations', 'Maintain security and supervise Serbian withdrawal from Kosovo', 'Carry out the NATO bombing campaign', 'Administer elections in Serbia', 1, 'See mark scheme for detailed explanation.', 41);
INSERT OR IGNORE INTO history_mcq_questions (id, category, difficulty, unit, question_text, option_a, option_b, option_c, option_d, correct_option, explanation, sort_order) VALUES ('hist-p1-mcq-041', '2.7 Social and Economic Consequences; Refugee Crisis; Damage to', 'SL/HL', 'P1-CI', 'The Kosovo refugee crisis involved approximately:', '10,000 displaced people', '100,000 displaced people', 'Nearly 1 million displaced Kosovar Albanians', '5 million displaced people', 2, 'See mark scheme for detailed explanation.', 42);
INSERT OR IGNORE INTO history_mcq_questions (id, category, difficulty, unit, question_text, option_a, option_b, option_c, option_d, correct_option, explanation, sort_order) VALUES ('hist-p1-mcq-042', '2.7 Social and Economic Consequences; Refugee Crisis; Damage to', 'SL/HL', 'P1-CI', 'After the war, Kosovo''s Serbian minority:', 'Remained fully integrated into society', 'Faced revenge attacks and many fled; approximately 200,000 Serbs were displaced', 'Gained political control of Kosovo', 'Were protected by the Serbian army', 1, 'See mark scheme for detailed explanation.', 43);
INSERT OR IGNORE INTO history_mcq_questions (id, category, difficulty, unit, question_text, option_a, option_b, option_c, option_d, correct_option, explanation, sort_order) VALUES ('hist-p1-mcq-043', '2.8 Political Impact in Kosovo; Election of Ibrahim Rugova (2002)', 'SL/HL', 'P1-CI', 'Ibrahim Rugova''s election as president in 2002 was significant because:', 'It led to immediate Kosovo independence', 'It represented a democratic transition and return to Rugova''s peaceful approach', 'Serbia endorsed his presidency', 'It ended the UNMIK mission', 1, 'See mark scheme for detailed explanation.', 44);
INSERT OR IGNORE INTO history_mcq_questions (id, category, difficulty, unit, question_text, option_a, option_b, option_c, option_d, correct_option, explanation, sort_order) VALUES ('hist-p1-mcq-044', '2.8 Political Impact in Kosovo; Election of Ibrahim Rugova (2002)', 'SL/HL', 'P1-CI', 'The ''standards before status'' policy meant:', 'Kosovo would immediately become independent', 'Kosovo had to meet governance standards before its political status would be determined', 'Serbia would decide Kosovo''s future', 'NATO would permanently govern Kosovo', 1, 'See mark scheme for detailed explanation.', 45);
INSERT OR IGNORE INTO history_mcq_questions (id, category, difficulty, unit, question_text, option_a, option_b, option_c, option_d, correct_option, explanation, sort_order) VALUES ('hist-p1-mcq-045', '2.9 ICTY; Indictment of Milosevic; International Reaction', 'SL/HL', 'P1-CI', 'Milosevic''s indictment was historically significant because:', 'He was the first person ever charged with a crime', 'He was the first sitting head of state to be indicted for war crimes by an international tribunal', 'He was immediately convicted', 'The charges were dropped', 1, 'See mark scheme for detailed explanation.', 46);
INSERT OR IGNORE INTO history_mcq_questions (id, category, difficulty, unit, question_text, option_a, option_b, option_c, option_d, correct_option, explanation, sort_order) VALUES ('hist-p1-mcq-046', '2.9 ICTY; Indictment of Milosevic; International Reaction', 'SL/HL', 'P1-CI', 'A key limitation of the ICTY was:', 'It had unlimited funding and time', 'Milosevic died before a verdict was reached, and proceedings were criticised as slow', 'It only prosecuted minor figures', 'It was based in Kosovo', 1, 'See mark scheme for detailed explanation.', 47);

-- Written questions (9 marks)
INSERT OR IGNORE INTO history_written_questions (id, category, difficulty, question_type, unit, marks, question_text, mark_scheme, sort_order) VALUES ('hist-p1-wq-001', '1.1 Ethnic Tensions in Rwanda: Hutu and Tutsi Relations', 'SL/HL', 'short_answer', 'P1-CI', 9, 'Evaluate the role of ethnic tensions as a cause of the Rwandan genocide.', '• Pre-colonial context: Hutu and Tutsi as social/economic categories; debate over whether they were distinct ethnic groups or class distinctions.
• Colonial impact: Belgian racial policies, identity cards, preferential treatment; hardening of ethnic boundaries.
• Post-independence: Hutu Revolution, anti-Tutsi violence, cycles of exile and return.
• Counter-arguments: ethnicity was manipulated by politicians; economic and political factors also crucial.
• Band 4 (7-9): Nuanced analysis considering both the construction and instrumentalisation of ethnicity.', 2);
INSERT OR IGNORE INTO history_written_questions (id, category, difficulty, question_type, unit, marks, question_text, mark_scheme, sort_order) VALUES ('hist-p1-wq-002', '1.2 Creation of the Hutu Power Movement and the Interahamwe', 'SL/HL', 'short_answer', 'P1-CI', 9, 'To what extent was the Rwandan genocide planned in advance?', '• Evidence of planning: creation and arming of Interahamwe, distribution of weapons, Hutu Power propaganda, death lists.
• Role of Akazu and political elite in organising infrastructure of genocide.
• Counter-arguments: some argue it was a spontaneous response to Habyarimana''s assassination; opportunistic local violence.
• Significance of the media (Radio Mille Collines) in coordination.
• Band 4 (7-9): Balanced evaluation with specific evidence for both planned and spontaneous elements.', 3);
INSERT OR IGNORE INTO history_written_questions (id, category, difficulty, question_type, unit, marks, question_text, mark_scheme, sort_order) VALUES ('hist-p1-wq-003', '1.3 Role of the Media in Rwanda', 'SL/HL', 'short_answer', 'P1-CI', 9, 'Evaluate the role of the media in the Rwandan genocide.', '• RTLM: hate broadcasts, target identification, coordination of killings, coded language.
• Kangura: Hutu Ten Commandments, long-term radicalisation.
• Techniques: dehumanisation, fear-mongering, calls to ''self-defence''.
• Effectiveness: reached wide audience in largely illiterate society; radio was trusted medium.
• Counter-argument: media was one factor among many; killings also occurred in areas with limited radio access.
• Band 4 (7-9): Analytical evaluation of media''s role relative to other causes.', 4);
INSERT OR IGNORE INTO history_written_questions (id, category, difficulty, question_type, unit, marks, question_text, mark_scheme, sort_order) VALUES ('hist-p1-wq-004', '1.4 Other Causes: Economic Situation and Colonial Legacy', 'SL/HL', 'short_answer', 'P1-CI', 9, 'Evaluate the importance of economic factors as causes of the Rwandan genocide.', '• Economic crisis: coffee price collapse, SAPs, unemployment, poverty.
• Link to violence: elites scapegoated Tutsis for economic problems; land competition.
• Colonial legacy: economic inequalities rooted in colonial structures.
• Counter-argument: economic factors alone don''t explain genocide; political manipulation and ideology were essential.
• Band 4 (7-9): Balanced analysis weighing economic against political and ethnic factors.', 5);
INSERT OR IGNORE INTO history_written_questions (id, category, difficulty, question_type, unit, marks, question_text, mark_scheme, sort_order) VALUES ('hist-p1-wq-005', '1.5 Rwandan Civil War (1990--93) and Assassination of Habyarimana (1994)', 'SL/HL', 'short_answer', 'P1-CI', 9, 'Evaluate the significance of the Rwandan Civil War (1990--93) and the Arusha Accords as causes of the genocide.', '• Civil War: RPF invasion increased anti-Tutsi sentiment; radicalised Hutu Power movement.
• Arusha Accords: power-sharing threatened Hutu extremists'' grip on power; motivated them to plan genocide as alternative.
• Assassination: immediate trigger; speed of response suggests pre-planning.
• Counter-argument: long-term ethnic tensions and propaganda were more fundamental causes.
• Band 4 (7-9): Clear analysis linking short-term triggers to long-term causes.', 6);
INSERT OR IGNORE INTO history_written_questions (id, category, difficulty, question_type, unit, marks, question_text, mark_scheme, sort_order) VALUES ('hist-p1-wq-006', '1.6 Actions of the RPF and Rwandan Government; Nature of the Genocide', 'SL/HL', 'short_answer', 'P1-CI', 9, 'Examine the nature of the Rwandan genocide and the crimes against humanity committed.', '• Scale: 800,000--1,000,000 killed in ~100 days; one of the fastest genocides in history.
• Methods: mass participation, roadblocks, neighbour-on-neighbour violence, churches as killing sites.
• Sexual violence: systematic war rape as deliberate strategy.
• Targeting: both Tutsis and moderate Hutus; political assassination of PM Uwilingiyimana.
• Band 4 (7-9): Detailed, sensitive analysis of the nature and scale of atrocities.', 7);
INSERT OR IGNORE INTO history_written_questions (id, category, difficulty, question_type, unit, marks, question_text, mark_scheme, sort_order) VALUES ('hist-p1-wq-007', '1.7 Response of the International Community; UNAMIR; Reasons for', 'SL/HL', 'short_answer', 'P1-CI', 9, 'Evaluate the response of the international community to the Rwandan genocide.', '• UNAMIR: understaffed, restrictive mandate, Dallaire''s warnings ignored, forces reduced during genocide.
• US: Somalia syndrome, refusal to use ''genocide'', blocked UN action.
• Belgium: withdrawal after peacekeepers killed; fatally weakened UNAMIR.
• France: Opération Turquoise; controversial given prior support for Hutu government.
• Evaluation: catastrophic failure; intervention could have saved hundreds of thousands of lives.
• Band 4 (7-9): Multi-actor analysis with clear evaluation of responsibility and alternatives.', 8);
INSERT OR IGNORE INTO history_written_questions (id, category, difficulty, question_type, unit, marks, question_text, mark_scheme, sort_order) VALUES ('hist-p1-wq-008', '1.8 Social Impact: Refugee Crisis; Justice and Reconciliation', 'SL/HL', 'short_answer', 'P1-CI', 9, 'Evaluate the effectiveness of justice and reconciliation efforts in post-genocide Rwanda.', '• ICTR: convicted senior leaders; established legal precedents; but slow and expensive.
• Gacaca: processed hundreds of thousands of cases; community participation; but concerns about due process.
• Reconciliation: removal of ethnic IDs, emphasis on national unity; but critics argue it suppresses genuine discussion.
• Ongoing challenges: trauma, social divisions, political repression under Kagame.
• Band 4 (7-9): Balanced evaluation of multiple approaches to justice and reconciliation.', 9);
INSERT OR IGNORE INTO history_written_questions (id, category, difficulty, question_type, unit, marks, question_text, mark_scheme, sort_order) VALUES ('hist-p1-wq-009', '1.9 Political and Economic Impact; RPF-Led Governments; Continued', 'SL/HL', 'short_answer', 'P1-CI', 9, 'Evaluate the political and economic impact of the genocide on Rwanda and the wider region.', '• Rwanda: RPF government; political stability but authoritarianism; economic development.
• Regional impact: Congo Wars; destabilisation of DRC; millions of deaths.
• International impact: ICTR established precedents; inspired creation of ICC.
• Long-term: tension between development and human rights; unresolved ethnic issues.
• Band 4 (7-9): Analysis of both domestic and regional consequences with evaluation.', 10);
INSERT OR IGNORE INTO history_written_questions (id, category, difficulty, question_type, unit, marks, question_text, mark_scheme, sort_order) VALUES ('hist-p1-wq-010', '2.1 Ethnic Tensions Between Serbs and Kosovar Albanians', 'SL/HL', 'short_answer', 'P1-CI', 9, 'Evaluate the causes of ethnic tension between Serbs and Kosovar Albanians.', '• Historical: Battle of Kosovo mythology; Ottoman period; different religious and cultural identities.
• Constitutional: 1974 autonomy; demographic shift; competing nationalisms.
• Political: manipulation of ethnic fears by political leaders on both sides.
• Economic: underdevelopment of Kosovo; competition for resources and opportunities.
• Band 4 (7-9): Multi-causal analysis with evaluation of the relative importance of different factors.', 11);
INSERT OR IGNORE INTO history_written_questions (id, category, difficulty, question_type, unit, marks, question_text, mark_scheme, sort_order) VALUES ('hist-p1-wq-011', '2.2 Political Causes: Constitutional Reforms (1989--94); Repression', 'SL/HL', 'short_answer', 'P1-CI', 9, 'Evaluate the role and significance of Slobodan Milosevic in the Kosovo conflict.', '• Rise to power: exploitation of Serbian nationalism; Gazimestan speech.
• Revocation of autonomy: direct cause of escalating Albanian resistance.
• Repression: apartheid-like system; dismissal of Albanians from public life.
• Escalation to war: military operations against KLA; ethnic cleansing campaign.
• Counter-argument: broader Yugoslav dissolution and competing nationalisms also contributed.
• Band 4 (7-9): Nuanced evaluation of Milosevic''s role relative to other factors.', 12);
INSERT OR IGNORE INTO history_written_questions (id, category, difficulty, question_type, unit, marks, question_text, mark_scheme, sort_order) VALUES ('hist-p1-wq-012', '2.3 Role of Ibrahim Rugova and Non-Violent Resistance', 'SL/HL', 'short_answer', 'P1-CI', 9, 'Evaluate the effectiveness of Ibrahim Rugova''s strategy of non-violent resistance in Kosovo.', '• Achievements: maintained Albanian civil society, avoided bloodshed, moral authority.
• Parallel institutions: education, healthcare, governance under repression.
• Limitations: failed to gain international intervention; Dayton Accords bypassed Kosovo.
• Consequence: disillusionment led to rise of KLA and armed resistance.
• Band 4 (7-9): Balanced evaluation considering both achievements and ultimate failure.', 13);
INSERT OR IGNORE INTO history_written_questions (id, category, difficulty, question_type, unit, marks, question_text, mark_scheme, sort_order) VALUES ('hist-p1-wq-013', '2.4 Kosovo Liberation Army (KLA) and Serbian Response', 'SL/HL', 'short_answer', 'P1-CI', 9, 'Evaluate the role of the KLA in the Kosovo conflict.', '• Formation: disillusionment with Rugova''s peaceful approach; Albanian arms crisis.
• Methods: guerrilla warfare; targeted Serbian security forces; civilian casualties on both sides.
• Impact: provoked Serbian military response that drew international attention.
• Controversy: some members accused of war crimes; initially labelled ''terrorists'' by the US.
• Significance: without the KLA, international intervention might not have occurred.
• Band 4 (7-9): Balanced analysis considering both the KLA''s role in provoking intervention and criticisms.', 14);
INSERT OR IGNORE INTO history_written_questions (id, category, difficulty, question_type, unit, marks, question_text, mark_scheme, sort_order) VALUES ('hist-p1-wq-014', '2.5 Ethnic Cleansing and Crimes Against Humanity; Račak Massacre', 'SL/HL', 'short_answer', 'P1-CI', 9, 'Evaluate the significance of the Račak massacre and Rambouillet negotiations for the Kosovo conflict.', '• Račak: 45 civilians killed; Walker declared it a crime against humanity; shocked international community.
• Impact: created political momentum for military intervention.
• Rambouillet: final diplomatic attempt; Serbia''s refusal provided justification for NATO action.
• Controversy: some question the Račak narrative; others argue Rambouillet terms were deliberately unacceptable to Serbia.
• Band 4 (7-9): Analysis of both events with consideration of different interpretations.', 15);
INSERT OR IGNORE INTO history_written_questions (id, category, difficulty, question_type, unit, marks, question_text, mark_scheme, sort_order) VALUES ('hist-p1-wq-015', '2.6 Response of the International Community; NATO Bombing; KFOR', 'SL/HL', 'short_answer', 'P1-CI', 9, 'Evaluate the international community''s response to the Kosovo crisis.', '• Diplomatic efforts: Contact Group, Rambouillet negotiations; failed to reach agreement.
• NATO bombing: bypassed UNSC; effective in ending Serbian operations; but civilian casualties.
• Post-war: KFOR deployment, UNMIK administration; stabilised Kosovo.
• Legal/moral debate: humanitarian intervention vs. sovereignty; precedent for future interventions.
• Band 4 (7-9): Multi-faceted evaluation considering effectiveness, legality, and precedent.', 16);
INSERT OR IGNORE INTO history_written_questions (id, category, difficulty, question_type, unit, marks, question_text, mark_scheme, sort_order) VALUES ('hist-p1-wq-016', '2.7 Social and Economic Consequences; Refugee Crisis; Damage to', 'SL/HL', 'short_answer', 'P1-CI', 9, 'Examine the social and economic consequences of the Kosovo conflict.', '• Refugee crisis: ~1 million Albanians displaced; post-war displacement of ~200,000 Serbs.
• Infrastructure: widespread destruction of homes, schools, hospitals.
• Economic impact: already weak economy devastated; high unemployment; aid dependency.
• Social consequences: trauma, ethnic segregation, reverse ethnic cleansing.
• Band 4 (7-9): Comprehensive analysis covering consequences for all affected communities.', 17);
INSERT OR IGNORE INTO history_written_questions (id, category, difficulty, question_type, unit, marks, question_text, mark_scheme, sort_order) VALUES ('hist-p1-wq-017', '2.8 Political Impact in Kosovo; Election of Ibrahim Rugova (2002)', 'SL/HL', 'short_answer', 'P1-CI', 9, 'Evaluate the political impact of the Kosovo conflict on the region.', '• Kosovo: transition from UN administration to self-governance; democratic elections; path to independence.
• Serbia: political upheaval; fall of Milosevic (2000); ongoing dispute over Kosovo.
• Regional: precedent for humanitarian intervention; debate about sovereignty vs. self-determination.
• International: strengthened principle of ''responsibility to protect''; but also concerns about precedent.
• Band 4 (7-9): Analysis of political impact across multiple levels (local, national, international).', 18);
INSERT OR IGNORE INTO history_written_questions (id, category, difficulty, question_type, unit, marks, question_text, mark_scheme, sort_order) VALUES ('hist-p1-wq-018', '2.9 ICTY; Indictment of Milosevic; International Reaction', 'SL/HL', 'short_answer', 'P1-CI', 9, 'Evaluate the significance of the ICTY and the indictment of Milosevic for international justice.', '• Precedent: first sitting head of state indicted; demonstrated no one is above international law.
• Achievements: convicted many perpetrators; documented atrocities; contributed to historical record.
• Limitations: Milosevic died before verdict; slow proceedings; perception of ''victor''s justice''.
• Legacy: influenced creation of ICC; raised expectations for accountability.
• Band 4 (7-9): Balanced evaluation of achievements and limitations with clear judgement.', 19);

-- ══ Rights and Protest (unit = 'P1-RP') ═══════════════════════════════════

-- Category colors
INSERT OR IGNORE INTO history_category_colors (category, color) VALUES ('1.1 Racism and Violence Against African Americans; the Ku Klux Klan', '#7B9E6B');
INSERT OR IGNORE INTO history_category_colors (category, color) VALUES ('1.2 Disenfranchisement of African Americans', '#7B9E6B');
INSERT OR IGNORE INTO history_category_colors (category, color) VALUES ('1.3 Segregation and Education: Brown v. Board of Education (1954)', '#7B9E6B');
INSERT OR IGNORE INTO history_category_colors (category, color) VALUES ('1.4 Little Rock Crisis (1957)', '#7B9E6B');
INSERT OR IGNORE INTO history_category_colors (category, color) VALUES ('1.5 Economic and Social Discrimination; Legacy of Jim Crow Laws', '#7B9E6B');
INSERT OR IGNORE INTO history_category_colors (category, color) VALUES ('1.6 Non-Violent Protests: Montgomery Bus Boycott (1955--56)', '#7B9E6B');
INSERT OR IGNORE INTO history_category_colors (category, color) VALUES ('1.7 Freedom Rides (1961)', '#7B9E6B');
INSERT OR IGNORE INTO history_category_colors (category, color) VALUES ('1.8 Freedom Summer (1964)', '#7B9E6B');
INSERT OR IGNORE INTO history_category_colors (category, color) VALUES ('1.9 Legislative Changes: Civil Rights Act (1964)', '#7B9E6B');
INSERT OR IGNORE INTO history_category_colors (category, color) VALUES ('1.10 Voting Rights Act (1965)', '#7B9E6B');
INSERT OR IGNORE INTO history_category_colors (category, color) VALUES ('1.11 Role of Martin Luther King Jr.', '#7B9E6B');
INSERT OR IGNORE INTO history_category_colors (category, color) VALUES ('1.12 Role of Malcolm X', '#7B9E6B');
INSERT OR IGNORE INTO history_category_colors (category, color) VALUES ('1.13 Role of Lyndon B. Johnson', '#7B9E6B');
INSERT OR IGNORE INTO history_category_colors (category, color) VALUES ('1.14 Key Groups: NAACP, SCLC, SNCC, Nation of Islam', '#7B9E6B');
INSERT OR IGNORE INTO history_category_colors (category, color) VALUES ('2.1 ''Petty Apartheid'' and ''Grand Apartheid'' Legislation', '#7B9E6B');
INSERT OR IGNORE INTO history_category_colors (category, color) VALUES ('2.2 Division and Classification: Segregation, Townships, Forced Removals', '#7B9E6B');
INSERT OR IGNORE INTO history_category_colors (category, color) VALUES ('2.3 Protests and Action: The Defiance Campaign and Non-Violent', '#7B9E6B');
INSERT OR IGNORE INTO history_category_colors (category, color) VALUES ('2.4 Sharpeville Massacre (1960) and the Turn to Armed Struggle', '#7B9E6B');
INSERT OR IGNORE INTO history_category_colors (category, color) VALUES ('2.5 Nelson Mandela and the Rivonia Trial (1963--64)', '#7B9E6B');
INSERT OR IGNORE INTO history_category_colors (category, color) VALUES ('2.6 Role of Key Actors: Albert Luthuli, Robert Sobukwe, Desmond Tutu', '#7B9E6B');

-- Checklist sections & items
INSERT OR IGNORE INTO history_checklist_sections (id, title, color, unit, sort_order) VALUES ('hist-p1-rp-cl-1.1', '1.1 — Racism and Violence Against African Americans; the Ku Klux Klan', '#7B9E6B', 'P1-RP', 19);
INSERT INTO history_checklist_items (section_id, text, sort_order) VALUES ('hist-p1-rp-cl-1.1', 'I can describe the nature and impact of Jim Crow laws on African Americans.', 1);
INSERT INTO history_checklist_items (section_id, text, sort_order) VALUES ('hist-p1-rp-cl-1.1', 'I can explain the role of the KKK in maintaining racial terror.', 2);
INSERT INTO history_checklist_items (section_id, text, sort_order) VALUES ('hist-p1-rp-cl-1.1', 'I can discuss the significance of the Emmett Till case for the civil rights movement.', 3);
INSERT INTO history_checklist_items (section_id, text, sort_order) VALUES ('hist-p1-rp-cl-1.1', 'I can analyse the legal basis for segregation (Plessy v. Ferguson).', 4);
INSERT INTO history_checklist_items (section_id, text, sort_order) VALUES ('hist-p1-rp-cl-1.1', 'I can evaluate the impact of racial violence on African American communities.', 5);
INSERT OR IGNORE INTO history_checklist_sections (id, title, color, unit, sort_order) VALUES ('hist-p1-rp-cl-1.2', '1.2 — Disenfranchisement of African Americans', '#7B9E6B', 'P1-RP', 20);
INSERT INTO history_checklist_items (section_id, text, sort_order) VALUES ('hist-p1-rp-cl-1.2', 'I can describe the various methods used to disenfranchise African Americans.', 1);
INSERT INTO history_checklist_items (section_id, text, sort_order) VALUES ('hist-p1-rp-cl-1.2', 'I can explain how poll taxes, literacy tests, and grandfather clauses worked together.', 2);
INSERT INTO history_checklist_items (section_id, text, sort_order) VALUES ('hist-p1-rp-cl-1.2', 'I can analyse the gap between the 15th Amendment and the reality of voting rights.', 3);
INSERT INTO history_checklist_items (section_id, text, sort_order) VALUES ('hist-p1-rp-cl-1.2', 'I can evaluate the impact of disenfranchisement on African American political power.', 4);
INSERT OR IGNORE INTO history_checklist_sections (id, title, color, unit, sort_order) VALUES ('hist-p1-rp-cl-1.3', '1.3 — Segregation and Education: Brown v. Board of Education (1954)', '#7B9E6B', 'P1-RP', 21);
INSERT INTO history_checklist_items (section_id, text, sort_order) VALUES ('hist-p1-rp-cl-1.3', 'I can explain the significance of Brown v. Board of Education.', 1);
INSERT INTO history_checklist_items (section_id, text, sort_order) VALUES ('hist-p1-rp-cl-1.3', 'I can describe the role of Thurgood Marshall and the NAACP legal strategy.', 2);
INSERT INTO history_checklist_items (section_id, text, sort_order) VALUES ('hist-p1-rp-cl-1.3', 'I can analyse the limitations of the Brown decisions (especially Brown II).', 3);
INSERT INTO history_checklist_items (section_id, text, sort_order) VALUES ('hist-p1-rp-cl-1.3', 'I can discuss the concept of ''Massive Resistance'' and Southern opposition.', 4);
INSERT INTO history_checklist_items (section_id, text, sort_order) VALUES ('hist-p1-rp-cl-1.3', 'I can evaluate the immediate and long-term impact of Brown on desegregation.', 5);
INSERT OR IGNORE INTO history_checklist_sections (id, title, color, unit, sort_order) VALUES ('hist-p1-rp-cl-1.4', '1.4 — Little Rock Crisis (1957)', '#7B9E6B', 'P1-RP', 22);
INSERT INTO history_checklist_items (section_id, text, sort_order) VALUES ('hist-p1-rp-cl-1.4', 'I can describe the events of the Little Rock crisis.', 1);
INSERT INTO history_checklist_items (section_id, text, sort_order) VALUES ('hist-p1-rp-cl-1.4', 'I can explain the significance of federal intervention.', 2);
INSERT INTO history_checklist_items (section_id, text, sort_order) VALUES ('hist-p1-rp-cl-1.4', 'I can analyse the role of media coverage in shaping public opinion.', 3);
INSERT INTO history_checklist_items (section_id, text, sort_order) VALUES ('hist-p1-rp-cl-1.4', 'I can evaluate Little Rock as a turning point in the civil rights movement.', 4);
INSERT OR IGNORE INTO history_checklist_sections (id, title, color, unit, sort_order) VALUES ('hist-p1-rp-cl-1.5', '1.5 — Economic and Social Discrimination; Legacy of Jim Crow Laws', '#7B9E6B', 'P1-RP', 23);
INSERT INTO history_checklist_items (section_id, text, sort_order) VALUES ('hist-p1-rp-cl-1.5', 'I can describe the economic dimensions of racial discrimination.', 1);
INSERT INTO history_checklist_items (section_id, text, sort_order) VALUES ('hist-p1-rp-cl-1.5', 'I can explain housing discrimination and its long-term effects.', 2);
INSERT INTO history_checklist_items (section_id, text, sort_order) VALUES ('hist-p1-rp-cl-1.5', 'I can analyse the legacy of Jim Crow on African American economic opportunities.', 3);
INSERT INTO history_checklist_items (section_id, text, sort_order) VALUES ('hist-p1-rp-cl-1.5', 'I can evaluate the relationship between economic and social discrimination.', 4);
INSERT OR IGNORE INTO history_checklist_sections (id, title, color, unit, sort_order) VALUES ('hist-p1-rp-cl-1.6', '1.6 — Non-Violent Protests: Montgomery Bus Boycott (1955--56)', '#7B9E6B', 'P1-RP', 24);
INSERT INTO history_checklist_items (section_id, text, sort_order) VALUES ('hist-p1-rp-cl-1.6', 'I can describe the events of the Montgomery Bus Boycott.', 1);
INSERT INTO history_checklist_items (section_id, text, sort_order) VALUES ('hist-p1-rp-cl-1.6', 'I can explain the roles of Rosa Parks, MLK, and E.D. Nixon.', 2);
INSERT INTO history_checklist_items (section_id, text, sort_order) VALUES ('hist-p1-rp-cl-1.6', 'I can analyse the significance of the boycott for the civil rights movement.', 3);
INSERT INTO history_checklist_items (section_id, text, sort_order) VALUES ('hist-p1-rp-cl-1.6', 'I can evaluate whether the boycott was a success or had limitations.', 4);
INSERT INTO history_checklist_items (section_id, text, sort_order) VALUES ('hist-p1-rp-cl-1.6', 'I can discuss the role of non-violent philosophy in the boycott.', 5);
INSERT OR IGNORE INTO history_checklist_sections (id, title, color, unit, sort_order) VALUES ('hist-p1-rp-cl-1.7', '1.7 — Freedom Rides (1961)', '#7B9E6B', 'P1-RP', 25);
INSERT INTO history_checklist_items (section_id, text, sort_order) VALUES ('hist-p1-rp-cl-1.7', 'I can describe the purpose and course of the Freedom Rides.', 1);
INSERT INTO history_checklist_items (section_id, text, sort_order) VALUES ('hist-p1-rp-cl-1.7', 'I can explain the violence faced by Freedom Riders and its significance.', 2);
INSERT INTO history_checklist_items (section_id, text, sort_order) VALUES ('hist-p1-rp-cl-1.7', 'I can analyse the role of the federal government in responding to the Rides.', 3);
INSERT INTO history_checklist_items (section_id, text, sort_order) VALUES ('hist-p1-rp-cl-1.7', 'I can evaluate the effectiveness of the Freedom Rides.', 4);
INSERT OR IGNORE INTO history_checklist_sections (id, title, color, unit, sort_order) VALUES ('hist-p1-rp-cl-1.8', '1.8 — Freedom Summer (1964)', '#7B9E6B', 'P1-RP', 26);
INSERT INTO history_checklist_items (section_id, text, sort_order) VALUES ('hist-p1-rp-cl-1.8', 'I can describe the aims and activities of Freedom Summer.', 1);
INSERT INTO history_checklist_items (section_id, text, sort_order) VALUES ('hist-p1-rp-cl-1.8', 'I can explain the significance of the murders of Chaney, Goodman, and Schwerner.', 2);
INSERT INTO history_checklist_items (section_id, text, sort_order) VALUES ('hist-p1-rp-cl-1.8', 'I can analyse the role of the MFDP at the 1964 Democratic Convention.', 3);
INSERT INTO history_checklist_items (section_id, text, sort_order) VALUES ('hist-p1-rp-cl-1.8', 'I can evaluate the successes and limitations of Freedom Summer.', 4);
INSERT OR IGNORE INTO history_checklist_sections (id, title, color, unit, sort_order) VALUES ('hist-p1-rp-cl-1.9', '1.9 — Legislative Changes: Civil Rights Act (1964)', '#7B9E6B', 'P1-RP', 27);
INSERT INTO history_checklist_items (section_id, text, sort_order) VALUES ('hist-p1-rp-cl-1.9', 'I can describe the key provisions of the Civil Rights Act (1964).', 1);
INSERT INTO history_checklist_items (section_id, text, sort_order) VALUES ('hist-p1-rp-cl-1.9', 'I can explain how the Birmingham Campaign contributed to the Act.', 2);
INSERT INTO history_checklist_items (section_id, text, sort_order) VALUES ('hist-p1-rp-cl-1.9', 'I can analyse the roles of Kennedy and Johnson in passing the legislation.', 3);
INSERT INTO history_checklist_items (section_id, text, sort_order) VALUES ('hist-p1-rp-cl-1.9', 'I can evaluate the significance of the March on Washington.', 4);
INSERT INTO history_checklist_items (section_id, text, sort_order) VALUES ('hist-p1-rp-cl-1.9', 'I can assess the impact and limitations of the Civil Rights Act.', 5);
INSERT OR IGNORE INTO history_checklist_sections (id, title, color, unit, sort_order) VALUES ('hist-p1-rp-cl-1.10', '1.10 — Voting Rights Act (1965)', '#7B9E6B', 'P1-RP', 28);
INSERT INTO history_checklist_items (section_id, text, sort_order) VALUES ('hist-p1-rp-cl-1.10', 'I can describe the Selma to Montgomery marches and Bloody Sunday.', 1);
INSERT INTO history_checklist_items (section_id, text, sort_order) VALUES ('hist-p1-rp-cl-1.10', 'I can explain the key provisions of the Voting Rights Act (1965).', 2);
INSERT INTO history_checklist_items (section_id, text, sort_order) VALUES ('hist-p1-rp-cl-1.10', 'I can analyse the impact of the Act on African American voter registration.', 3);
INSERT INTO history_checklist_items (section_id, text, sort_order) VALUES ('hist-p1-rp-cl-1.10', 'I can evaluate the Voting Rights Act as the culmination of the civil rights movement.', 4);
INSERT OR IGNORE INTO history_checklist_sections (id, title, color, unit, sort_order) VALUES ('hist-p1-rp-cl-1.11', '1.11 — Role of Martin Luther King Jr.', '#7B9E6B', 'P1-RP', 29);
INSERT INTO history_checklist_items (section_id, text, sort_order) VALUES ('hist-p1-rp-cl-1.11', 'I can describe MLK''s philosophy of non-violent resistance and its influences.', 1);
INSERT INTO history_checklist_items (section_id, text, sort_order) VALUES ('hist-p1-rp-cl-1.11', 'I can explain MLK''s role in key campaigns (Montgomery, Birmingham, Selma, March on Washington).', 2);
INSERT INTO history_checklist_items (section_id, text, sort_order) VALUES ('hist-p1-rp-cl-1.11', 'I can analyse the significance of the Letter from Birmingham Jail.', 3);
INSERT INTO history_checklist_items (section_id, text, sort_order) VALUES ('hist-p1-rp-cl-1.11', 'I can evaluate MLK''s overall contribution to the civil rights movement.', 4);
INSERT OR IGNORE INTO history_checklist_sections (id, title, color, unit, sort_order) VALUES ('hist-p1-rp-cl-1.12', '1.12 — Role of Malcolm X', '#7B9E6B', 'P1-RP', 30);
INSERT INTO history_checklist_items (section_id, text, sort_order) VALUES ('hist-p1-rp-cl-1.12', 'I can describe Malcolm X''s key beliefs and how they evolved over time.', 1);
INSERT INTO history_checklist_items (section_id, text, sort_order) VALUES ('hist-p1-rp-cl-1.12', 'I can explain the differences between Malcolm X''s and MLK''s approaches.', 2);
INSERT INTO history_checklist_items (section_id, text, sort_order) VALUES ('hist-p1-rp-cl-1.12', 'I can analyse Malcolm X''s significance for the Black Power movement.', 3);
INSERT INTO history_checklist_items (section_id, text, sort_order) VALUES ('hist-p1-rp-cl-1.12', 'I can evaluate the impact of Malcolm X on the broader civil rights struggle.', 4);
INSERT OR IGNORE INTO history_checklist_sections (id, title, color, unit, sort_order) VALUES ('hist-p1-rp-cl-1.13', '1.13 — Role of Lyndon B. Johnson', '#7B9E6B', 'P1-RP', 31);
INSERT INTO history_checklist_items (section_id, text, sort_order) VALUES ('hist-p1-rp-cl-1.13', 'I can describe Johnson''s role in passing the Civil Rights Act and Voting Rights Act.', 1);
INSERT INTO history_checklist_items (section_id, text, sort_order) VALUES ('hist-p1-rp-cl-1.13', 'I can analyse Johnson''s motivations for supporting civil rights legislation.', 2);
INSERT INTO history_checklist_items (section_id, text, sort_order) VALUES ('hist-p1-rp-cl-1.13', 'I can evaluate Johnson''s overall significance for the civil rights movement.', 3);
INSERT OR IGNORE INTO history_checklist_sections (id, title, color, unit, sort_order) VALUES ('hist-p1-rp-cl-1.14', '1.14 — Key Groups: NAACP, SCLC, SNCC, Nation of Islam', '#7B9E6B', 'P1-RP', 32);
INSERT INTO history_checklist_items (section_id, text, sort_order) VALUES ('hist-p1-rp-cl-1.14', 'I can describe the different approaches of the NAACP, SCLC, SNCC, and Nation of Islam.', 1);
INSERT INTO history_checklist_items (section_id, text, sort_order) VALUES ('hist-p1-rp-cl-1.14', 'I can compare and contrast the strategies of these key organisations.', 2);
INSERT INTO history_checklist_items (section_id, text, sort_order) VALUES ('hist-p1-rp-cl-1.14', 'I can analyse how these groups complemented and sometimes conflicted with each other.', 3);
INSERT INTO history_checklist_items (section_id, text, sort_order) VALUES ('hist-p1-rp-cl-1.14', 'I can evaluate which organisations were most effective and why.', 4);
INSERT OR IGNORE INTO history_checklist_sections (id, title, color, unit, sort_order) VALUES ('hist-p1-rp-cl-2.1', '2.1 — ''Petty Apartheid'' and ''Grand Apartheid'' Legislation', '#7B9E6B', 'P1-RP', 33);
INSERT INTO history_checklist_items (section_id, text, sort_order) VALUES ('hist-p1-rp-cl-2.1', 'I can distinguish between ''Petty Apartheid'' and ''Grand Apartheid''.', 1);
INSERT INTO history_checklist_items (section_id, text, sort_order) VALUES ('hist-p1-rp-cl-2.1', 'I can describe key apartheid legislation and its impact.', 2);
INSERT INTO history_checklist_items (section_id, text, sort_order) VALUES ('hist-p1-rp-cl-2.1', 'I can explain the Population Registration Act and Group Areas Act.', 3);
INSERT INTO history_checklist_items (section_id, text, sort_order) VALUES ('hist-p1-rp-cl-2.1', 'I can analyse how apartheid created a comprehensive system of racial control.', 4);
INSERT OR IGNORE INTO history_checklist_sections (id, title, color, unit, sort_order) VALUES ('hist-p1-rp-cl-2.2', '2.2 — Division and Classification: Segregation, Townships, Forced Removals', '#7B9E6B', 'P1-RP', 34);
INSERT INTO history_checklist_items (section_id, text, sort_order) VALUES ('hist-p1-rp-cl-2.2', 'I can describe the Bantustan/homeland system and its purposes.', 1);
INSERT INTO history_checklist_items (section_id, text, sort_order) VALUES ('hist-p1-rp-cl-2.2', 'I can explain the significance of forced removals like Sophiatown.', 2);
INSERT INTO history_checklist_items (section_id, text, sort_order) VALUES ('hist-p1-rp-cl-2.2', 'I can analyse the impact of pass laws on Black South Africans.', 3);
INSERT INTO history_checklist_items (section_id, text, sort_order) VALUES ('hist-p1-rp-cl-2.2', 'I can discuss the Bantu Education Act and its long-term consequences.', 4);
INSERT INTO history_checklist_items (section_id, text, sort_order) VALUES ('hist-p1-rp-cl-2.2', 'I can evaluate how classification and segregation maintained white power.', 5);
INSERT OR IGNORE INTO history_checklist_sections (id, title, color, unit, sort_order) VALUES ('hist-p1-rp-cl-2.3', '2.3 — Protests and Action: The Defiance Campaign and Non-Violent', '#7B9E6B', 'P1-RP', 35);
INSERT INTO history_checklist_items (section_id, text, sort_order) VALUES ('hist-p1-rp-cl-2.3', 'I can describe the Defiance Campaign and its results.', 1);
INSERT INTO history_checklist_items (section_id, text, sort_order) VALUES ('hist-p1-rp-cl-2.3', 'I can explain the significance of the Freedom Charter.', 2);
INSERT INTO history_checklist_items (section_id, text, sort_order) VALUES ('hist-p1-rp-cl-2.3', 'I can analyse the Women''s March of 1956 and its importance.', 3);
INSERT INTO history_checklist_items (section_id, text, sort_order) VALUES ('hist-p1-rp-cl-2.3', 'I can discuss the Treason Trial and its impact on the movement.', 4);
INSERT INTO history_checklist_items (section_id, text, sort_order) VALUES ('hist-p1-rp-cl-2.3', 'I can evaluate the effectiveness of non-violent resistance against apartheid.', 5);
INSERT OR IGNORE INTO history_checklist_sections (id, title, color, unit, sort_order) VALUES ('hist-p1-rp-cl-2.4', '2.4 — Sharpeville Massacre (1960) and the Turn to Armed Struggle', '#7B9E6B', 'P1-RP', 36);
INSERT INTO history_checklist_items (section_id, text, sort_order) VALUES ('hist-p1-rp-cl-2.4', 'I can describe the events of the Sharpeville Massacre.', 1);
INSERT INTO history_checklist_items (section_id, text, sort_order) VALUES ('hist-p1-rp-cl-2.4', 'I can explain why Sharpeville was a turning point in the anti-apartheid struggle.', 2);
INSERT INTO history_checklist_items (section_id, text, sort_order) VALUES ('hist-p1-rp-cl-2.4', 'I can analyse the decision to form MK and adopt armed struggle.', 3);
INSERT INTO history_checklist_items (section_id, text, sort_order) VALUES ('hist-p1-rp-cl-2.4', 'I can evaluate whether the turn to violence was justified and effective.', 4);
INSERT OR IGNORE INTO history_checklist_sections (id, title, color, unit, sort_order) VALUES ('hist-p1-rp-cl-2.5', '2.5 — Nelson Mandela and the Rivonia Trial (1963--64)', '#7B9E6B', 'P1-RP', 37);
INSERT INTO history_checklist_items (section_id, text, sort_order) VALUES ('hist-p1-rp-cl-2.5', 'I can describe Mandela''s role in the ANC and MK.', 1);
INSERT INTO history_checklist_items (section_id, text, sort_order) VALUES ('hist-p1-rp-cl-2.5', 'I can explain the significance of the Rivonia Trial.', 2);
INSERT INTO history_checklist_items (section_id, text, sort_order) VALUES ('hist-p1-rp-cl-2.5', 'I can analyse the impact of Mandela''s imprisonment on the anti-apartheid movement.', 3);
INSERT INTO history_checklist_items (section_id, text, sort_order) VALUES ('hist-p1-rp-cl-2.5', 'I can evaluate Mandela''s significance as a symbol of resistance.', 4);
INSERT OR IGNORE INTO history_checklist_sections (id, title, color, unit, sort_order) VALUES ('hist-p1-rp-cl-2.6', '2.6 — Role of Key Actors: Albert Luthuli, Robert Sobukwe, Desmond Tutu', '#7B9E6B', 'P1-RP', 38);
INSERT INTO history_checklist_items (section_id, text, sort_order) VALUES ('hist-p1-rp-cl-2.6', 'I can describe the contributions of Luthuli, Sobukwe, and Tutu to the anti-apartheid movement.', 1);
INSERT INTO history_checklist_items (section_id, text, sort_order) VALUES ('hist-p1-rp-cl-2.6', 'I can compare different approaches within the anti-apartheid movement.', 2);
INSERT INTO history_checklist_items (section_id, text, sort_order) VALUES ('hist-p1-rp-cl-2.6', 'I can evaluate the relative significance of key individuals.', 3);

-- Flashcard topics & cards
INSERT OR IGNORE INTO history_flashcard_topics (id, label, color, unit, sort_order) VALUES ('hist-p1-rp-fc-1.1', '1.1 Racism and Violence Against African Americans; the Ku Klux Klan', '#7B9E6B', 'P1-RP', 1);
INSERT INTO history_flashcards (topic_id, term, definition, sort_order) VALUES ('hist-p1-rp-fc-1.1', 'Jim Crow Laws', 'State and local laws enforcing racial segregation in the American South from the 1870s through the 1960s.', 1);
INSERT INTO history_flashcards (topic_id, term, definition, sort_order) VALUES ('hist-p1-rp-fc-1.1', 'Ku Klux Klan (KKK)', 'White supremacist organisation using violence, intimidation, and lynching to enforce racial hierarchy and terrorise African Americans.', 2);
INSERT INTO history_flashcards (topic_id, term, definition, sort_order) VALUES ('hist-p1-rp-fc-1.1', 'Lynching', 'Extrajudicial murder, often by hanging, of African Americans; used as a tool of racial terror; over 4,000 recorded between 1877 and 1950.', 3);
INSERT INTO history_flashcards (topic_id, term, definition, sort_order) VALUES ('hist-p1-rp-fc-1.1', 'Emmett Till (1955)', '14-year-old African American murdered in Mississippi for allegedly whistling at a white woman; his open-casket funeral galvanised the civil rights movement.', 4);
INSERT INTO history_flashcards (topic_id, term, definition, sort_order) VALUES ('hist-p1-rp-fc-1.1', 'Plessy v. Ferguson (1896)', 'Supreme Court ruling that ''separate but equal'' facilities were constitutional; legal basis for Jim Crow segregation.', 5);
INSERT INTO history_flashcards (topic_id, term, definition, sort_order) VALUES ('hist-p1-rp-fc-1.1', 'White Citizens'' Councils', 'Middle-class white organisations formed after Brown v. Board to resist desegregation through economic pressure and political influence. ☑', 6);
INSERT OR IGNORE INTO history_flashcard_topics (id, label, color, unit, sort_order) VALUES ('hist-p1-rp-fc-1.2', '1.2 Disenfranchisement of African Americans', '#7B9E6B', 'P1-RP', 2);
INSERT INTO history_flashcards (topic_id, term, definition, sort_order) VALUES ('hist-p1-rp-fc-1.2', 'Poll taxes', 'Fees required to vote; disproportionately excluded poor African Americans from electoral participation.', 1);
INSERT INTO history_flashcards (topic_id, term, definition, sort_order) VALUES ('hist-p1-rp-fc-1.2', 'Literacy tests', 'Tests administered at voter registration; selectively applied to prevent African Americans from voting.', 2);
INSERT INTO history_flashcards (topic_id, term, definition, sort_order) VALUES ('hist-p1-rp-fc-1.2', 'Grandfather clause', 'Exempted those whose ancestors could vote before 1867 from literacy tests; effectively allowed white illiterate voters while excluding Black voters.', 3);
INSERT INTO history_flashcards (topic_id, term, definition, sort_order) VALUES ('hist-p1-rp-fc-1.2', '15th Amendment (1870)', 'Prohibited denying the vote based on race; systematically undermined in the South through legal and extralegal means.', 4);
INSERT INTO history_flashcards (topic_id, term, definition, sort_order) VALUES ('hist-p1-rp-fc-1.2', 'White primary', 'Practice of excluding African Americans from Democratic Party primaries in the one-party South, effectively denying them any political voice. ☑', 5);
INSERT OR IGNORE INTO history_flashcard_topics (id, label, color, unit, sort_order) VALUES ('hist-p1-rp-fc-1.3', '1.3 Segregation and Education: Brown v. Board of Education (1954)', '#7B9E6B', 'P1-RP', 3);
INSERT INTO history_flashcards (topic_id, term, definition, sort_order) VALUES ('hist-p1-rp-fc-1.3', 'Chief Justice Earl Warren', 'Led the unanimous Brown decision; argued segregation generated feelings of inferiority in African American children.', 1);
INSERT INTO history_flashcards (topic_id, term, definition, sort_order) VALUES ('hist-p1-rp-fc-1.3', 'Brown II (1955)', 'Follow-up ruling ordering desegregation ''with all deliberate speed''; vague wording allowed Southern states to delay.', 2);
INSERT INTO history_flashcards (topic_id, term, definition, sort_order) VALUES ('hist-p1-rp-fc-1.3', 'Thurgood Marshall', 'NAACP lawyer who argued Brown v. Board before the Supreme Court; later became the first African American Supreme Court Justice. Kenneth and Mamie Clark doll Psychological experiments showing Black tests children preferred white dolls; used as evidence in Brown that segregation damaged self-esteem.', 3);
INSERT INTO history_flashcards (topic_id, term, definition, sort_order) VALUES ('hist-p1-rp-fc-1.3', 'Massive Resistance', 'Southern political strategy of defying school desegregation through legal manoeuvres, school closures, and political pressure. ☑', 4);
INSERT OR IGNORE INTO history_flashcard_topics (id, label, color, unit, sort_order) VALUES ('hist-p1-rp-fc-1.4', '1.4 Little Rock Crisis (1957)', '#7B9E6B', 'P1-RP', 4);
INSERT INTO history_flashcards (topic_id, term, definition, sort_order) VALUES ('hist-p1-rp-fc-1.4', 'Little Rock Nine', 'Nine African American students who integrated Central High School in Little Rock, Arkansas, in 1957.', 1);
INSERT INTO history_flashcards (topic_id, term, definition, sort_order) VALUES ('hist-p1-rp-fc-1.4', 'Governor Orval Faubus', 'Arkansas governor who used the National Guard to prevent the Little Rock Nine from entering Central High School. President Eisenhower''s Sent 1,200 federal troops (101st intervention Airborne) to Little Rock to enforce desegregation; first use of federal troops for civil rights since Reconstruction.', 2);
INSERT INTO history_flashcards (topic_id, term, definition, sort_order) VALUES ('hist-p1-rp-fc-1.4', 'Elizabeth Eckford', 'One of the Little Rock Nine; photographed being harassed by a white mob while walking to school alone. ☑', 3);
INSERT OR IGNORE INTO history_flashcard_topics (id, label, color, unit, sort_order) VALUES ('hist-p1-rp-fc-1.5', '1.5 Economic and Social Discrimination; Legacy of Jim Crow Laws', '#7B9E6B', 'P1-RP', 5);
INSERT INTO history_flashcards (topic_id, term, definition, sort_order) VALUES ('hist-p1-rp-fc-1.5', 'Economic inequality', 'African Americans earned significantly less than white Americans; excluded from many professions and unions.', 1);
INSERT INTO history_flashcards (topic_id, term, definition, sort_order) VALUES ('hist-p1-rp-fc-1.5', 'Housing discrimination', 'Restrictive covenants, redlining, and discriminatory lending practices confined African Americans to segregated, often impoverished neighbourhoods.', 2);
INSERT INTO history_flashcards (topic_id, term, definition, sort_order) VALUES ('hist-p1-rp-fc-1.5', 'Redlining', 'Practice of denying financial services to residents of predominantly Black neighbourhoods; institutionalised housing segregation.', 3);
INSERT INTO history_flashcards (topic_id, term, definition, sort_order) VALUES ('hist-p1-rp-fc-1.5', 'Sharecropping', 'Post-slavery agricultural system that kept many Southern African Americans in poverty and economic dependence on white landowners. ☑', 4);
INSERT OR IGNORE INTO history_flashcard_topics (id, label, color, unit, sort_order) VALUES ('hist-p1-rp-fc-1.6', '1.6 Non-Violent Protests: Montgomery Bus Boycott (1955--56)', '#7B9E6B', 'P1-RP', 6);
INSERT INTO history_flashcards (topic_id, term, definition, sort_order) VALUES ('hist-p1-rp-fc-1.6', 'Rosa Parks (1 Dec 1955)', 'NAACP member who refused to give up her bus seat in Montgomery, Alabama; her arrest sparked the bus boycott. Montgomery Bus Boycott 381-day boycott of Montgomery buses by (1955--56) African Americans; ended when the Supreme Court ruled bus segregation unconstitutional.', 1);
INSERT INTO history_flashcards (topic_id, term, definition, sort_order) VALUES ('hist-p1-rp-fc-1.6', 'Martin Luther King Jr.', 'Baptist minister who emerged as leader of the boycott; adopted Gandhian philosophy of non-violent resistance. Montgomery Improvement Organisation formed to coordinate the Association (MIA) bus boycott; led by MLK.', 2);
INSERT INTO history_flashcards (topic_id, term, definition, sort_order) VALUES ('hist-p1-rp-fc-1.6', 'Browder v. Gayle (1956)', 'Federal court ruling (upheld by Supreme Court) that bus segregation was unconstitutional; ended the boycott.', 3);
INSERT INTO history_flashcards (topic_id, term, definition, sort_order) VALUES ('hist-p1-rp-fc-1.6', 'E.D. Nixon', 'NAACP leader and labour organiser who helped plan the boycott and selected Rosa Parks''s case as a test case. ☑', 4);
INSERT OR IGNORE INTO history_flashcard_topics (id, label, color, unit, sort_order) VALUES ('hist-p1-rp-fc-1.7', '1.7 Freedom Rides (1961)', '#7B9E6B', 'P1-RP', 7);
INSERT INTO history_flashcards (topic_id, term, definition, sort_order) VALUES ('hist-p1-rp-fc-1.7', 'Freedom Rides (May 1961)', 'Interracial groups rode interstate buses through the South to test compliance with desegregation rulings; met with extreme violence. Congress of Racial Equality Civil rights organisation that (CORE) organised the Freedom Rides. Anniston and Birmingham Freedom Riders'' bus was firebombed in attacks Anniston, Alabama; riders were brutally beaten in Birmingham with police complicity. Robert Kennedy''s Attorney General who pressured the ICC intervention to enforce desegregation of interstate bus terminals after the Freedom Rides. Interstate Commerce Banned segregation in interstate bus Commission ruling (1961) terminals; direct result of the Freedom Rides. ☑', 1);
INSERT OR IGNORE INTO history_flashcard_topics (id, label, color, unit, sort_order) VALUES ('hist-p1-rp-fc-1.8', '1.8 Freedom Summer (1964)', '#7B9E6B', 'P1-RP', 8);
INSERT INTO history_flashcards (topic_id, term, definition, sort_order) VALUES ('hist-p1-rp-fc-1.8', 'Freedom Summer (1964)', 'Voter registration campaign in Mississippi; brought hundreds of Northern volunteers to the Deep South. Mississippi murders (June Three civil rights workers (Chaney, 1964) Goodman, Schwerner) were murdered by KKK members with police complicity. Mississippi Freedom Alternative political party created to Democratic Party (MFDP) challenge the all-white Mississippi Democratic delegation at the 1964 convention.', 1);
INSERT INTO history_flashcards (topic_id, term, definition, sort_order) VALUES ('hist-p1-rp-fc-1.8', 'Fannie Lou Hamer', 'MFDP leader who testified powerfully about voter intimidation at the Democratic National Convention.', 2);
INSERT INTO history_flashcards (topic_id, term, definition, sort_order) VALUES ('hist-p1-rp-fc-1.8', 'Freedom Schools', 'Alternative schools established during Freedom Summer to educate and empower African American communities. ☑', 3);
INSERT OR IGNORE INTO history_flashcard_topics (id, label, color, unit, sort_order) VALUES ('hist-p1-rp-fc-1.9', '1.9 Legislative Changes: Civil Rights Act (1964)', '#7B9E6B', 'P1-RP', 9);
INSERT INTO history_flashcards (topic_id, term, definition, sort_order) VALUES ('hist-p1-rp-fc-1.9', 'Civil Rights Act (1964)', 'Landmark legislation prohibiting discrimination based on race, colour, religion, sex, or national origin; banned segregation in public facilities.', 1);
INSERT INTO history_flashcards (topic_id, term, definition, sort_order) VALUES ('hist-p1-rp-fc-1.9', 'Birmingham Campaign (1963)', 'SCLC-led protests in Birmingham, Alabama; images of police brutality (fire hoses, dogs) shocked the nation and built support for legislation. March on Washington (Aug Massive demonstration of 250,000 1963) people; MLK delivered ''I Have a Dream'' speech; pressured Congress to pass civil rights legislation. President Kennedy''s civil Proposed in June 1963 after Birmingham; rights bill became the basis for the 1964 Civil Rights Act after Kennedy''s assassination. President Johnson and the LBJ used political skill and Kennedy''s Civil Rights Act legacy to push the Civil Rights Act through Congress, including breaking a Senate filibuster. ☑', 2);
INSERT OR IGNORE INTO history_flashcard_topics (id, label, color, unit, sort_order) VALUES ('hist-p1-rp-fc-1.10', '1.10 Voting Rights Act (1965)', '#7B9E6B', 'P1-RP', 10);
INSERT INTO history_flashcards (topic_id, term, definition, sort_order) VALUES ('hist-p1-rp-fc-1.10', 'Voting Rights Act (1965)', 'Outlawed discriminatory voting practices (literacy tests, poll taxes); authorised federal oversight of voter registration in the South. Selma to Montgomery marches Three protest marches for voting (1965) rights; ''Bloody Sunday'' on the Edmund Pettus Bridge generated national outrage. Bloody Sunday (7 March Alabama state troopers attacked 1965) peaceful marchers with tear gas and clubs on the Edmund Pettus Bridge in Selma.', 1);
INSERT INTO history_flashcards (topic_id, term, definition, sort_order) VALUES ('hist-p1-rp-fc-1.10', '24th Amendment (1964)', 'Abolished poll taxes in federal elections. Impact of the Voting Rights Black voter registration in Mississippi Act rose from 6.7% in 1964 to 59.8% by 1968; transformed Southern politics. ☑', 2);
INSERT OR IGNORE INTO history_flashcard_topics (id, label, color, unit, sort_order) VALUES ('hist-p1-rp-fc-1.11', '1.11 Role of Martin Luther King Jr.', '#7B9E6B', 'P1-RP', 11);
INSERT INTO history_flashcards (topic_id, term, definition, sort_order) VALUES ('hist-p1-rp-fc-1.11', 'Non-violent philosophy', 'Influenced by Gandhi and Christian theology; sought to expose injustice through peaceful protest and moral persuasion. Letter from Birmingham Jail MLK''s defence of non-violent direct (1963) action and criticism of white moderates who preferred ''order'' over justice. ''I Have a Dream'' speech Iconic speech at the March on (1963) Washington calling for racial harmony and equality; became a defining moment of the movement. SCLC (Southern Christian Civil rights organisation founded by Leadership Conference) MLK in 1957; coordinated non-violent campaigns across the South. ☑', 1);
INSERT OR IGNORE INTO history_flashcard_topics (id, label, color, unit, sort_order) VALUES ('hist-p1-rp-fc-1.12', '1.12 Role of Malcolm X', '#7B9E6B', 'P1-RP', 12);
INSERT INTO history_flashcards (topic_id, term, definition, sort_order) VALUES ('hist-p1-rp-fc-1.12', 'Malcolm X (1925--1965)', 'Influential African American activist; advocate of Black empowerment and self-defence; initially a Nation of Islam minister.', 1);
INSERT INTO history_flashcards (topic_id, term, definition, sort_order) VALUES ('hist-p1-rp-fc-1.12', 'Nation of Islam', 'Religious organisation advocating Black separatism, self-reliance, and pride; Malcolm X was its most prominent spokesperson.', 2);
INSERT INTO history_flashcards (topic_id, term, definition, sort_order) VALUES ('hist-p1-rp-fc-1.12', '''By any means necessary''', 'Malcolm X''s assertion that African Americans should defend themselves against racial violence; contrasted with MLK''s non-violence. Malcolm X''s pilgrimage to After leaving the Nation of Islam, his Mecca (1964) hajj experience led him to embrace a more inclusive vision of racial justice.', 3);
INSERT INTO history_flashcards (topic_id, term, definition, sort_order) VALUES ('hist-p1-rp-fc-1.12', 'Assassination (Feb 1965)', 'Malcolm X was assassinated by Nation of Islam members; his autobiography became hugely influential. ☑', 4);
INSERT OR IGNORE INTO history_flashcard_topics (id, label, color, unit, sort_order) VALUES ('hist-p1-rp-fc-1.13', '1.13 Role of Lyndon B. Johnson', '#7B9E6B', 'P1-RP', 13);
INSERT INTO history_flashcards (topic_id, term, definition, sort_order) VALUES ('hist-p1-rp-fc-1.13', 'Johnson''s political skill', 'Master of legislative manoeuvring; used persuasion, deal-making, and Kennedy''s legacy to overcome Southern Democratic opposition. ☑', 1);
INSERT OR IGNORE INTO history_flashcard_topics (id, label, color, unit, sort_order) VALUES ('hist-p1-rp-fc-1.14', '1.14 Key Groups: NAACP, SCLC, SNCC, Nation of Islam', '#7B9E6B', 'P1-RP', 14);
INSERT INTO history_flashcards (topic_id, term, definition, sort_order) VALUES ('hist-p1-rp-fc-1.14', 'NAACP', 'Oldest civil rights organisation (founded 1909); focused on legal challenges to segregation; key role in Brown v. Board.', 1);
INSERT INTO history_flashcards (topic_id, term, definition, sort_order) VALUES ('hist-p1-rp-fc-1.14', 'SCLC', 'Founded 1957 by MLK; coordinated non-violent campaigns; church-based leadership in the South. SNCC (Student Non-violent Student-led organisation; organised Coordinating Committee) sit-ins, Freedom Rides, voter registration; became more radical by mid-1960s. Nation of Islam (Black Religious movement advocating Black Muslims) separatism and self-reliance; Malcolm X was its most prominent spokesperson.', 2);
INSERT INTO history_flashcards (topic_id, term, definition, sort_order) VALUES ('hist-p1-rp-fc-1.14', 'Sit-in movement (1960)', 'Student-led sit-ins at segregated lunch counters, beginning in Greensboro, NC; spread to over 70 cities. ☑', 3);
INSERT OR IGNORE INTO history_flashcard_topics (id, label, color, unit, sort_order) VALUES ('hist-p1-rp-fc-2.1', '2.1 ''Petty Apartheid'' and ''Grand Apartheid'' Legislation', '#7B9E6B', 'P1-RP', 15);
INSERT INTO history_flashcards (topic_id, term, definition, sort_order) VALUES ('hist-p1-rp-fc-2.1', 'Apartheid', 'System of institutionalised racial segregation in South Africa (1948--1994); enforced white minority rule over the Black majority. National Party victory Afrikaner-dominated party won the (1948) election on a platform of apartheid; began systematic racial legislation.', 1);
INSERT INTO history_flashcards (topic_id, term, definition, sort_order) VALUES ('hist-p1-rp-fc-2.1', 'Petty Apartheid', 'Laws enforcing everyday segregation: separate facilities (beaches, buses, benches, hospitals) for different racial groups.', 2);
INSERT INTO history_flashcards (topic_id, term, definition, sort_order) VALUES ('hist-p1-rp-fc-2.1', 'Grand Apartheid', 'Large-scale structural segregation: homeland (Bantustan) system, population registration, forced removals. Population Registration Act Classified all South Africans into (1950) racial categories: White, Black, Coloured, Indian; determined every aspect of life.', 3);
INSERT INTO history_flashcards (topic_id, term, definition, sort_order) VALUES ('hist-p1-rp-fc-2.1', 'Group Areas Act (1950)', 'Designated specific areas for each racial group; forced millions of non-white people to relocate to designated areas. ☑', 4);
INSERT OR IGNORE INTO history_flashcard_topics (id, label, color, unit, sort_order) VALUES ('hist-p1-rp-fc-2.2', '2.2 Division and Classification: Segregation, Townships, Forced Removals', '#7B9E6B', 'P1-RP', 16);
INSERT INTO history_flashcards (topic_id, term, definition, sort_order) VALUES ('hist-p1-rp-fc-2.2', 'Bantustans (Homelands)', 'Designated territories for Black South Africans; intended to strip them of South African citizenship; overcrowded and underdeveloped.', 1);
INSERT INTO history_flashcards (topic_id, term, definition, sort_order) VALUES ('hist-p1-rp-fc-2.2', 'Sophiatown removal (1955)', 'Forced removal of Black residents from Sophiatown, a vibrant multiracial suburb of Johannesburg, to Meadowlands (Soweto).', 2);
INSERT INTO history_flashcards (topic_id, term, definition, sort_order) VALUES ('hist-p1-rp-fc-2.2', 'Pass Laws', 'Required Black South Africans to carry ''pass books'' at all times; controlled movement and restricted access to white areas.', 3);
INSERT INTO history_flashcards (topic_id, term, definition, sort_order) VALUES ('hist-p1-rp-fc-2.2', 'Bantu Education Act (1953)', 'Established separate, inferior education for Black South Africans; designed to prepare them only for manual labour. Reservation of Separate Legalised segregation of all public Amenities Act (1953) facilities; explicitly stated that facilities did not need to be equal. ☑', 4);
INSERT OR IGNORE INTO history_flashcard_topics (id, label, color, unit, sort_order) VALUES ('hist-p1-rp-fc-2.3', '2.3 Protests and Action: The Defiance Campaign and Non-Violent', '#7B9E6B', 'P1-RP', 17);
INSERT INTO history_flashcards (topic_id, term, definition, sort_order) VALUES ('hist-p1-rp-fc-2.3', 'Defiance Campaign (1952)', 'ANC-led campaign of non-violent civil disobedience against apartheid laws; 8,500 arrested; membership grew from 20,000 to 100,000.', 1);
INSERT INTO history_flashcards (topic_id, term, definition, sort_order) VALUES ('hist-p1-rp-fc-2.3', 'Freedom Charter (1955)', 'Adopted at the Congress of the People; declared South Africa belongs to all who live in it; vision for a non-racial democratic South Africa. Congress of the People Multi-racial gathering at Kliptown that (1955) adopted the Freedom Charter; included ANC, Indian Congress, Coloured People''s Congress.', 2);
INSERT INTO history_flashcards (topic_id, term, definition, sort_order) VALUES ('hist-p1-rp-fc-2.3', 'Women''s March (1956)', '20,000 women of all races marched to the Union Buildings in Pretoria to protest the extension of pass laws to women.', 3);
INSERT INTO history_flashcards (topic_id, term, definition, sort_order) VALUES ('hist-p1-rp-fc-2.3', 'Treason Trial (1956--61)', '156 anti-apartheid activists (including Mandela) charged with treason; all eventually acquitted; demonstrated government repression. ☑', 4);
INSERT OR IGNORE INTO history_flashcard_topics (id, label, color, unit, sort_order) VALUES ('hist-p1-rp-fc-2.4', '2.4 Sharpeville Massacre (1960) and the Turn to Armed Struggle', '#7B9E6B', 'P1-RP', 18);
INSERT INTO history_flashcards (topic_id, term, definition, sort_order) VALUES ('hist-p1-rp-fc-2.4', 'State of Emergency (1960)', 'Government declared after Sharpeville; ANC and PAC were banned; thousands arrested.', 1);
INSERT INTO history_flashcards (topic_id, term, definition, sort_order) VALUES ('hist-p1-rp-fc-2.4', 'Umkhonto we Sizwe (MK)', 'Armed wing of the ANC (''Spear of the Nation''), founded 1961; began sabotage campaign against government infrastructure.', 2);
INSERT INTO history_flashcards (topic_id, term, definition, sort_order) VALUES ('hist-p1-rp-fc-2.4', 'Turn to armed struggle', 'After Sharpeville and the banning of the ANC, Mandela and others concluded that non-violence alone could not defeat apartheid. ☑', 3);
INSERT OR IGNORE INTO history_flashcard_topics (id, label, color, unit, sort_order) VALUES ('hist-p1-rp-fc-2.5', '2.5 Nelson Mandela and the Rivonia Trial (1963--64)', '#7B9E6B', 'P1-RP', 19);
INSERT INTO history_flashcards (topic_id, term, definition, sort_order) VALUES ('hist-p1-rp-fc-2.5', 'Nelson Mandela (1918--2013)', 'ANC leader; co-founded MK; imprisoned 1964--1990; first democratically elected president of South Africa (1994).', 1);
INSERT INTO history_flashcards (topic_id, term, definition, sort_order) VALUES ('hist-p1-rp-fc-2.5', 'Rivonia Trial (1963--64)', 'Trial of MK leaders including Mandela; charged with sabotage and conspiracy; Mandela sentenced to life imprisonment. Mandela''s speech from the Powerful courtroom speech declaring his dock commitment to a democratic, free society and his willingness to die for this ideal.', 2);
INSERT INTO history_flashcards (topic_id, term, definition, sort_order) VALUES ('hist-p1-rp-fc-2.5', 'Robben Island', 'Prison island where Mandela and other political prisoners were held; became a symbol of the anti-apartheid struggle.', 3);
INSERT INTO history_flashcards (topic_id, term, definition, sort_order) VALUES ('hist-p1-rp-fc-2.5', 'Impact of Rivonia', 'Decapitated the ANC leadership inside South Africa; but Mandela became an international symbol of resistance. ☑', 4);
INSERT OR IGNORE INTO history_flashcard_topics (id, label, color, unit, sort_order) VALUES ('hist-p1-rp-fc-2.6', '2.6 Role of Key Actors: Albert Luthuli, Robert Sobukwe, Desmond Tutu', '#7B9E6B', 'P1-RP', 20);
INSERT INTO history_flashcards (topic_id, term, definition, sort_order) VALUES ('hist-p1-rp-fc-2.6', 'Albert Luthuli', 'ANC President (1952--1967); advocate of non-violent resistance; first African Nobel Peace Prize laureate (1960).', 1);
INSERT INTO history_flashcards (topic_id, term, definition, sort_order) VALUES ('hist-p1-rp-fc-2.6', 'Robert Sobukwe', 'Founder and leader of the PAC; organised the anti-pass campaign that led to Sharpeville; imprisoned and then placed under house arrest.', 2);
INSERT INTO history_flashcards (topic_id, term, definition, sort_order) VALUES ('hist-p1-rp-fc-2.6', 'Desmond Tutu', 'Anglican Archbishop; anti-apartheid campaigner who advocated for non-violent resistance and international sanctions; Nobel Peace Prize (1984).', 3);
INSERT INTO history_flashcards (topic_id, term, definition, sort_order) VALUES ('hist-p1-rp-fc-2.6', 'Oliver Tambo', 'ANC leader who led the organisation in exile after the bannings; maintained international pressure on the apartheid government. ☑', 4);

-- MCQ questions
INSERT OR IGNORE INTO history_mcq_questions (id, category, difficulty, unit, question_text, option_a, option_b, option_c, option_d, correct_option, explanation, sort_order) VALUES ('hist-p1-mcq-047', '1.1 Racism and Violence Against African Americans; the Ku Klux Klan', 'SL/HL', 'P1-RP', 'Plessy v. Ferguson (1896) established the principle of:', 'Racial equality under the law', '''Separate but equal'' as constitutional', 'Universal suffrage for all races', 'Federal protection against lynching', 1, 'See mark scheme for detailed explanation.', 48);
INSERT OR IGNORE INTO history_mcq_questions (id, category, difficulty, unit, question_text, option_a, option_b, option_c, option_d, correct_option, explanation, sort_order) VALUES ('hist-p1-mcq-048', '1.1 Racism and Violence Against African Americans; the Ku Klux Klan', 'SL/HL', 'P1-RP', 'The Emmett Till case (1955) was significant because:', 'It led to the immediate passage of civil rights legislation', 'His open-casket funeral exposed the brutality of racial violence and galvanised the movement', 'His murderers were convicted and jailed', 'It ended KKK violence in the South', 1, 'See mark scheme for detailed explanation.', 49);
INSERT OR IGNORE INTO history_mcq_questions (id, category, difficulty, unit, question_text, option_a, option_b, option_c, option_d, correct_option, explanation, sort_order) VALUES ('hist-p1-mcq-049', '1.1 Racism and Violence Against African Americans; the Ku Klux Klan', 'SL/HL', 'P1-RP', 'White Citizens'' Councils differed from the KKK primarily in that they:', 'Supported civil rights', 'Used economic pressure and political influence rather than direct violence', 'Were based in the North', 'Were outlawed by the federal government', 1, 'See mark scheme for detailed explanation.', 50);
INSERT OR IGNORE INTO history_mcq_questions (id, category, difficulty, unit, question_text, option_a, option_b, option_c, option_d, correct_option, explanation, sort_order) VALUES ('hist-p1-mcq-050', '1.1 Racism and Violence Against African Americans; the Ku Klux Klan', 'SL/HL', 'P1-RP', 'Jim Crow laws enforced:', 'Equal rights for all citizens', 'Racial segregation in the American South', 'Northern industrial labour standards', 'Federal civil rights protections', 1, 'See mark scheme for detailed explanation.', 51);
INSERT OR IGNORE INTO history_mcq_questions (id, category, difficulty, unit, question_text, option_a, option_b, option_c, option_d, correct_option, explanation, sort_order) VALUES ('hist-p1-mcq-051', '1.2 Disenfranchisement of African Americans', 'SL/HL', 'P1-RP', 'Literacy tests were used to disenfranchise African Americans by:', 'Testing all voters equally', 'Being selectively and unfairly applied to Black voters', 'Providing free education', 'Encouraging voter registration', 1, 'See mark scheme for detailed explanation.', 52);
INSERT OR IGNORE INTO history_mcq_questions (id, category, difficulty, unit, question_text, option_a, option_b, option_c, option_d, correct_option, explanation, sort_order) VALUES ('hist-p1-mcq-052', '1.2 Disenfranchisement of African Americans', 'SL/HL', 'P1-RP', 'The grandfather clause was designed to:', 'Help African Americans vote', 'Allow illiterate white voters to bypass literacy tests while excluding Black voters', 'Extend voting rights to immigrants', 'Reform the electoral system', 1, 'See mark scheme for detailed explanation.', 53);
INSERT OR IGNORE INTO history_mcq_questions (id, category, difficulty, unit, question_text, option_a, option_b, option_c, option_d, correct_option, explanation, sort_order) VALUES ('hist-p1-mcq-053', '1.3 Segregation and Education: Brown v. Board of Education (1954)', 'SL/HL', 'P1-RP', 'Brown v. Board of Education (1954) was significant because:', 'It upheld Plessy v. Ferguson', 'It ruled that segregated schools were inherently unequal, overturning ''separate but equal''', 'It ended all forms of racial discrimination immediately', 'It was a split decision with limited authority', 1, 'See mark scheme for detailed explanation.', 54);
INSERT OR IGNORE INTO history_mcq_questions (id, category, difficulty, unit, question_text, option_a, option_b, option_c, option_d, correct_option, explanation, sort_order) VALUES ('hist-p1-mcq-054', '1.3 Segregation and Education: Brown v. Board of Education (1954)', 'SL/HL', 'P1-RP', 'Brown II (1955) weakened the impact of Brown I by:', 'Reversing the original decision', 'Ordering desegregation ''with all deliberate speed'', allowing Southern delays', 'Requiring immediate integration of all schools', 'Imposing fines on segregated schools', 1, 'See mark scheme for detailed explanation.', 55);
INSERT OR IGNORE INTO history_mcq_questions (id, category, difficulty, unit, question_text, option_a, option_b, option_c, option_d, correct_option, explanation, sort_order) VALUES ('hist-p1-mcq-055', '1.3 Segregation and Education: Brown v. Board of Education (1954)', 'SL/HL', 'P1-RP', 'The Clark doll tests were used in the Brown case to demonstrate:', 'That African American children were academically superior', 'That segregation damaged the self-esteem and psychological well-being of Black children', 'That white children preferred Black dolls', 'That desegregation would be easy to implement', 1, 'See mark scheme for detailed explanation.', 56);
INSERT OR IGNORE INTO history_mcq_questions (id, category, difficulty, unit, question_text, option_a, option_b, option_c, option_d, correct_option, explanation, sort_order) VALUES ('hist-p1-mcq-056', '1.4 Little Rock Crisis (1957)', 'SL/HL', 'P1-RP', 'Eisenhower sent federal troops to Little Rock to:', 'Support Governor Faubus', 'Enforce the desegregation of Central High School', 'Close the school permanently', 'Arrest the Little Rock Nine', 1, 'See mark scheme for detailed explanation.', 57);
INSERT OR IGNORE INTO history_mcq_questions (id, category, difficulty, unit, question_text, option_a, option_b, option_c, option_d, correct_option, explanation, sort_order) VALUES ('hist-p1-mcq-057', '1.4 Little Rock Crisis (1957)', 'SL/HL', 'P1-RP', 'The Little Rock crisis was significant because:', 'It showed that states could successfully resist federal law', 'It demonstrated federal willingness to enforce desegregation by force', 'It ended school segregation in the South', 'It was widely ignored by the media', 1, 'See mark scheme for detailed explanation.', 58);
INSERT OR IGNORE INTO history_mcq_questions (id, category, difficulty, unit, question_text, option_a, option_b, option_c, option_d, correct_option, explanation, sort_order) VALUES ('hist-p1-mcq-058', '1.5 Economic and Social Discrimination; Legacy of Jim Crow Laws', 'SL/HL', 'P1-RP', 'Redlining was a practice that:', 'Provided loans to African Americans at favourable rates', 'Denied financial services to residents of predominantly Black neighbourhoods', 'Integrated housing in Southern cities', 'Was outlawed by the Plessy v. Ferguson decision', 1, 'See mark scheme for detailed explanation.', 59);
INSERT OR IGNORE INTO history_mcq_questions (id, category, difficulty, unit, question_text, option_a, option_b, option_c, option_d, correct_option, explanation, sort_order) VALUES ('hist-p1-mcq-059', '1.5 Economic and Social Discrimination; Legacy of Jim Crow Laws', 'SL/HL', 'P1-RP', 'The economic impact of Jim Crow laws included:', 'Equal economic opportunities for all races', 'Systematic exclusion of African Americans from well-paying jobs and financial services', 'Rapid economic development in African American communities', 'Federal wealth redistribution programmes', 1, 'See mark scheme for detailed explanation.', 60);
INSERT OR IGNORE INTO history_mcq_questions (id, category, difficulty, unit, question_text, option_a, option_b, option_c, option_d, correct_option, explanation, sort_order) VALUES ('hist-p1-mcq-060', '1.6 Non-Violent Protests: Montgomery Bus Boycott (1955--56)', 'SL/HL', 'P1-RP', 'The Montgomery Bus Boycott lasted approximately:', '30 days', '100 days', '381 days', '2 years', 2, 'See mark scheme for detailed explanation.', 61);
INSERT OR IGNORE INTO history_mcq_questions (id, category, difficulty, unit, question_text, option_a, option_b, option_c, option_d, correct_option, explanation, sort_order) VALUES ('hist-p1-mcq-061', '1.6 Non-Violent Protests: Montgomery Bus Boycott (1955--56)', 'SL/HL', 'P1-RP', 'The boycott ended primarily because:', 'Buses voluntarily desegregated', 'The Supreme Court ruled bus segregation unconstitutional (Browder v. Gayle)', 'Martin Luther King was arrested', 'Montgomery voters passed a desegregation law', 1, 'See mark scheme for detailed explanation.', 62);
INSERT OR IGNORE INTO history_mcq_questions (id, category, difficulty, unit, question_text, option_a, option_b, option_c, option_d, correct_option, explanation, sort_order) VALUES ('hist-p1-mcq-062', '1.6 Non-Violent Protests: Montgomery Bus Boycott (1955--56)', 'SL/HL', 'P1-RP', 'Rosa Parks''s act of defiance was significant because:', 'She was the first person to resist bus segregation', 'Her arrest was used strategically by the NAACP to challenge segregation', 'She used violence to resist', 'It had no lasting impact', 1, 'See mark scheme for detailed explanation.', 63);
INSERT OR IGNORE INTO history_mcq_questions (id, category, difficulty, unit, question_text, option_a, option_b, option_c, option_d, correct_option, explanation, sort_order) VALUES ('hist-p1-mcq-063', '1.6 Non-Violent Protests: Montgomery Bus Boycott (1955--56)', 'SL/HL', 'P1-RP', 'Martin Luther King''s role in the boycott established him as:', 'A local Montgomery politician', 'The national leader of non-violent civil rights protest', 'President of the NAACP', 'A Supreme Court justice', 1, 'See mark scheme for detailed explanation.', 64);
INSERT OR IGNORE INTO history_mcq_questions (id, category, difficulty, unit, question_text, option_a, option_b, option_c, option_d, correct_option, explanation, sort_order) VALUES ('hist-p1-mcq-064', '1.7 Freedom Rides (1961)', 'SL/HL', 'P1-RP', 'The Freedom Rides were organised primarily to:', 'Register voters in the South', 'Test enforcement of desegregation rulings on interstate bus travel', 'Protest the Vietnam War', 'Support President Kennedy''s election', 1, 'See mark scheme for detailed explanation.', 65);
INSERT OR IGNORE INTO history_mcq_questions (id, category, difficulty, unit, question_text, option_a, option_b, option_c, option_d, correct_option, explanation, sort_order) VALUES ('hist-p1-mcq-065', '1.7 Freedom Rides (1961)', 'SL/HL', 'P1-RP', 'The violence against Freedom Riders in Alabama was significant because:', 'It ended the civil rights movement', 'It attracted national media attention and forced federal intervention', 'It showed that segregation was popular nationwide', 'It had no impact on federal policy', 1, 'See mark scheme for detailed explanation.', 66);
INSERT OR IGNORE INTO history_mcq_questions (id, category, difficulty, unit, question_text, option_a, option_b, option_c, option_d, correct_option, explanation, sort_order) VALUES ('hist-p1-mcq-066', '1.8 Freedom Summer (1964)', 'SL/HL', 'P1-RP', 'Freedom Summer (1964) was primarily focused on:', 'Desegregating schools', 'Voter registration in Mississippi', 'Boycotting businesses', 'Integrating the military', 1, 'See mark scheme for detailed explanation.', 67);
INSERT OR IGNORE INTO history_mcq_questions (id, category, difficulty, unit, question_text, option_a, option_b, option_c, option_d, correct_option, explanation, sort_order) VALUES ('hist-p1-mcq-067', '1.8 Freedom Summer (1964)', 'SL/HL', 'P1-RP', 'The murders of Chaney, Goodman, and Schwerner were significant because:', 'They ended the civil rights movement', 'They attracted national attention and increased support for civil rights legislation', 'They went unreported', 'They were committed by federal agents', 1, 'See mark scheme for detailed explanation.', 68);
INSERT OR IGNORE INTO history_mcq_questions (id, category, difficulty, unit, question_text, option_a, option_b, option_c, option_d, correct_option, explanation, sort_order) VALUES ('hist-p1-mcq-068', '1.8 Freedom Summer (1964)', 'SL/HL', 'P1-RP', 'The MFDP challenged the Democratic Party by:', 'Running a Republican candidate', 'Seeking to replace the all-white Mississippi delegation at the national convention', 'Supporting segregationist candidates', 'Withdrawing from politics entirely', 1, 'See mark scheme for detailed explanation.', 69);
INSERT OR IGNORE INTO history_mcq_questions (id, category, difficulty, unit, question_text, option_a, option_b, option_c, option_d, correct_option, explanation, sort_order) VALUES ('hist-p1-mcq-069', '1.9 Legislative Changes: Civil Rights Act (1964)', 'SL/HL', 'P1-RP', 'The Civil Rights Act (1964) primarily:', 'Gave African Americans the right to vote', 'Prohibited discrimination based on race in public facilities and employment', 'Ended poverty in African American communities', 'Established affirmative action quotas', 1, 'See mark scheme for detailed explanation.', 70);
INSERT OR IGNORE INTO history_mcq_questions (id, category, difficulty, unit, question_text, option_a, option_b, option_c, option_d, correct_option, explanation, sort_order) VALUES ('hist-p1-mcq-070', '1.9 Legislative Changes: Civil Rights Act (1964)', 'SL/HL', 'P1-RP', 'The Birmingham Campaign (1963) was crucial for civil rights legislation because:', 'It was entirely peaceful', 'Media coverage of police brutality shocked the nation and built support for legislation', 'It took place in a Northern city', 'President Kennedy led the protests', 1, 'See mark scheme for detailed explanation.', 71);
INSERT OR IGNORE INTO history_mcq_questions (id, category, difficulty, unit, question_text, option_a, option_b, option_c, option_d, correct_option, explanation, sort_order) VALUES ('hist-p1-mcq-071', '1.9 Legislative Changes: Civil Rights Act (1964)', 'SL/HL', 'P1-RP', 'President Johnson was able to pass the Civil Rights Act partly because:', 'He had no political opposition', 'He used Kennedy''s assassination and legacy as political leverage', 'The Act was universally popular', 'The Supreme Court ordered it', 1, 'See mark scheme for detailed explanation.', 72);
INSERT OR IGNORE INTO history_mcq_questions (id, category, difficulty, unit, question_text, option_a, option_b, option_c, option_d, correct_option, explanation, sort_order) VALUES ('hist-p1-mcq-072', '1.10 Voting Rights Act (1965)', 'SL/HL', 'P1-RP', '''Bloody Sunday'' in Selma (1965) directly contributed to:', 'The end of the Vietnam War', 'National support for the Voting Rights Act', 'The election of an African American president', 'The founding of the Black Panther Party', 1, 'See mark scheme for detailed explanation.', 73);
INSERT OR IGNORE INTO history_mcq_questions (id, category, difficulty, unit, question_text, option_a, option_b, option_c, option_d, correct_option, explanation, sort_order) VALUES ('hist-p1-mcq-073', '1.10 Voting Rights Act (1965)', 'SL/HL', 'P1-RP', 'The Voting Rights Act (1965) was significant because:', 'It only applied to Northern states', 'It outlawed discriminatory voting practices and enabled federal oversight of registration', 'It had no measurable impact on voter registration', 'It was vetoed by President Johnson', 1, 'See mark scheme for detailed explanation.', 74);
INSERT OR IGNORE INTO history_mcq_questions (id, category, difficulty, unit, question_text, option_a, option_b, option_c, option_d, correct_option, explanation, sort_order) VALUES ('hist-p1-mcq-074', '1.11 Role of Martin Luther King Jr.', 'SL/HL', 'P1-RP', 'MLK''s philosophy of non-violence was influenced by:', 'Malcolm X and the Nation of Islam', 'Gandhi''s principles of satyagraha and Christian theology', 'Marxist revolutionary theory', 'The Black Panther Party', 1, 'See mark scheme for detailed explanation.', 75);
INSERT OR IGNORE INTO history_mcq_questions (id, category, difficulty, unit, question_text, option_a, option_b, option_c, option_d, correct_option, explanation, sort_order) VALUES ('hist-p1-mcq-075', '1.11 Role of Martin Luther King Jr.', 'SL/HL', 'P1-RP', 'The Letter from Birmingham Jail (1963) argued that:', 'Violence was necessary for change', 'Non-violent direct action was justified and white moderates who prioritised order over justice were part of the problem', 'The civil rights movement should slow down', 'Segregation was acceptable in some circumstances', 1, 'See mark scheme for detailed explanation.', 76);
INSERT OR IGNORE INTO history_mcq_questions (id, category, difficulty, unit, question_text, option_a, option_b, option_c, option_d, correct_option, explanation, sort_order) VALUES ('hist-p1-mcq-076', '1.12 Role of Malcolm X', 'SL/HL', 'P1-RP', 'Malcolm X''s views differed from MLK''s primarily in that Malcolm X:', 'Opposed all forms of protest', 'Advocated Black self-defence and empowerment rather than integration through non-violence', 'Supported segregation for all races', 'Rejected any form of religious belief', 1, 'See mark scheme for detailed explanation.', 77);
INSERT OR IGNORE INTO history_mcq_questions (id, category, difficulty, unit, question_text, option_a, option_b, option_c, option_d, correct_option, explanation, sort_order) VALUES ('hist-p1-mcq-077', '1.12 Role of Malcolm X', 'SL/HL', 'P1-RP', 'After his pilgrimage to Mecca, Malcolm X:', 'Became more radical and separatist', 'Adopted a more inclusive view of racial justice, moving away from strict separatism', 'Rejoined the Nation of Islam', 'Abandoned political activism entirely', 1, 'See mark scheme for detailed explanation.', 78);
INSERT OR IGNORE INTO history_mcq_questions (id, category, difficulty, unit, question_text, option_a, option_b, option_c, option_d, correct_option, explanation, sort_order) VALUES ('hist-p1-mcq-078', '1.13 Role of Lyndon B. Johnson', 'SL/HL', 'P1-RP', 'Johnson''s primary contribution to civil rights was:', 'Leading protest marches in the South', 'Using political skill to pass landmark civil rights and voting rights legislation', 'Founding the SCLC', 'Arguing Brown v. Board before the Supreme Court', 1, 'See mark scheme for detailed explanation.', 79);
INSERT OR IGNORE INTO history_mcq_questions (id, category, difficulty, unit, question_text, option_a, option_b, option_c, option_d, correct_option, explanation, sort_order) VALUES ('hist-p1-mcq-079', '1.14 Key Groups: NAACP, SCLC, SNCC, Nation of Islam', 'SL/HL', 'P1-RP', 'The NAACP''s primary strategy was:', 'Armed resistance', 'Legal challenges through the courts', 'Separatism and self-reliance', 'Economic boycotts only', 1, 'See mark scheme for detailed explanation.', 80);
INSERT OR IGNORE INTO history_mcq_questions (id, category, difficulty, unit, question_text, option_a, option_b, option_c, option_d, correct_option, explanation, sort_order) VALUES ('hist-p1-mcq-080', '1.14 Key Groups: NAACP, SCLC, SNCC, Nation of Islam', 'SL/HL', 'P1-RP', 'SNCC differed from the SCLC primarily in that SNCC was:', 'Opposed to civil rights', 'Student-led and often more willing to take direct action at the grassroots level', 'Only active in Northern cities', 'A legal organisation', 1, 'See mark scheme for detailed explanation.', 81);
INSERT OR IGNORE INTO history_mcq_questions (id, category, difficulty, unit, question_text, option_a, option_b, option_c, option_d, correct_option, explanation, sort_order) VALUES ('hist-p1-mcq-081', '2.1 ''Petty Apartheid'' and ''Grand Apartheid'' Legislation', 'SL/HL', 'P1-RP', 'The Population Registration Act (1950) required:', 'All South Africans to register with a political party', 'Classification of all citizens into racial categories', 'Universal suffrage for all races', 'Equal distribution of land', 1, 'See mark scheme for detailed explanation.', 82);
INSERT OR IGNORE INTO history_mcq_questions (id, category, difficulty, unit, question_text, option_a, option_b, option_c, option_d, correct_option, explanation, sort_order) VALUES ('hist-p1-mcq-082', '2.1 ''Petty Apartheid'' and ''Grand Apartheid'' Legislation', 'SL/HL', 'P1-RP', '''Grand Apartheid'' refers to:', 'Segregation of public facilities', 'Large-scale structural segregation including the homeland/Bantustan system', 'International sanctions against South Africa', 'The anti-apartheid movement', 1, 'See mark scheme for detailed explanation.', 83);
INSERT OR IGNORE INTO history_mcq_questions (id, category, difficulty, unit, question_text, option_a, option_b, option_c, option_d, correct_option, explanation, sort_order) VALUES ('hist-p1-mcq-083', '2.1 ''Petty Apartheid'' and ''Grand Apartheid'' Legislation', 'SL/HL', 'P1-RP', 'The Group Areas Act (1950):', 'Allowed all races to live anywhere', 'Designated specific residential areas for each racial group', 'Created employment equality', 'Was voluntary for all citizens', 1, 'See mark scheme for detailed explanation.', 84);
INSERT OR IGNORE INTO history_mcq_questions (id, category, difficulty, unit, question_text, option_a, option_b, option_c, option_d, correct_option, explanation, sort_order) VALUES ('hist-p1-mcq-084', '2.2 Division and Classification: Segregation, Townships, Forced Removals', 'SL/HL', 'P1-RP', 'The purpose of the Bantustan system was to:', 'Create independent, prosperous Black states', 'Strip Black South Africans of citizenship and deny them political rights in South Africa', 'Integrate all races within South Africa', 'Provide quality education to all citizens', 1, 'See mark scheme for detailed explanation.', 85);
INSERT OR IGNORE INTO history_mcq_questions (id, category, difficulty, unit, question_text, option_a, option_b, option_c, option_d, correct_option, explanation, sort_order) VALUES ('hist-p1-mcq-085', '2.2 Division and Classification: Segregation, Townships, Forced Removals', 'SL/HL', 'P1-RP', 'The Bantu Education Act (1953) was designed to:', 'Provide equal education for all races', 'Prepare Black South Africans only for manual labour and low-skilled work', 'Train future Black political leaders', 'Integrate schools across racial lines', 1, 'See mark scheme for detailed explanation.', 86);
INSERT OR IGNORE INTO history_mcq_questions (id, category, difficulty, unit, question_text, option_a, option_b, option_c, option_d, correct_option, explanation, sort_order) VALUES ('hist-p1-mcq-086', '2.3 Protests and Action: The Defiance Campaign and Non-Violent', 'SL/HL', 'P1-RP', 'The Defiance Campaign (1952) was significant because:', 'It overthrew the apartheid government', 'It was the first major mass civil disobedience campaign against apartheid and dramatically increased ANC membership', 'It was entirely unsuccessful', 'It was organised by the government', 1, 'See mark scheme for detailed explanation.', 87);
INSERT OR IGNORE INTO history_mcq_questions (id, category, difficulty, unit, question_text, option_a, option_b, option_c, option_d, correct_option, explanation, sort_order) VALUES ('hist-p1-mcq-087', '2.3 Protests and Action: The Defiance Campaign and Non-Violent', 'SL/HL', 'P1-RP', 'The Freedom Charter (1955) called for:', 'Continued white minority rule', 'A non-racial, democratic South Africa where the country belongs to all who live in it', 'Armed revolution and communist government', 'Separation of all racial groups into independent states', 1, 'See mark scheme for detailed explanation.', 88);
INSERT OR IGNORE INTO history_mcq_questions (id, category, difficulty, unit, question_text, option_a, option_b, option_c, option_d, correct_option, explanation, sort_order) VALUES ('hist-p1-mcq-088', '2.4 Sharpeville Massacre (1960) and the Turn to Armed Struggle', 'SL/HL', 'P1-RP', 'The Sharpeville Massacre (1960) was a turning point because:', 'It ended apartheid immediately', 'It led to the banning of the ANC and PAC and the adoption of armed struggle', 'It strengthened international support for the apartheid government', 'It was a minor incident with little impact', 1, 'See mark scheme for detailed explanation.', 89);
INSERT OR IGNORE INTO history_mcq_questions (id, category, difficulty, unit, question_text, option_a, option_b, option_c, option_d, correct_option, explanation, sort_order) VALUES ('hist-p1-mcq-089', '2.4 Sharpeville Massacre (1960) and the Turn to Armed Struggle', 'SL/HL', 'P1-RP', 'Umkhonto we Sizwe (MK) was:', 'A peaceful protest organisation', 'The armed wing of the ANC, founded after non-violent methods were deemed insufficient', 'A government security force', 'A trade union', 1, 'See mark scheme for detailed explanation.', 90);
INSERT OR IGNORE INTO history_mcq_questions (id, category, difficulty, unit, question_text, option_a, option_b, option_c, option_d, correct_option, explanation, sort_order) VALUES ('hist-p1-mcq-090', '2.5 Nelson Mandela and the Rivonia Trial (1963--64)', 'SL/HL', 'P1-RP', 'The Rivonia Trial (1963--64) resulted in:', 'The acquittal of all defendants', 'Life imprisonment for Mandela and other MK leaders', 'The end of apartheid', 'International recognition of the South African government', 1, 'See mark scheme for detailed explanation.', 91);
INSERT OR IGNORE INTO history_mcq_questions (id, category, difficulty, unit, question_text, option_a, option_b, option_c, option_d, correct_option, explanation, sort_order) VALUES ('hist-p1-mcq-091', '2.5 Nelson Mandela and the Rivonia Trial (1963--64)', 'SL/HL', 'P1-RP', 'Mandela''s speech from the dock was significant because:', 'He pleaded guilty to all charges', 'He articulated his commitment to democracy and willingness to die for freedom, making him an international symbol', 'He denounced the ANC', 'It was never published', 1, 'See mark scheme for detailed explanation.', 92);
INSERT OR IGNORE INTO history_mcq_questions (id, category, difficulty, unit, question_text, option_a, option_b, option_c, option_d, correct_option, explanation, sort_order) VALUES ('hist-p1-mcq-092', '2.6 Role of Key Actors: Albert Luthuli, Robert Sobukwe, Desmond Tutu', 'SL/HL', 'P1-RP', 'Albert Luthuli is significant because he:', 'Founded the PAC', 'Led the ANC and was the first African to receive the Nobel Peace Prize', 'Organised the Soweto uprising', 'Was the first president of democratic South Africa', 1, 'See mark scheme for detailed explanation.', 93);
INSERT OR IGNORE INTO history_mcq_questions (id, category, difficulty, unit, question_text, option_a, option_b, option_c, option_d, correct_option, explanation, sort_order) VALUES ('hist-p1-mcq-093', '2.6 Role of Key Actors: Albert Luthuli, Robert Sobukwe, Desmond Tutu', 'SL/HL', 'P1-RP', 'Robert Sobukwe differed from ANC leaders primarily in his:', 'Support for apartheid', 'More Africanist ideology and rejection of multi-racial alliances', 'Opposition to all forms of protest', 'Support for white minority rule', 1, 'See mark scheme for detailed explanation.', 94);

-- Written questions (9 marks)
INSERT OR IGNORE INTO history_written_questions (id, category, difficulty, question_type, unit, marks, question_text, mark_scheme, sort_order) VALUES ('hist-p1-wq-019', '1.1 Racism and Violence Against African Americans; the Ku Klux Klan', 'SL/HL', 'short_answer', 'P1-RP', 9, 'Examine the nature and impact of racial discrimination in the United States before the civil rights movement.', '• Legal discrimination: Jim Crow laws, Plessy v. Ferguson, disenfranchisement.
• Violence and terror: KKK, lynching, White Citizens'' Councils.
• Impact on individuals and communities: social, economic, psychological effects.
• Significance of key cases (Emmett Till) in raising awareness.
• Band 4 (7-9): Comprehensive analysis linking legal, social, and violent forms of discrimination.', 20);
INSERT OR IGNORE INTO history_written_questions (id, category, difficulty, question_type, unit, marks, question_text, mark_scheme, sort_order) VALUES ('hist-p1-wq-020', '1.2 Disenfranchisement of African Americans', 'SL/HL', 'short_answer', 'P1-RP', 9, 'Evaluate the effectiveness of methods used to disenfranchise African Americans in the South.', '• Methods: poll taxes, literacy tests, grandfather clauses, white primaries, intimidation.
• Effectiveness: by 1940, only 3% of eligible Black Southerners were registered to vote in some states.
• Legal framework: undermined 15th Amendment while maintaining constitutional appearance.
• Consequences: political powerlessness reinforced social and economic inequality.
• Band 4 (7-9): Detailed analysis of multiple methods with evidence of their cumulative impact.', 21);
INSERT OR IGNORE INTO history_written_questions (id, category, difficulty, question_type, unit, marks, question_text, mark_scheme, sort_order) VALUES ('hist-p1-wq-021', '1.3 Segregation and Education: Brown v. Board of Education (1954)', 'SL/HL', 'short_answer', 'P1-RP', 9, 'Evaluate the significance of Brown v. Board of Education (1954) for the civil rights movement.', '• Legal significance: overturned Plessy v. Ferguson for education; established that segregation was unconstitutional.
• Symbolic significance: demonstrated that the federal judiciary could support civil rights.
• Limitations: Brown II allowed delays; Massive Resistance; actual desegregation was slow.
• Catalyst: inspired further activism (Montgomery, sit-ins); showed legal victories were possible.
• Band 4 (7-9): Balanced evaluation of both significance and limitations.', 22);
INSERT OR IGNORE INTO history_written_questions (id, category, difficulty, question_type, unit, marks, question_text, mark_scheme, sort_order) VALUES ('hist-p1-wq-022', '1.4 Little Rock Crisis (1957)', 'SL/HL', 'short_answer', 'P1-RP', 9, 'Evaluate the significance of the Little Rock crisis (1957) for the civil rights movement.', '• Events: Faubus''s defiance, mob violence, Eisenhower''s deployment of federal troops.
• Significance: federal vs. state authority; media coverage attracted international attention.
• Limitations: integration remained slow; only one of the Nine graduated from Central High.
• Broader impact: demonstrated that Brown could be enforced; emboldened further activism.
• Band 4 (7-9): Analysis of both significance and limitations with specific evidence.', 23);
INSERT OR IGNORE INTO history_written_questions (id, category, difficulty, question_type, unit, marks, question_text, mark_scheme, sort_order) VALUES ('hist-p1-wq-023', '1.5 Economic and Social Discrimination; Legacy of Jim Crow Laws', 'SL/HL', 'short_answer', 'P1-RP', 9, 'Examine the nature and impact of economic and social discrimination on African Americans.', '• Economic: lower wages, job exclusion, sharecropping, union discrimination.
• Social: housing segregation, redlining, restricted access to public facilities.
• Cumulative impact: poverty cycle, limited educational opportunities, health disparities.
• Connection to political activism: economic grievances as motivation for protest.
• Band 4 (7-9): Comprehensive analysis linking economic and social dimensions.', 24);
INSERT OR IGNORE INTO history_written_questions (id, category, difficulty, question_type, unit, marks, question_text, mark_scheme, sort_order) VALUES ('hist-p1-wq-024', '1.6 Non-Violent Protests: Montgomery Bus Boycott (1955--56)', 'SL/HL', 'short_answer', 'P1-RP', 9, 'Evaluate the significance of the Montgomery Bus Boycott (1955--56) for the civil rights movement.', '• Immediate impact: first major sustained community-wide Black protest in the South; economic pressure on bus company.
• Leadership: emergence of MLK as national figure; establishment of non-violent philosophy.
• Legal victory: Browder v. Gayle affirmed unconstitutionality of bus segregation.
• Limitations: only desegregated buses; Jim Crow remained in other areas; violence against activists continued.
• Broader significance: inspired future protests; demonstrated effectiveness of mass action and non-violence.
• Band 4 (7-9): Balanced analysis of significance and limitations with specific evidence.', 25);
INSERT OR IGNORE INTO history_written_questions (id, category, difficulty, question_type, unit, marks, question_text, mark_scheme, sort_order) VALUES ('hist-p1-wq-025', '1.7 Freedom Rides (1961)', 'SL/HL', 'short_answer', 'P1-RP', 9, 'Evaluate the effectiveness of the Freedom Rides (1961) in advancing civil rights.', '• Aims: test compliance with desegregation of interstate travel; provoke federal intervention.
• Methods: non-violent direct action; interracial groups challenging segregation.
• Results: violence attracted media attention; ICC ruling desegregated interstate terminals.
• Limitations: did not address broader segregation issues; violence deterred some participation.
• Band 4 (7-9): Clear evaluation of effectiveness with balanced consideration of achievements and limitations.', 26);
INSERT OR IGNORE INTO history_written_questions (id, category, difficulty, question_type, unit, marks, question_text, mark_scheme, sort_order) VALUES ('hist-p1-wq-026', '1.8 Freedom Summer (1964)', 'SL/HL', 'short_answer', 'P1-RP', 9, 'Evaluate the significance of Freedom Summer (1964) for the civil rights movement.', '• Aims and methods: voter registration, Freedom Schools, community organising.
• Violence: murders of civil rights workers; widespread intimidation.
• Political impact: MFDP challenge at Democratic Convention; Fannie Lou Hamer''s testimony.
• Legislative impact: contributed to momentum for Voting Rights Act (1965).
• Limitations: few African Americans actually registered; internal tensions within the movement.
• Band 4 (7-9): Balanced evaluation with clear judgement about overall significance.', 27);
INSERT OR IGNORE INTO history_written_questions (id, category, difficulty, question_type, unit, marks, question_text, mark_scheme, sort_order) VALUES ('hist-p1-wq-027', '1.9 Legislative Changes: Civil Rights Act (1964)', 'SL/HL', 'short_answer', 'P1-RP', 9, 'Evaluate the factors that led to the passage of the Civil Rights Act (1964).', '• Grassroots activism: Birmingham Campaign, March on Washington, years of protests.
• Media impact: television coverage of violence and injustice shifted public opinion.
• Political leadership: Kennedy''s proposal, Johnson''s legislative skill.
• Historical context: Cold War pressure, moral arguments, Kennedy''s assassination.
• Band 4 (7-9): Multi-causal analysis with evaluation of relative importance of factors.', 28);
INSERT OR IGNORE INTO history_written_questions (id, category, difficulty, question_type, unit, marks, question_text, mark_scheme, sort_order) VALUES ('hist-p1-wq-028', '1.10 Voting Rights Act (1965)', 'SL/HL', 'short_answer', 'P1-RP', 9, 'Evaluate the significance of the Voting Rights Act (1965) for African Americans.', '• Context: Selma marches, Bloody Sunday, years of voter registration campaigns.
• Provisions: banned literacy tests, authorised federal oversight, opened elections to African Americans.
• Impact: dramatic increase in Black voter registration and elected officials.
• Limitations: did not address economic inequality; ongoing challenges to voting access.
• Band 4 (7-9): Clear evaluation of significance balanced against remaining challenges.', 29);
INSERT OR IGNORE INTO history_written_questions (id, category, difficulty, question_type, unit, marks, question_text, mark_scheme, sort_order) VALUES ('hist-p1-wq-029', '1.11 Role of Martin Luther King Jr.', 'SL/HL', 'short_answer', 'P1-RP', 9, 'Evaluate the role and significance of Martin Luther King Jr. in the civil rights movement.', '• Leadership: Montgomery, Birmingham, Selma, March on Washington; Nobel Peace Prize.
• Philosophy: non-violence as both moral principle and strategic tool.
• Impact: galvanised support, attracted media attention, influenced legislation.
• Limitations/criticism: accused of being too moderate by some; did not solve economic inequality.
• Historiography: some argue the movement was driven by grassroots activists, not just MLK.
• Band 4 (7-9): Nuanced evaluation considering multiple perspectives on MLK''s role.', 30);
INSERT OR IGNORE INTO history_written_questions (id, category, difficulty, question_type, unit, marks, question_text, mark_scheme, sort_order) VALUES ('hist-p1-wq-030', '1.12 Role of Malcolm X', 'SL/HL', 'short_answer', 'P1-RP', 9, 'Compare and contrast the roles of Martin Luther King Jr. and Malcolm X in the civil rights movement.', '• MLK: non-violence, integration, moral persuasion, legal change, Southern focus.
• Malcolm X: self-defence, Black empowerment, separatism (initially), Northern urban focus.
• Both: sought to end racial oppression; influenced by religion; became international figures.
• Significance: each appealed to different constituencies and contributed differently to the movement.
• Band 4 (7-9): Structured comparison with analysis of both similarities and differences.', 31);
INSERT OR IGNORE INTO history_written_questions (id, category, difficulty, question_type, unit, marks, question_text, mark_scheme, sort_order) VALUES ('hist-p1-wq-031', '1.13 Role of Lyndon B. Johnson', 'SL/HL', 'short_answer', 'P1-RP', 9, 'Evaluate the role of Lyndon B. Johnson in advancing civil rights.', '• Legislative achievements: Civil Rights Act (1964), Voting Rights Act (1965), Great Society programmes.
• Political skill: broke Senate filibuster, used Kennedy''s legacy, persuaded reluctant legislators.
• Motivations: genuine commitment? Political calculation? Both?
• Limitations: Vietnam War diverted attention and resources; did not resolve economic inequality.
• Band 4 (7-9): Nuanced evaluation of Johnson''s role with consideration of multiple perspectives.', 32);
INSERT OR IGNORE INTO history_written_questions (id, category, difficulty, question_type, unit, marks, question_text, mark_scheme, sort_order) VALUES ('hist-p1-wq-032', '1.14 Key Groups: NAACP, SCLC, SNCC, Nation of Islam', 'SL/HL', 'short_answer', 'P1-RP', 9, 'Evaluate the relative effectiveness of the key civil rights organisations (NAACP, SCLC, SNCC, Nation of Islam).', '• NAACP: legal victories (Brown v. Board); limited in direct action.
• SCLC: mass campaigns, media strategy, legislative pressure (Birmingham, Selma).
• SNCC: grassroots organising, voter registration, sit-ins; youth energy.
• Nation of Islam: Black pride and empowerment; limited engagement with mainstream civil rights.
• Evaluation: most effective as a collective ecosystem rather than any single organisation.
• Band 4 (7-9): Comparative analysis with clear evaluation of effectiveness.', 33);
INSERT OR IGNORE INTO history_written_questions (id, category, difficulty, question_type, unit, marks, question_text, mark_scheme, sort_order) VALUES ('hist-p1-wq-033', '2.1 ''Petty Apartheid'' and ''Grand Apartheid'' Legislation', 'SL/HL', 'short_answer', 'P1-RP', 9, 'Examine the nature of apartheid legislation in South Africa after 1948.', '• Petty Apartheid: everyday segregation of public facilities, social interaction.
• Grand Apartheid: Population Registration Act, Group Areas Act, Bantu Education, homeland system.
• Impact: comprehensive control of every aspect of Black South Africans'' lives.
• Purpose: maintain white minority political and economic power.
• Band 4 (7-9): Clear distinction between types of apartheid with analysis of their cumulative impact.', 34);
INSERT OR IGNORE INTO history_written_questions (id, category, difficulty, question_type, unit, marks, question_text, mark_scheme, sort_order) VALUES ('hist-p1-wq-034', '2.2 Division and Classification: Segregation, Townships, Forced Removals', 'SL/HL', 'short_answer', 'P1-RP', 9, 'Evaluate the impact of the apartheid classification system on Black South Africans.', '• Population Registration Act: racial classification determined every aspect of life.
• Spatial segregation: Group Areas Act, forced removals, Bantustans, townships.
• Movement control: pass laws restricting freedom of movement.
• Education: Bantu Education limited opportunities and perpetuated inequality.
• Impact: systematic dehumanisation, economic exploitation, destruction of communities.
• Band 4 (7-9): Comprehensive analysis of the interconnected impact of classification systems.', 35);
INSERT OR IGNORE INTO history_written_questions (id, category, difficulty, question_type, unit, marks, question_text, mark_scheme, sort_order) VALUES ('hist-p1-wq-035', '2.3 Protests and Action: The Defiance Campaign and Non-Violent', 'SL/HL', 'short_answer', 'P1-RP', 9, 'Evaluate the effectiveness of non-violent resistance against apartheid in South Africa up to 1960.', '• Campaigns: Defiance Campaign, Freedom Charter, Women''s March, bus boycotts.
• Achievements: raised awareness, grew ANC membership, international attention.
• Limitations: government responded with increased repression; apartheid was strengthened, not weakened.
• Significance of the Treason Trial: demonstrated state repression but also resilience of the movement.
• Context: leads to reassessment of strategy after Sharpeville (1960).
• Band 4 (7-9): Balanced evaluation of achievements and limitations of non-violent strategies.', 36);
INSERT OR IGNORE INTO history_written_questions (id, category, difficulty, question_type, unit, marks, question_text, mark_scheme, sort_order) VALUES ('hist-p1-wq-036', '2.4 Sharpeville Massacre (1960) and the Turn to Armed Struggle', 'SL/HL', 'short_answer', 'P1-RP', 9, 'Evaluate the significance of the Sharpeville Massacre (1960) for the anti-apartheid movement.', '• Events: PAC anti-pass protest, police opened fire, 69 killed.
• Immediate consequences: State of Emergency, banning of ANC and PAC.
• Strategic shift: formation of MK, turn to armed struggle.
• International impact: worldwide condemnation, beginning of sanctions movement.
• Long-term significance: radicalisation of the movement; Sharpeville as symbol of apartheid brutality.
• Band 4 (7-9): Analysis of both immediate and long-term significance.', 37);
INSERT OR IGNORE INTO history_written_questions (id, category, difficulty, question_type, unit, marks, question_text, mark_scheme, sort_order) VALUES ('hist-p1-wq-037', '2.5 Nelson Mandela and the Rivonia Trial (1963--64)', 'SL/HL', 'short_answer', 'P1-RP', 9, 'Evaluate the significance of Nelson Mandela for the anti-apartheid movement up to 1964.', '• Early activism: ANC Youth League, Defiance Campaign, Freedom Charter.
• Armed struggle: co-founded MK; strategic decision to adopt sabotage.
• Rivonia Trial: speech from the dock; transformation into international symbol.
• Impact of imprisonment: galvanised international solidarity; ''Free Mandela'' campaign.
• Limitations: imprisonment removed him from active leadership; ANC weakened inside South Africa.
• Band 4 (7-9): Nuanced evaluation of Mandela''s significance with balanced consideration of impact.', 38);
INSERT OR IGNORE INTO history_written_questions (id, category, difficulty, question_type, unit, marks, question_text, mark_scheme, sort_order) VALUES ('hist-p1-wq-038', '2.6 Role of Key Actors: Albert Luthuli, Robert Sobukwe, Desmond Tutu', 'SL/HL', 'short_answer', 'P1-RP', 9, 'Evaluate the role and significance of any two key individuals in the anti-apartheid movement.', '• Choose two: Mandela, Luthuli, Sobukwe, Tutu, Tambo.
• For each: describe their approach, key actions, and impact.
• Compare their contributions and assess relative significance.
• Consider different perspectives on their effectiveness.
• Band 4 (7-9): Detailed analysis of chosen individuals with clear comparative evaluation.', 39);

-- ══ Move to Global War (unit = 'P1-MGW') ═══════════════════════════════════

-- Category colors
INSERT OR IGNORE INTO history_category_colors (category, color) VALUES ('1.1 Impact of Japanese Nationalism and Militarism on Foreign Policy', '#8B6B9E');
INSERT OR IGNORE INTO history_category_colors (category, color) VALUES ('1.2 Japanese Domestic Issues: Political and Economic Issues', '#8B6B9E');
INSERT OR IGNORE INTO history_category_colors (category, color) VALUES ('1.3 Political Instability in China', '#8B6B9E');
INSERT OR IGNORE INTO history_category_colors (category, color) VALUES ('1.4 Japanese Invasion of Manchuria and Northern China (1931)', '#8B6B9E');
INSERT OR IGNORE INTO history_category_colors (category, color) VALUES ('1.5 The Sino-Japanese War (1937--1941)', '#8B6B9E');
INSERT OR IGNORE INTO history_category_colors (category, color) VALUES ('1.6 The Tripartite Pact, Pearl Harbor, and the Outbreak of War (1941)', '#8B6B9E');
INSERT OR IGNORE INTO history_category_colors (category, color) VALUES ('1.7 League of Nations and the Lytton Report', '#8B6B9E');
INSERT OR IGNORE INTO history_category_colors (category, color) VALUES ('1.8 The Second United Front', '#8B6B9E');
INSERT OR IGNORE INTO history_category_colors (category, color) VALUES ('1.9 International Response: US Initiatives and US-Japan Tensions', '#8B6B9E');
INSERT OR IGNORE INTO history_category_colors (category, color) VALUES ('2.1 Impact of Fascism and Nazism on Foreign Policies of Italy and', '#8B6B9E');
INSERT OR IGNORE INTO history_category_colors (category, color) VALUES ('2.2 Impact of Domestic Economic Issues on Foreign Policies', '#8B6B9E');
INSERT OR IGNORE INTO history_category_colors (category, color) VALUES ('2.3 Changing Diplomatic Alignments; End of Collective Security;', '#8B6B9E');
INSERT OR IGNORE INTO history_category_colors (category, color) VALUES ('2.4 German Challenges to the Post-War Settlements (1933--1938)', '#8B6B9E');
INSERT OR IGNORE INTO history_category_colors (category, color) VALUES ('2.5 Italian Expansion: Abyssinia (1935--36), Albania, Entry into WWII', '#8B6B9E');
INSERT OR IGNORE INTO history_category_colors (category, color) VALUES ('2.6 German Expansion (1938--39): Pact of Steel, Nazi-Soviet Pact,', '#8B6B9E');
INSERT OR IGNORE INTO history_category_colors (category, color) VALUES ('2.7 International Response to German Aggression (1933--1938)', '#8B6B9E');
INSERT OR IGNORE INTO history_category_colors (category, color) VALUES ('2.8 International Response to Italian Aggression (1935--36)', '#8B6B9E');
INSERT OR IGNORE INTO history_category_colors (category, color) VALUES ('2.9 International Response to German and Italian Aggression (1940)', '#8B6B9E');

-- Checklist sections & items
INSERT OR IGNORE INTO history_checklist_sections (id, title, color, unit, sort_order) VALUES ('hist-p1-mgw-cl-1.1', '1.1 — Impact of Japanese Nationalism and Militarism on Foreign Policy', '#8B6B9E', 'P1-MGW', 39);
INSERT INTO history_checklist_items (section_id, text, sort_order) VALUES ('hist-p1-mgw-cl-1.1', 'I can explain how Meiji-era modernisation laid the groundwork for Japanese militarism.', 1);
INSERT INTO history_checklist_items (section_id, text, sort_order) VALUES ('hist-p1-mgw-cl-1.1', 'I can describe the influence of Bushido and emperor worship on foreign policy.', 2);
INSERT INTO history_checklist_items (section_id, text, sort_order) VALUES ('hist-p1-mgw-cl-1.1', 'I can explain the role of the Kwantung Army in driving expansionist policy.', 3);
INSERT INTO history_checklist_items (section_id, text, sort_order) VALUES ('hist-p1-mgw-cl-1.1', 'I can discuss how Pan-Asianism was used to justify Japanese expansion.', 4);
INSERT INTO history_checklist_items (section_id, text, sort_order) VALUES ('hist-p1-mgw-cl-1.1', 'I can analyse the impact of the Cardinal Principles (1937) on ultra-nationalism.', 5);
INSERT INTO history_checklist_items (section_id, text, sort_order) VALUES ('hist-p1-mgw-cl-1.1', 'I can evaluate the extent to which the military influenced government policy by the 1930s.', 6);
INSERT OR IGNORE INTO history_checklist_sections (id, title, color, unit, sort_order) VALUES ('hist-p1-mgw-cl-1.2', '1.2 — Japanese Domestic Issues: Political and Economic Issues', '#8B6B9E', 'P1-MGW', 40);
INSERT INTO history_checklist_items (section_id, text, sort_order) VALUES ('hist-p1-mgw-cl-1.2', 'I can explain the decline of Taisho Democracy and the rise of military influence.', 1);
INSERT INTO history_checklist_items (section_id, text, sort_order) VALUES ('hist-p1-mgw-cl-1.2', 'I can describe the role of the Zaibatsu in Japan''s political economy.', 2);
INSERT INTO history_checklist_items (section_id, text, sort_order) VALUES ('hist-p1-mgw-cl-1.2', 'I can analyse how the Great Depression intensified support for expansionism.', 3);
INSERT INTO history_checklist_items (section_id, text, sort_order) VALUES ('hist-p1-mgw-cl-1.2', 'I can discuss the significance of the 15 May 1932 and 26 February 1936 incidents.', 4);
INSERT INTO history_checklist_items (section_id, text, sort_order) VALUES ('hist-p1-mgw-cl-1.2', 'I can evaluate the impact of the rural-urban divide on political radicalisation.', 5);
INSERT INTO history_checklist_items (section_id, text, sort_order) VALUES ('hist-p1-mgw-cl-1.2', 'I can link domestic economic issues to the adoption of aggressive foreign policy.', 6);
INSERT OR IGNORE INTO history_checklist_sections (id, title, color, unit, sort_order) VALUES ('hist-p1-mgw-cl-1.3', '1.3 — Political Instability in China', '#8B6B9E', 'P1-MGW', 41);
INSERT INTO history_checklist_items (section_id, text, sort_order) VALUES ('hist-p1-mgw-cl-1.3', 'I can describe the political fragmentation of China in the early 20th century.', 1);
INSERT INTO history_checklist_items (section_id, text, sort_order) VALUES ('hist-p1-mgw-cl-1.3', 'I can explain the GMD-CCP rivalry and its impact on China''s resistance to Japan.', 2);
INSERT INTO history_checklist_items (section_id, text, sort_order) VALUES ('hist-p1-mgw-cl-1.3', 'I can analyse Chiang Kai-shek''s policy of prioritising internal enemies over Japan.', 3);
INSERT INTO history_checklist_items (section_id, text, sort_order) VALUES ('hist-p1-mgw-cl-1.3', 'I can describe the Xi''an Incident and its significance for the Second United Front.', 4);
INSERT INTO history_checklist_items (section_id, text, sort_order) VALUES ('hist-p1-mgw-cl-1.3', 'I can evaluate the extent to which Chinese weakness enabled Japanese expansion.', 5);
INSERT OR IGNORE INTO history_checklist_sections (id, title, color, unit, sort_order) VALUES ('hist-p1-mgw-cl-1.4', '1.4 — Japanese Invasion of Manchuria and Northern China (1931)', '#8B6B9E', 'P1-MGW', 42);
INSERT INTO history_checklist_items (section_id, text, sort_order) VALUES ('hist-p1-mgw-cl-1.4', 'I can describe the Mukden Incident and explain how it was a false-flag operation.', 1);
INSERT INTO history_checklist_items (section_id, text, sort_order) VALUES ('hist-p1-mgw-cl-1.4', 'I can explain the establishment and nature of Manchukuo as a puppet state.', 2);
INSERT INTO history_checklist_items (section_id, text, sort_order) VALUES ('hist-p1-mgw-cl-1.4', 'I can analyse the strategic and economic reasons for invading Manchuria.', 3);
INSERT INTO history_checklist_items (section_id, text, sort_order) VALUES ('hist-p1-mgw-cl-1.4', 'I can describe the Tanggu Truce and its implications.', 4);
INSERT INTO history_checklist_items (section_id, text, sort_order) VALUES ('hist-p1-mgw-cl-1.4', 'I can evaluate the international response to the Manchurian invasion.', 5);
INSERT OR IGNORE INTO history_checklist_sections (id, title, color, unit, sort_order) VALUES ('hist-p1-mgw-cl-1.5', '1.5 — The Sino-Japanese War (1937--1941)', '#8B6B9E', 'P1-MGW', 43);
INSERT INTO history_checklist_items (section_id, text, sort_order) VALUES ('hist-p1-mgw-cl-1.5', 'I can describe the Marco Polo Bridge Incident and its significance.', 1);
INSERT INTO history_checklist_items (section_id, text, sort_order) VALUES ('hist-p1-mgw-cl-1.5', 'I can explain the course of the Sino-Japanese War from 1937 to 1941.', 2);
INSERT INTO history_checklist_items (section_id, text, sort_order) VALUES ('hist-p1-mgw-cl-1.5', 'I can discuss the Rape of Nanjing and its significance.', 3);
INSERT INTO history_checklist_items (section_id, text, sort_order) VALUES ('hist-p1-mgw-cl-1.5', 'I can analyse the effectiveness of the Second United Front.', 4);
INSERT INTO history_checklist_items (section_id, text, sort_order) VALUES ('hist-p1-mgw-cl-1.5', 'I can evaluate why the war reached a stalemate by 1938.', 5);
INSERT OR IGNORE INTO history_checklist_sections (id, title, color, unit, sort_order) VALUES ('hist-p1-mgw-cl-1.6', '1.6 — The Tripartite Pact, Pearl Harbor, and the Outbreak of War (1941)', '#8B6B9E', 'P1-MGW', 44);
INSERT INTO history_checklist_items (section_id, text, sort_order) VALUES ('hist-p1-mgw-cl-1.6', 'I can explain the significance of the Tripartite Pact and Anti-Comintern Pact.', 1);
INSERT INTO history_checklist_items (section_id, text, sort_order) VALUES ('hist-p1-mgw-cl-1.6', 'I can describe the Greater East Asia Co-Prosperity Sphere and its purposes.', 2);
INSERT INTO history_checklist_items (section_id, text, sort_order) VALUES ('hist-p1-mgw-cl-1.6', 'I can trace the escalation of US-Japan tensions from 1940 to 1941.', 3);
INSERT INTO history_checklist_items (section_id, text, sort_order) VALUES ('hist-p1-mgw-cl-1.6', 'I can analyse the decision-making behind the Pearl Harbor attack.', 4);
INSERT INTO history_checklist_items (section_id, text, sort_order) VALUES ('hist-p1-mgw-cl-1.6', 'I can evaluate whether Pearl Harbor was an act of desperation or calculated strategy.', 5);
INSERT OR IGNORE INTO history_checklist_sections (id, title, color, unit, sort_order) VALUES ('hist-p1-mgw-cl-1.7', '1.7 — League of Nations and the Lytton Report', '#8B6B9E', 'P1-MGW', 45);
INSERT INTO history_checklist_items (section_id, text, sort_order) VALUES ('hist-p1-mgw-cl-1.7', 'I can describe the Lytton Commission and its findings.', 1);
INSERT INTO history_checklist_items (section_id, text, sort_order) VALUES ('hist-p1-mgw-cl-1.7', 'I can explain why Japan rejected the Lytton Report and left the League.', 2);
INSERT INTO history_checklist_items (section_id, text, sort_order) VALUES ('hist-p1-mgw-cl-1.7', 'I can analyse the significance of the Manchurian crisis for collective security.', 3);
INSERT INTO history_checklist_items (section_id, text, sort_order) VALUES ('hist-p1-mgw-cl-1.7', 'I can evaluate the League of Nations'' effectiveness in responding to Japanese aggression.', 4);
INSERT OR IGNORE INTO history_checklist_sections (id, title, color, unit, sort_order) VALUES ('hist-p1-mgw-cl-1.8', '1.8 — The Second United Front', '#8B6B9E', 'P1-MGW', 46);
INSERT INTO history_checklist_items (section_id, text, sort_order) VALUES ('hist-p1-mgw-cl-1.8', 'I can explain how and why the Second United Front was formed.', 1);
INSERT INTO history_checklist_items (section_id, text, sort_order) VALUES ('hist-p1-mgw-cl-1.8', 'I can analyse the effectiveness of the United Front in resisting Japan.', 2);
INSERT INTO history_checklist_items (section_id, text, sort_order) VALUES ('hist-p1-mgw-cl-1.8', 'I can discuss the internal tensions between the GMD and CCP within the Front.', 3);
INSERT INTO history_checklist_items (section_id, text, sort_order) VALUES ('hist-p1-mgw-cl-1.8', 'I can evaluate why the United Front ultimately failed.', 4);
INSERT OR IGNORE INTO history_checklist_sections (id, title, color, unit, sort_order) VALUES ('hist-p1-mgw-cl-1.9', '1.9 — International Response: US Initiatives and US-Japan Tensions', '#8B6B9E', 'P1-MGW', 47);
INSERT INTO history_checklist_items (section_id, text, sort_order) VALUES ('hist-p1-mgw-cl-1.9', 'I can describe the Stimson Doctrine and its limitations.', 1);
INSERT INTO history_checklist_items (section_id, text, sort_order) VALUES ('hist-p1-mgw-cl-1.9', 'I can explain the significance of Roosevelt''s Quarantine Speech.', 2);
INSERT INTO history_checklist_items (section_id, text, sort_order) VALUES ('hist-p1-mgw-cl-1.9', 'I can trace the escalation of US-Japan tensions from 1937 to 1941.', 3);
INSERT INTO history_checklist_items (section_id, text, sort_order) VALUES ('hist-p1-mgw-cl-1.9', 'I can analyse the impact of the US oil embargo on Japanese decision-making.', 4);
INSERT INTO history_checklist_items (section_id, text, sort_order) VALUES ('hist-p1-mgw-cl-1.9', 'I can evaluate whether the Hull Note made war between the US and Japan inevitable.', 5);
INSERT OR IGNORE INTO history_checklist_sections (id, title, color, unit, sort_order) VALUES ('hist-p1-mgw-cl-2.1', '2.1 — Impact of Fascism and Nazism on Foreign Policies of Italy and', '#8B6B9E', 'P1-MGW', 48);
INSERT INTO history_checklist_items (section_id, text, sort_order) VALUES ('hist-p1-mgw-cl-2.1', 'I can explain Hitler''s key foreign policy objectives and their ideological basis.', 1);
INSERT INTO history_checklist_items (section_id, text, sort_order) VALUES ('hist-p1-mgw-cl-2.1', 'I can describe Mussolini''s aims for Italian expansion and great power status.', 2);
INSERT INTO history_checklist_items (section_id, text, sort_order) VALUES ('hist-p1-mgw-cl-2.1', 'I can compare and contrast the foreign policy ideologies of Fascist Italy and Nazi Germany.', 3);
INSERT INTO history_checklist_items (section_id, text, sort_order) VALUES ('hist-p1-mgw-cl-2.1', 'I can analyse how ideology shaped actual foreign policy decisions.', 4);
INSERT INTO history_checklist_items (section_id, text, sort_order) VALUES ('hist-p1-mgw-cl-2.1', 'I can evaluate the extent to which Hitler''s foreign policy was a coherent plan vs. opportunism.', 5);
INSERT OR IGNORE INTO history_checklist_sections (id, title, color, unit, sort_order) VALUES ('hist-p1-mgw-cl-2.2', '2.2 — Impact of Domestic Economic Issues on Foreign Policies', '#8B6B9E', 'P1-MGW', 49);
INSERT INTO history_checklist_items (section_id, text, sort_order) VALUES ('hist-p1-mgw-cl-2.2', 'I can explain how autarky drove both German and Italian expansionism.', 1);
INSERT INTO history_checklist_items (section_id, text, sort_order) VALUES ('hist-p1-mgw-cl-2.2', 'I can describe the Four-Year Plan and its connection to war preparation.', 2);
INSERT INTO history_checklist_items (section_id, text, sort_order) VALUES ('hist-p1-mgw-cl-2.2', 'I can analyse the role of rearmament in the German economic recovery.', 3);
INSERT INTO history_checklist_items (section_id, text, sort_order) VALUES ('hist-p1-mgw-cl-2.2', 'I can discuss how Italian economic failures contributed to imperial ambitions.', 4);
INSERT INTO history_checklist_items (section_id, text, sort_order) VALUES ('hist-p1-mgw-cl-2.2', 'I can evaluate the relationship between economic policy and foreign policy aggression.', 5);
INSERT OR IGNORE INTO history_checklist_sections (id, title, color, unit, sort_order) VALUES ('hist-p1-mgw-cl-2.3', '2.3 — Changing Diplomatic Alignments; End of Collective Security;', '#8B6B9E', 'P1-MGW', 50);
INSERT INTO history_checklist_items (section_id, text, sort_order) VALUES ('hist-p1-mgw-cl-2.3', 'I can explain the policy of appeasement and its main justifications.', 1);
INSERT INTO history_checklist_items (section_id, text, sort_order) VALUES ('hist-p1-mgw-cl-2.3', 'I can describe the changing diplomatic alignments of the 1930s (Stresa Front, Rome-Berlin Axis).', 2);
INSERT INTO history_checklist_items (section_id, text, sort_order) VALUES ('hist-p1-mgw-cl-2.3', 'I can analyse the collapse of collective security through specific events.', 3);
INSERT INTO history_checklist_items (section_id, text, sort_order) VALUES ('hist-p1-mgw-cl-2.3', 'I can evaluate the strengths and weaknesses of appeasement as a policy.', 4);
INSERT INTO history_checklist_items (section_id, text, sort_order) VALUES ('hist-p1-mgw-cl-2.3', 'I can discuss how diplomatic realignments enabled German and Italian expansion.', 5);
INSERT OR IGNORE INTO history_checklist_sections (id, title, color, unit, sort_order) VALUES ('hist-p1-mgw-cl-2.4', '2.4 — German Challenges to the Post-War Settlements (1933--1938)', '#8B6B9E', 'P1-MGW', 51);
INSERT INTO history_checklist_items (section_id, text, sort_order) VALUES ('hist-p1-mgw-cl-2.4', 'I can list and explain Germany''s key challenges to the post-war settlements (1933--38).', 1);
INSERT INTO history_checklist_items (section_id, text, sort_order) VALUES ('hist-p1-mgw-cl-2.4', 'I can describe the remilitarisation of the Rhineland and explain why it was a turning point.', 2);
INSERT INTO history_checklist_items (section_id, text, sort_order) VALUES ('hist-p1-mgw-cl-2.4', 'I can analyse the Anschluss with Austria and international responses.', 3);
INSERT INTO history_checklist_items (section_id, text, sort_order) VALUES ('hist-p1-mgw-cl-2.4', 'I can explain the Sudetenland crisis and the Munich Agreement.', 4);
INSERT INTO history_checklist_items (section_id, text, sort_order) VALUES ('hist-p1-mgw-cl-2.4', 'I can evaluate whether Hitler''s actions were planned or opportunistic.', 5);
INSERT OR IGNORE INTO history_checklist_sections (id, title, color, unit, sort_order) VALUES ('hist-p1-mgw-cl-2.5', '2.5 — Italian Expansion: Abyssinia (1935--36), Albania, Entry into WWII', '#8B6B9E', 'P1-MGW', 52);
INSERT INTO history_checklist_items (section_id, text, sort_order) VALUES ('hist-p1-mgw-cl-2.5', 'I can describe the Italian invasion of Abyssinia and its causes.', 1);
INSERT INTO history_checklist_items (section_id, text, sort_order) VALUES ('hist-p1-mgw-cl-2.5', 'I can explain the League of Nations'' response and why sanctions failed.', 2);
INSERT INTO history_checklist_items (section_id, text, sort_order) VALUES ('hist-p1-mgw-cl-2.5', 'I can analyse the impact of the Abyssinian crisis on international relations.', 3);
INSERT INTO history_checklist_items (section_id, text, sort_order) VALUES ('hist-p1-mgw-cl-2.5', 'I can describe Italy''s annexation of Albania and entry into WWII.', 4);
INSERT INTO history_checklist_items (section_id, text, sort_order) VALUES ('hist-p1-mgw-cl-2.5', 'I can evaluate how effective Italian expansion was in achieving Mussolini''s aims.', 5);
INSERT OR IGNORE INTO history_checklist_sections (id, title, color, unit, sort_order) VALUES ('hist-p1-mgw-cl-2.6', '2.6 — German Expansion (1938--39): Pact of Steel, Nazi-Soviet Pact,', '#8B6B9E', 'P1-MGW', 53);
INSERT INTO history_checklist_items (section_id, text, sort_order) VALUES ('hist-p1-mgw-cl-2.6', 'I can explain the significance of Germany''s invasion of Czechoslovakia in March 1939.', 1);
INSERT INTO history_checklist_items (section_id, text, sort_order) VALUES ('hist-p1-mgw-cl-2.6', 'I can describe the Nazi-Soviet Pact and its secret protocols.', 2);
INSERT INTO history_checklist_items (section_id, text, sort_order) VALUES ('hist-p1-mgw-cl-2.6', 'I can analyse why Britain and France declared war over Poland but not Czechoslovakia.', 3);
INSERT INTO history_checklist_items (section_id, text, sort_order) VALUES ('hist-p1-mgw-cl-2.6', 'I can evaluate the significance of the Nazi-Soviet Pact for the outbreak of war.', 4);
INSERT INTO history_checklist_items (section_id, text, sort_order) VALUES ('hist-p1-mgw-cl-2.6', 'I can discuss the Danzig crisis and Polish resistance to German demands.', 5);
INSERT OR IGNORE INTO history_checklist_sections (id, title, color, unit, sort_order) VALUES ('hist-p1-mgw-cl-2.7', '2.7 — International Response to German Aggression (1933--1938)', '#8B6B9E', 'P1-MGW', 54);
INSERT INTO history_checklist_items (section_id, text, sort_order) VALUES ('hist-p1-mgw-cl-2.7', 'I can explain the different reasons for British appeasement.', 1);
INSERT INTO history_checklist_items (section_id, text, sort_order) VALUES ('hist-p1-mgw-cl-2.7', 'I can describe France''s defensive strategy and its limitations.', 2);
INSERT INTO history_checklist_items (section_id, text, sort_order) VALUES ('hist-p1-mgw-cl-2.7', 'I can analyse the failure of collective security against German aggression.', 3);
INSERT INTO history_checklist_items (section_id, text, sort_order) VALUES ('hist-p1-mgw-cl-2.7', 'I can discuss Soviet attempts to form anti-German alliances and why they failed.', 4);
INSERT INTO history_checklist_items (section_id, text, sort_order) VALUES ('hist-p1-mgw-cl-2.7', 'I can evaluate whether a stronger response could have prevented war.', 5);
INSERT OR IGNORE INTO history_checklist_sections (id, title, color, unit, sort_order) VALUES ('hist-p1-mgw-cl-2.8', '2.8 — International Response to Italian Aggression (1935--36)', '#8B6B9E', 'P1-MGW', 55);
INSERT INTO history_checklist_items (section_id, text, sort_order) VALUES ('hist-p1-mgw-cl-2.8', 'I can describe the international response to Italy''s invasion of Abyssinia.', 1);
INSERT INTO history_checklist_items (section_id, text, sort_order) VALUES ('hist-p1-mgw-cl-2.8', 'I can explain why League of Nations sanctions were ineffective.', 2);
INSERT INTO history_checklist_items (section_id, text, sort_order) VALUES ('hist-p1-mgw-cl-2.8', 'I can analyse the significance of the Hoare-Laval Pact.', 3);
INSERT INTO history_checklist_items (section_id, text, sort_order) VALUES ('hist-p1-mgw-cl-2.8', 'I can evaluate the impact of the Abyssinian crisis on the Stresa Front.', 4);
INSERT OR IGNORE INTO history_checklist_sections (id, title, color, unit, sort_order) VALUES ('hist-p1-mgw-cl-2.9', '2.9 — International Response to German and Italian Aggression (1940)', '#8B6B9E', 'P1-MGW', 56);
INSERT INTO history_checklist_items (section_id, text, sort_order) VALUES ('hist-p1-mgw-cl-2.9', 'I can describe the Fall of France and its impact on the war.', 1);
INSERT INTO history_checklist_items (section_id, text, sort_order) VALUES ('hist-p1-mgw-cl-2.9', 'I can explain the significance of the Battle of Britain.', 2);
INSERT INTO history_checklist_items (section_id, text, sort_order) VALUES ('hist-p1-mgw-cl-2.9', 'I can analyse Churchill''s role in shaping British war policy.', 3);
INSERT INTO history_checklist_items (section_id, text, sort_order) VALUES ('hist-p1-mgw-cl-2.9', 'I can discuss US support through Lend-Lease and its significance.', 4);
INSERT INTO history_checklist_items (section_id, text, sort_order) VALUES ('hist-p1-mgw-cl-2.9', 'I can evaluate the consequences of Italian military failures for the Axis.', 5);

-- Flashcard topics & cards
INSERT OR IGNORE INTO history_flashcard_topics (id, label, color, unit, sort_order) VALUES ('hist-p1-mgw-fc-1.1', '1.1 Impact of Japanese Nationalism and Militarism on Foreign Policy', '#8B6B9E', 'P1-MGW', 1);
INSERT INTO history_flashcards (topic_id, term, definition, sort_order) VALUES ('hist-p1-mgw-fc-1.1', 'Meiji Restoration (1868)', 'Modernisation of Japan; adoption of Western military technology and imperial ambitions; foundation for future expansionism.', 1);
INSERT INTO history_flashcards (topic_id, term, definition, sort_order) VALUES ('hist-p1-mgw-fc-1.1', 'Bushido', 'The warrior code of honour that underpinned Japanese military culture and justified sacrifice for the emperor and the nation.', 2);
INSERT INTO history_flashcards (topic_id, term, definition, sort_order) VALUES ('hist-p1-mgw-fc-1.1', 'Emperor worship (kokutai)', 'The belief in the divinity of the Emperor, used to rally national unity and justify imperial expansion as a sacred duty.', 3);
INSERT INTO history_flashcards (topic_id, term, definition, sort_order) VALUES ('hist-p1-mgw-fc-1.1', 'Kwantung Army', 'The Japanese military force stationed in Manchuria that acted independently and engineered the Mukden Incident in 1931.', 4);
INSERT INTO history_flashcards (topic_id, term, definition, sort_order) VALUES ('hist-p1-mgw-fc-1.1', 'Pan-Asianism', 'Ideology promoting Japanese leadership of Asia against Western imperialism; used to justify the Greater East Asia Co-Prosperity Sphere. Cardinal Principles of the Ministry of Education publication National Entity (Kokutai no asserting the Emperor''s divinity and Hongi, 1937) promoting self-sacrifice for the nation; fuelled ultra-nationalism. ☑', 5);
INSERT OR IGNORE INTO history_flashcard_topics (id, label, color, unit, sort_order) VALUES ('hist-p1-mgw-fc-1.2', '1.2 Japanese Domestic Issues: Political and Economic Issues', '#8B6B9E', 'P1-MGW', 2);
INSERT INTO history_flashcards (topic_id, term, definition, sort_order) VALUES ('hist-p1-mgw-fc-1.2', 'Zaibatsu', 'Powerful Japanese industrial and financial conglomerates (e.g. Mitsui, Mitsubishi) that influenced government policy and benefited from military expansion. Great Depression impact on Collapse of silk exports, mass rural Japan poverty, bank failures (1927 crisis: 25% of banks collapsed); fuelled support for military expansion.', 1);
INSERT INTO history_flashcards (topic_id, term, definition, sort_order) VALUES ('hist-p1-mgw-fc-1.2', '15 May Incident (1932)', 'Assassination of PM Inukai Tsuyoshi by ultra-nationalist naval officers; effectively ended party government in Japan.', 2);
INSERT INTO history_flashcards (topic_id, term, definition, sort_order) VALUES ('hist-p1-mgw-fc-1.2', '26 February Incident (1936)', 'Attempted military coup by young army officers; though it failed, it demonstrated military power over civilian politics.', 3);
INSERT INTO history_flashcards (topic_id, term, definition, sort_order) VALUES ('hist-p1-mgw-fc-1.2', 'Rural-urban divide', 'Rural populations, suffering most from economic hardship, were more conservative and nationalistic; many enlisted in the army, supporting expansionism. ☑', 4);
INSERT OR IGNORE INTO history_flashcard_topics (id, label, color, unit, sort_order) VALUES ('hist-p1-mgw-fc-1.3', '1.3 Political Instability in China', '#8B6B9E', 'P1-MGW', 3);
INSERT INTO history_flashcards (topic_id, term, definition, sort_order) VALUES ('hist-p1-mgw-fc-1.3', 'Warlord Era (1916--1928)', 'Period following the fall of the Qing Dynasty when regional military leaders controlled different parts of China, creating political fragmentation.', 1);
INSERT INTO history_flashcards (topic_id, term, definition, sort_order) VALUES ('hist-p1-mgw-fc-1.3', 'Guomindang (GMD/KMT)', 'Chinese Nationalist Party led by Chiang Kai-shek (Jiang Jieshi); sought to unify China but faced communist insurgency and Japanese aggression. Chinese Communist Party Founded 1921; led by Mao Zedong from (CCP) 1935; rival to the GMD, fighting a civil war that weakened China''s ability to resist Japan.', 2);
INSERT INTO history_flashcards (topic_id, term, definition, sort_order) VALUES ('hist-p1-mgw-fc-1.3', 'Chinese Civil War', 'Conflict between the GMD and CCP that diverted Chinese resources from resisting Japanese expansion and created political instability exploited by Japan.', 3);
INSERT INTO history_flashcards (topic_id, term, definition, sort_order) VALUES ('hist-p1-mgw-fc-1.3', 'Chiang Kai-shek''s strategy', 'Prioritised fighting the CCP over resisting Japan (''first internal pacification, then external resistance''), which enabled Japanese expansion.', 4);
INSERT INTO history_flashcards (topic_id, term, definition, sort_order) VALUES ('hist-p1-mgw-fc-1.3', 'Xi''an Incident (1936)', 'Kidnapping of Chiang Kai-shek by Zhang Xueliang, forcing a temporary GMD-CCP alliance (Second United Front) against Japan. ☑', 5);
INSERT OR IGNORE INTO history_flashcard_topics (id, label, color, unit, sort_order) VALUES ('hist-p1-mgw-fc-1.4', '1.4 Japanese Invasion of Manchuria and Northern China (1931)', '#8B6B9E', 'P1-MGW', 4);
INSERT INTO history_flashcards (topic_id, term, definition, sort_order) VALUES ('hist-p1-mgw-fc-1.4', 'Manchukuo (1932)', 'Japanese puppet state established in Manchuria; nominally led by Puyi, the last Qing emperor, but controlled by Japan.', 1);
INSERT INTO history_flashcards (topic_id, term, definition, sort_order) VALUES ('hist-p1-mgw-fc-1.4', 'South Manchuria Railway', 'Japanese-controlled railway whose ''sabotage'' was used as justification for the Manchurian invasion.', 2);
INSERT INTO history_flashcards (topic_id, term, definition, sort_order) VALUES ('hist-p1-mgw-fc-1.4', 'Tanggu Truce (1933)', 'Agreement creating a demilitarised zone south of the Great Wall; effectively recognised Japanese control of Manchuria. Strategic importance of Rich in coal, iron, and agricultural Manchuria resources; seen as vital for Japanese economic self-sufficiency and as a buffer against the Soviet Union. ☑', 3);
INSERT OR IGNORE INTO history_flashcard_topics (id, label, color, unit, sort_order) VALUES ('hist-p1-mgw-fc-1.5', '1.5 The Sino-Japanese War (1937--1941)', '#8B6B9E', 'P1-MGW', 5);
INSERT INTO history_flashcards (topic_id, term, definition, sort_order) VALUES ('hist-p1-mgw-fc-1.5', 'Rape of Nanjing (Dec 1937)', 'Massacre of an estimated 200,000--300,000 Chinese civilians and POWs by Japanese forces after capturing the Chinese capital.', 1);
INSERT INTO history_flashcards (topic_id, term, definition, sort_order) VALUES ('hist-p1-mgw-fc-1.5', 'Second United Front (1937)', 'Uneasy alliance between the GMD and CCP to resist Japanese invasion, following the Xi''an Incident. Japanese ''Three Alls'' ''Kill all, burn all, loot all'' -- Policy scorched earth strategy used against Chinese resistance, particularly in rural areas. Chongqing as wartime After Nanjing fell, the GMD relocated capital its capital to Chongqing in southwest China, continuing resistance.', 2);
INSERT INTO history_flashcards (topic_id, term, definition, sort_order) VALUES ('hist-p1-mgw-fc-1.5', 'Stalemate (1938--1941)', 'After initial rapid advances, the war reached a stalemate as China traded space for time and Japan struggled to control vast territory. ☑', 3);
INSERT OR IGNORE INTO history_flashcard_topics (id, label, color, unit, sort_order) VALUES ('hist-p1-mgw-fc-1.6', '1.6 The Tripartite Pact, Pearl Harbor, and the Outbreak of War (1941)', '#8B6B9E', 'P1-MGW', 6);
INSERT INTO history_flashcards (topic_id, term, definition, sort_order) VALUES ('hist-p1-mgw-fc-1.6', 'Tripartite Pact (Sept 1940)', 'Alliance between Germany, Italy, and Japan; each recognised the other''s sphere of influence and agreed mutual assistance.', 1);
INSERT INTO history_flashcards (topic_id, term, definition, sort_order) VALUES ('hist-p1-mgw-fc-1.6', 'Anti-Comintern Pact (1936)', 'Agreement between Japan and Germany (Italy joined 1937) opposing the Communist International; precursor to the Tripartite Pact. Greater East Asia Japanese concept of an Asia-Pacific Co-Prosperity Sphere bloc free from Western imperialism, under Japanese leadership; used to justify expansion. Japanese occupation of Japan moved into French Indochina, Indochina (1940--41) triggering US oil embargo and asset freezing -- critical steps toward Pearl Harbor.', 2);
INSERT INTO history_flashcards (topic_id, term, definition, sort_order) VALUES ('hist-p1-mgw-fc-1.6', 'Pearl Harbor (7 Dec 1941)', 'Surprise Japanese attack on the US naval base in Hawaii; brought the US into WWII and transformed the conflict into a global war.', 3);
INSERT INTO history_flashcards (topic_id, term, definition, sort_order) VALUES ('hist-p1-mgw-fc-1.6', 'US oil embargo (1941)', 'After Japan occupied southern Indochina, the US froze Japanese assets and imposed a total trade embargo, cutting 80% of Japan''s oil supply. ☑', 4);
INSERT OR IGNORE INTO history_flashcard_topics (id, label, color, unit, sort_order) VALUES ('hist-p1-mgw-fc-1.7', '1.7 League of Nations and the Lytton Report', '#8B6B9E', 'P1-MGW', 7);
INSERT INTO history_flashcards (topic_id, term, definition, sort_order) VALUES ('hist-p1-mgw-fc-1.7', 'Lytton Commission (1932)', 'League of Nations investigation into the Manchurian crisis; concluded Japan had acted aggressively but proposed a compromise.', 1);
INSERT INTO history_flashcards (topic_id, term, definition, sort_order) VALUES ('hist-p1-mgw-fc-1.7', 'Lytton Report findings', 'Acknowledged Japanese interests in Manchuria but concluded the invasion was not justified; recommended Manchuria become an autonomous region under Chinese sovereignty. Japan''s withdrawal from Japan left the League of Nations after League (1933) the Assembly adopted the Lytton Report, demonstrating the League''s inability to enforce its decisions. Failure of collective The Manchurian crisis demonstrated that security the League could not prevent aggression by a major power, setting a precedent for future failures. ☑', 2);
INSERT OR IGNORE INTO history_flashcard_topics (id, label, color, unit, sort_order) VALUES ('hist-p1-mgw-fc-1.8', '1.8 The Second United Front', '#8B6B9E', 'P1-MGW', 8);
INSERT OR IGNORE INTO history_flashcard_topics (id, label, color, unit, sort_order) VALUES ('hist-p1-mgw-fc-1.9', '1.9 International Response: US Initiatives and US-Japan Tensions', '#8B6B9E', 'P1-MGW', 9);
INSERT INTO history_flashcards (topic_id, term, definition, sort_order) VALUES ('hist-p1-mgw-fc-1.9', 'Stimson Doctrine (1932)', 'US policy of non-recognition of territorial changes achieved by force; applied to Manchukuo but had no enforcement mechanism. Quarantine Speech (Oct Roosevelt''s speech calling for the 1937) ''quarantine'' of aggressor nations; signalled a shift from isolationism but produced no immediate action.', 1);
INSERT INTO history_flashcards (topic_id, term, definition, sort_order) VALUES ('hist-p1-mgw-fc-1.9', 'Panay Incident (Dec 1937)', 'Japanese aircraft sank the USS Panay on the Yangtze River; Japan apologised, but it increased American suspicion.', 2);
INSERT INTO history_flashcards (topic_id, term, definition, sort_order) VALUES ('hist-p1-mgw-fc-1.9', 'Hull Note (Nov 1941)', 'US demands that Japan withdraw from China and Indochina; seen by Japan as an ultimatum that made war inevitable. US asset freeze and oil After Japan occupied southern embargo (July 1941) Indochina, the US froze Japanese assets and cut off oil supplies, threatening Japan''s ability to wage war.', 3);
INSERT INTO history_flashcards (topic_id, term, definition, sort_order) VALUES ('hist-p1-mgw-fc-1.9', 'Lend-Lease to China (1941)', 'US provided military aid to China under the Lend-Lease programme, further straining US-Japan relations. ☑', 4);
INSERT OR IGNORE INTO history_flashcard_topics (id, label, color, unit, sort_order) VALUES ('hist-p1-mgw-fc-2.1', '2.1 Impact of Fascism and Nazism on Foreign Policies of Italy and', '#8B6B9E', 'P1-MGW', 10);
INSERT INTO history_flashcards (topic_id, term, definition, sort_order) VALUES ('hist-p1-mgw-fc-2.1', 'Lebensraum', 'Nazi concept of ''living space''; justified German territorial expansion eastward into Poland and the USSR. Mussolini''s foreign policy Restore Roman greatness (spazio aims vitale), create an Italian Mediterranean empire, establish Italy as a great power (Mare Nostrum). Spazio vitale / Mare Italian equivalents of Lebensraum; Nostrum ''vital space'' and ''Our Sea'' -- Mussolini''s vision of Italian dominance in the Mediterranean.', 1);
INSERT INTO history_flashcards (topic_id, term, definition, sort_order) VALUES ('hist-p1-mgw-fc-2.1', 'Mein Kampf (1925)', 'Hitler''s autobiography outlining his ideological worldview, including anti-Semitism, Lebensraum, and opposition to Versailles. Hitler''s views on the Treaty Saw it as a ''diktat'' and national of Versailles humiliation; reversal of its terms was central to Nazi foreign policy. ☑', 2);
INSERT OR IGNORE INTO history_flashcard_topics (id, label, color, unit, sort_order) VALUES ('hist-p1-mgw-fc-2.2', '2.2 Impact of Domestic Economic Issues on Foreign Policies', '#8B6B9E', 'P1-MGW', 11);
INSERT INTO history_flashcards (topic_id, term, definition, sort_order) VALUES ('hist-p1-mgw-fc-2.2', 'Autarky', 'Policy of economic self-sufficiency pursued by both Germany and Italy; used to justify territorial expansion for resources.', 1);
INSERT INTO history_flashcards (topic_id, term, definition, sort_order) VALUES ('hist-p1-mgw-fc-2.2', 'German rearmament', 'Massive military build-up from 1933; violated Versailles but stimulated the economy and prepared for expansionism.', 2);
INSERT INTO history_flashcards (topic_id, term, definition, sort_order) VALUES ('hist-p1-mgw-fc-2.2', 'Four-Year Plan (1936)', 'Goring''s plan to prepare Germany''s economy for war within four years; focused on autarky and rearmament. Battle for Grain / Battle for Mussolini''s campaigns for agricultural Land (Italy) self-sufficiency; failures contributed to desire for colonial expansion.', 3);
INSERT INTO history_flashcards (topic_id, term, definition, sort_order) VALUES ('hist-p1-mgw-fc-2.2', 'Mefo Bills', 'Secret financial instruments used to fund German rearmament without appearing in the budget; created by Hjalmar Schacht.', 4);
INSERT INTO history_flashcards (topic_id, term, definition, sort_order) VALUES ('hist-p1-mgw-fc-2.2', 'Italian corporatism', 'Mussolini''s economic system mixing capitalist and socialist elements; aimed at self-sufficiency but fell short, driving imperial ambitions. ☑', 5);
INSERT OR IGNORE INTO history_flashcard_topics (id, label, color, unit, sort_order) VALUES ('hist-p1-mgw-fc-2.3', '2.3 Changing Diplomatic Alignments; End of Collective Security;', '#8B6B9E', 'P1-MGW', 12);
INSERT INTO history_flashcards (topic_id, term, definition, sort_order) VALUES ('hist-p1-mgw-fc-2.3', 'Appeasement', 'British and French policy of making concessions to dictators to avoid war; most associated with Neville Chamberlain and the Munich Agreement.', 1);
INSERT INTO history_flashcards (topic_id, term, definition, sort_order) VALUES ('hist-p1-mgw-fc-2.3', 'Stresa Front (1935)', 'Agreement between Britain, France, and Italy to oppose German violations of Versailles; collapsed over Abyssinian crisis.', 2);
INSERT INTO history_flashcards (topic_id, term, definition, sort_order) VALUES ('hist-p1-mgw-fc-2.3', 'Rome-Berlin Axis (Oct 1936)', 'Alliance between Mussolini and Hitler; solidified after the Abyssinian crisis pushed Italy away from Britain and France.', 3);
INSERT INTO history_flashcards (topic_id, term, definition, sort_order) VALUES ('hist-p1-mgw-fc-2.3', 'Anti-Comintern Pact (1936)', 'Agreement between Germany and Japan (Italy joined 1937) against communist expansion; foundation of the Axis alliance. Anglo-German Naval Agreement Britain allowed Germany to build a navy (1935) 35% the size of the Royal Navy; violated Versailles without French consultation.', 4);
INSERT INTO history_flashcards (topic_id, term, definition, sort_order) VALUES ('hist-p1-mgw-fc-2.3', 'Hoare-Laval Pact (1935)', 'Secret British-French plan to give most of Abyssinia to Italy; leaked and caused public outrage, discrediting appeasement. ☑', 5);
INSERT OR IGNORE INTO history_flashcard_topics (id, label, color, unit, sort_order) VALUES ('hist-p1-mgw-fc-2.4', '2.4 German Challenges to the Post-War Settlements (1933--1938)', '#8B6B9E', 'P1-MGW', 13);
INSERT INTO history_flashcards (topic_id, term, definition, sort_order) VALUES ('hist-p1-mgw-fc-2.4', 'Sudetenland crisis (1938)', 'Hitler demanded the Sudetenland (German-speaking area of Czechoslovakia); resolved at Munich when Britain and France agreed to cession. Munich Agreement (Sept Britain, France, Germany, and Italy 1938) agreed to cede the Sudetenland to Germany; Chamberlain declared ''peace for our time''. ☑', 1);
INSERT OR IGNORE INTO history_flashcard_topics (id, label, color, unit, sort_order) VALUES ('hist-p1-mgw-fc-2.5', '2.5 Italian Expansion: Abyssinia (1935--36), Albania, Entry into WWII', '#8B6B9E', 'P1-MGW', 14);
INSERT INTO history_flashcards (topic_id, term, definition, sort_order) VALUES ('hist-p1-mgw-fc-2.5', 'Battle of Adwa (1896)', 'Humiliating Italian defeat by Ethiopia that Mussolini sought to avenge; shaped Italian imperial ambitions. League of Nations sanctions Economic sanctions imposed after the on Italy Abyssinian invasion; excluded oil and were largely ineffective; Suez Canal remained open. Italian annexation of Albania Italy invaded Albania to match German (April 1939) expansion and secure a strategic position in the Balkans. Italy''s entry into WWII Mussolini declared war on France and (June 1940) Britain after Germany''s successful invasion of France, hoping for easy territorial gains.', 1);
INSERT INTO history_flashcards (topic_id, term, definition, sort_order) VALUES ('hist-p1-mgw-fc-2.5', 'Pact of Steel (May 1939)', 'Military alliance between Germany and Italy; committed both to support each other in war. ☑', 2);
INSERT OR IGNORE INTO history_flashcard_topics (id, label, color, unit, sort_order) VALUES ('hist-p1-mgw-fc-2.6', '2.6 German Expansion (1938--39): Pact of Steel, Nazi-Soviet Pact,', '#8B6B9E', 'P1-MGW', 15);
INSERT INTO history_flashcards (topic_id, term, definition, sort_order) VALUES ('hist-p1-mgw-fc-2.6', 'Danzig crisis (1939)', 'Hitler demanded the return of Danzig (Gdansk) and a corridor through Polish territory; Poland refused with British support. ☑', 1);
INSERT OR IGNORE INTO history_flashcard_topics (id, label, color, unit, sort_order) VALUES ('hist-p1-mgw-fc-2.7', '2.7 International Response to German Aggression (1933--1938)', '#8B6B9E', 'P1-MGW', 16);
INSERT INTO history_flashcards (topic_id, term, definition, sort_order) VALUES ('hist-p1-mgw-fc-2.7', 'French defensive strategy', 'France relied on the Maginot Line and alliances; internal political divisions weakened resolve to confront Germany.', 1);
INSERT INTO history_flashcards (topic_id, term, definition, sort_order) VALUES ('hist-p1-mgw-fc-2.7', 'Maginot Line', 'French defensive fortification along the German border; symbolised France''s defensive mentality and inability to project power. Soviet attempts at collective USSR sought alliances with France and security Britain against Germany; mutual distrust prevented effective cooperation.', 2);
INSERT INTO history_flashcards (topic_id, term, definition, sort_order) VALUES ('hist-p1-mgw-fc-2.7', 'Franco-Soviet Pact (1935)', 'Mutual assistance pact between France and the USSR; never effectively implemented due to mutual suspicion and lack of military planning. ☑', 3);
INSERT OR IGNORE INTO history_flashcard_topics (id, label, color, unit, sort_order) VALUES ('hist-p1-mgw-fc-2.8', '2.8 International Response to Italian Aggression (1935--36)', '#8B6B9E', 'P1-MGW', 17);
INSERT INTO history_flashcards (topic_id, term, definition, sort_order) VALUES ('hist-p1-mgw-fc-2.8', 'Hoare-Laval Pact (Dec 1935)', 'Secret plan by Britain and France to give two-thirds of Abyssinia to Italy; leaked, caused scandal, discredited appeasement.', 1);
INSERT INTO history_flashcards (topic_id, term, definition, sort_order) VALUES ('hist-p1-mgw-fc-2.8', 'League sanctions on Italy', 'Limited economic sanctions imposed Nov 1935; excluded oil, coal, and steel; ineffective in stopping the invasion.', 2);
INSERT INTO history_flashcards (topic_id, term, definition, sort_order) VALUES ('hist-p1-mgw-fc-2.8', 'Suez Canal issue', 'Britain controlled the Suez Canal but did not close it to Italian shipping, allowing supply of Italian forces in East Africa.', 3);
INSERT INTO history_flashcards (topic_id, term, definition, sort_order) VALUES ('hist-p1-mgw-fc-2.8', 'Collapse of Stresa Front', 'The Abyssinian crisis and Western sanctions pushed Italy away from Britain and France towards alliance with Germany. ☑', 4);
INSERT OR IGNORE INTO history_flashcard_topics (id, label, color, unit, sort_order) VALUES ('hist-p1-mgw-fc-2.9', '2.9 International Response to German and Italian Aggression (1940)', '#8B6B9E', 'P1-MGW', 18);
INSERT INTO history_flashcards (topic_id, term, definition, sort_order) VALUES ('hist-p1-mgw-fc-2.9', 'Fall of France (June 1940)', 'Germany''s rapid defeat of France left Britain fighting alone against Germany and Italy in Western Europe.', 1);
INSERT INTO history_flashcards (topic_id, term, definition, sort_order) VALUES ('hist-p1-mgw-fc-2.9', 'Battle of Britain (1940)', 'German air campaign to achieve air superiority over Britain; failure prevented a German invasion (Operation Sea Lion).', 2);
INSERT INTO history_flashcards (topic_id, term, definition, sort_order) VALUES ('hist-p1-mgw-fc-2.9', 'Churchill''s leadership', 'Replaced Chamberlain as PM in May 1940; rallied British resistance with defiant speeches and refusal to negotiate with Hitler. US Lend-Lease Act (March US provided military aid to Britain and 1941) its allies; crucial for sustaining the war effort before full US entry. Italian failures in North Italian military defeats required Africa and Greece (1940--41) German intervention, overextending Axis resources. ☑', 3);

-- MCQ questions
INSERT OR IGNORE INTO history_mcq_questions (id, category, difficulty, unit, question_text, option_a, option_b, option_c, option_d, correct_option, explanation, sort_order) VALUES ('hist-p1-mcq-094', '1.1 Impact of Japanese Nationalism and Militarism on Foreign Policy', 'SL/HL', 'P1-MGW', 'Which group engineered the Mukden Incident of 1931?', 'The Imperial Japanese Navy', 'The Kwantung Army', 'The Japanese Diet', 'The Zaibatsu', 1, 'See mark scheme for detailed explanation.', 95);
INSERT OR IGNORE INTO history_mcq_questions (id, category, difficulty, unit, question_text, option_a, option_b, option_c, option_d, correct_option, explanation, sort_order) VALUES ('hist-p1-mcq-095', '1.1 Impact of Japanese Nationalism and Militarism on Foreign Policy', 'SL/HL', 'P1-MGW', 'The Cardinal Principles of the National Entity (1937) primarily promoted:', 'Democratic reform and civilian rule', 'Pacifism and international cooperation', 'Emperor worship and national self-sacrifice', 'Economic liberalism and free trade', 2, 'See mark scheme for detailed explanation.', 96);
INSERT OR IGNORE INTO history_mcq_questions (id, category, difficulty, unit, question_text, option_a, option_b, option_c, option_d, correct_option, explanation, sort_order) VALUES ('hist-p1-mcq-096', '1.1 Impact of Japanese Nationalism and Militarism on Foreign Policy', 'SL/HL', 'P1-MGW', 'Pan-Asianism was an ideology that:', 'Promoted Japanese leadership over Asia against Western imperialism', 'Sought to establish democratic governments across Asia', 'Advocated Japan''s withdrawal from all overseas territories', 'Called for equal partnerships between all Asian nations', 0, 'See mark scheme for detailed explanation.', 97);
INSERT OR IGNORE INTO history_mcq_questions (id, category, difficulty, unit, question_text, option_a, option_b, option_c, option_d, correct_option, explanation, sort_order) VALUES ('hist-p1-mcq-097', '1.1 Impact of Japanese Nationalism and Militarism on Foreign Policy', 'SL/HL', 'P1-MGW', 'Which event marked the beginning of Japan''s modern military transformation?', 'The Russo-Japanese War (1904-05)', 'The Meiji Restoration (1868)', 'The Treaty of Shimonoseki (1895)', 'The Washington Naval Conference (1922)', 1, 'See mark scheme for detailed explanation.', 98);
INSERT OR IGNORE INTO history_mcq_questions (id, category, difficulty, unit, question_text, option_a, option_b, option_c, option_d, correct_option, explanation, sort_order) VALUES ('hist-p1-mcq-098', '1.2 Japanese Domestic Issues: Political and Economic Issues', 'SL/HL', 'P1-MGW', 'The 15 May Incident (1932) is significant because it:', 'Marked the start of the Sino-Japanese War', 'Effectively ended party-based government in Japan', 'Led to Japan''s withdrawal from the League of Nations', 'Triggered the Great Depression in Japan', 1, 'See mark scheme for detailed explanation.', 99);
INSERT OR IGNORE INTO history_mcq_questions (id, category, difficulty, unit, question_text, option_a, option_b, option_c, option_d, correct_option, explanation, sort_order) VALUES ('hist-p1-mcq-099', '1.2 Japanese Domestic Issues: Political and Economic Issues', 'SL/HL', 'P1-MGW', 'Japan''s 1927 financial crisis resulted in:', 'The collapse of approximately 25% of banks', 'Japan joining the League of Nations', 'A strengthening of democratic institutions', 'An immediate invasion of China', 0, 'See mark scheme for detailed explanation.', 100);
INSERT OR IGNORE INTO history_mcq_questions (id, category, difficulty, unit, question_text, option_a, option_b, option_c, option_d, correct_option, explanation, sort_order) VALUES ('hist-p1-mcq-100', '1.2 Japanese Domestic Issues: Political and Economic Issues', 'SL/HL', 'P1-MGW', 'The Zaibatsu were:', 'Military officer factions within the Japanese army', 'Powerful industrial and financial conglomerates', 'Political parties supporting democratic reform', 'Secret societies promoting assassination', 1, 'See mark scheme for detailed explanation.', 101);
INSERT OR IGNORE INTO history_mcq_questions (id, category, difficulty, unit, question_text, option_a, option_b, option_c, option_d, correct_option, explanation, sort_order) VALUES ('hist-p1-mcq-101', '1.2 Japanese Domestic Issues: Political and Economic Issues', 'SL/HL', 'P1-MGW', 'How did the Great Depression affect Japanese foreign policy?', 'It led Japan to embrace free trade and internationalism', 'It strengthened democratic parties and weakened the military', 'It increased support for military expansion to secure resources and markets', 'It caused Japan to focus exclusively on domestic reform', 2, 'See mark scheme for detailed explanation.', 102);
INSERT OR IGNORE INTO history_mcq_questions (id, category, difficulty, unit, question_text, option_a, option_b, option_c, option_d, correct_option, explanation, sort_order) VALUES ('hist-p1-mcq-102', '1.3 Political Instability in China', 'SL/HL', 'P1-MGW', 'Chiang Kai-shek''s policy of ''first internal pacification, then external resistance'' meant:', 'Prioritising economic reform before military action', 'Fighting the CCP before confronting Japanese aggression', 'Seeking international aid before declaring war on Japan', 'Building infrastructure before expanding the military', 1, 'See mark scheme for detailed explanation.', 103);
INSERT OR IGNORE INTO history_mcq_questions (id, category, difficulty, unit, question_text, option_a, option_b, option_c, option_d, correct_option, explanation, sort_order) VALUES ('hist-p1-mcq-103', '1.3 Political Instability in China', 'SL/HL', 'P1-MGW', 'The Xi''an Incident (1936) resulted in:', 'The assassination of Chiang Kai-shek', 'A temporary GMD-CCP alliance against Japan (Second United Front)', 'Japan''s withdrawal from Manchuria', 'The collapse of the Guomindang government', 1, 'See mark scheme for detailed explanation.', 104);
INSERT OR IGNORE INTO history_mcq_questions (id, category, difficulty, unit, question_text, option_a, option_b, option_c, option_d, correct_option, explanation, sort_order) VALUES ('hist-p1-mcq-104', '1.3 Political Instability in China', 'SL/HL', 'P1-MGW', 'China''s political instability in the 1930s enabled Japanese expansion because:', 'China had no military forces at all', 'Internal divisions prevented a unified resistance against Japan', 'China was allied with Japan against Western powers', 'The Chinese people welcomed Japanese rule', 1, 'See mark scheme for detailed explanation.', 105);
INSERT OR IGNORE INTO history_mcq_questions (id, category, difficulty, unit, question_text, option_a, option_b, option_c, option_d, correct_option, explanation, sort_order) VALUES ('hist-p1-mcq-105', '1.4 Japanese Invasion of Manchuria and Northern China (1931)', 'SL/HL', 'P1-MGW', 'The Mukden Incident was significant because:', 'It was a genuine Chinese attack on Japanese territory', 'It was a pretext staged by the Kwantung Army to justify invasion', 'It led to an immediate declaration of war by China', 'It triggered League of Nations military intervention', 1, 'See mark scheme for detailed explanation.', 106);
INSERT OR IGNORE INTO history_mcq_questions (id, category, difficulty, unit, question_text, option_a, option_b, option_c, option_d, correct_option, explanation, sort_order) VALUES ('hist-p1-mcq-106', '1.4 Japanese Invasion of Manchuria and Northern China (1931)', 'SL/HL', 'P1-MGW', 'Manchukuo was:', 'An independent Chinese republic', 'A Soviet-controlled territory', 'A Japanese puppet state headed by Puyi', 'A League of Nations mandated territory', 2, 'See mark scheme for detailed explanation.', 107);
INSERT OR IGNORE INTO history_mcq_questions (id, category, difficulty, unit, question_text, option_a, option_b, option_c, option_d, correct_option, explanation, sort_order) VALUES ('hist-p1-mcq-107', '1.4 Japanese Invasion of Manchuria and Northern China (1931)', 'SL/HL', 'P1-MGW', 'Japan valued Manchuria primarily because of its:', 'Democratic political institutions', 'Rich natural resources (coal, iron) and agricultural land', 'Warm-water naval ports on the Pacific', 'Alliance with the Soviet Union', 1, 'See mark scheme for detailed explanation.', 108);
INSERT OR IGNORE INTO history_mcq_questions (id, category, difficulty, unit, question_text, option_a, option_b, option_c, option_d, correct_option, explanation, sort_order) VALUES ('hist-p1-mcq-108', '1.5 The Sino-Japanese War (1937--1941)', 'SL/HL', 'P1-MGW', 'The Marco Polo Bridge Incident (1937) was significant because it:', 'Ended the Sino-Japanese War', 'Triggered full-scale war between Japan and China', 'Led to the establishment of Manchukuo', 'Caused Japan to withdraw from the League of Nations', 1, 'See mark scheme for detailed explanation.', 109);
INSERT OR IGNORE INTO history_mcq_questions (id, category, difficulty, unit, question_text, option_a, option_b, option_c, option_d, correct_option, explanation, sort_order) VALUES ('hist-p1-mcq-109', '1.5 The Sino-Japanese War (1937--1941)', 'SL/HL', 'P1-MGW', 'The Rape of Nanjing (1937) involved:', 'A Chinese attack on Japanese civilians', 'Mass atrocities against Chinese civilians and POWs by Japanese forces', 'A successful Chinese defence of their capital', 'A negotiated surrender by China', 1, 'See mark scheme for detailed explanation.', 110);
INSERT OR IGNORE INTO history_mcq_questions (id, category, difficulty, unit, question_text, option_a, option_b, option_c, option_d, correct_option, explanation, sort_order) VALUES ('hist-p1-mcq-110', '1.5 The Sino-Japanese War (1937--1941)', 'SL/HL', 'P1-MGW', 'Why did the Sino-Japanese War reach a stalemate after 1938?', 'Japan defeated China completely', 'China traded territory for time while Japan overextended its forces', 'The League of Nations imposed effective sanctions on Japan', 'The Soviet Union invaded Manchuria', 1, 'See mark scheme for detailed explanation.', 111);
INSERT OR IGNORE INTO history_mcq_questions (id, category, difficulty, unit, question_text, option_a, option_b, option_c, option_d, correct_option, explanation, sort_order) VALUES ('hist-p1-mcq-111', '1.6 The Tripartite Pact, Pearl Harbor, and the Outbreak of War (1941)', 'SL/HL', 'P1-MGW', 'The Tripartite Pact (1940) was an alliance between:', 'USA, Britain, and France', 'Germany, Italy, and Japan', 'China, the Soviet Union, and Britain', 'Japan, the Soviet Union, and Germany', 1, 'See mark scheme for detailed explanation.', 112);
INSERT OR IGNORE INTO history_mcq_questions (id, category, difficulty, unit, question_text, option_a, option_b, option_c, option_d, correct_option, explanation, sort_order) VALUES ('hist-p1-mcq-112', '1.6 The Tripartite Pact, Pearl Harbor, and the Outbreak of War (1941)', 'SL/HL', 'P1-MGW', 'What was the primary trigger for the US oil embargo against Japan in 1941?', 'The invasion of Manchuria', 'The Rape of Nanjing', 'Japan''s occupation of southern Indochina', 'The attack on Pearl Harbor', 2, 'See mark scheme for detailed explanation.', 113);
INSERT OR IGNORE INTO history_mcq_questions (id, category, difficulty, unit, question_text, option_a, option_b, option_c, option_d, correct_option, explanation, sort_order) VALUES ('hist-p1-mcq-113', '1.6 The Tripartite Pact, Pearl Harbor, and the Outbreak of War (1941)', 'SL/HL', 'P1-MGW', 'Japan attacked Pearl Harbor primarily because:', 'The US had declared war on Japan', 'Japan wanted to neutralise the US Pacific Fleet before expanding southward', 'Germany ordered Japan to attack the US', 'China asked Japan to attack the US', 1, 'See mark scheme for detailed explanation.', 114);
INSERT OR IGNORE INTO history_mcq_questions (id, category, difficulty, unit, question_text, option_a, option_b, option_c, option_d, correct_option, explanation, sort_order) VALUES ('hist-p1-mcq-114', '1.6 The Tripartite Pact, Pearl Harbor, and the Outbreak of War (1941)', 'SL/HL', 'P1-MGW', 'The Greater East Asia Co-Prosperity Sphere was:', 'A genuine plan for equal Asian cooperation', 'A justification for Japanese imperial expansion across Asia-Pacific', 'A UN-sponsored economic development zone', 'A Chinese proposal for pan-Asian unity', 1, 'See mark scheme for detailed explanation.', 115);
INSERT OR IGNORE INTO history_mcq_questions (id, category, difficulty, unit, question_text, option_a, option_b, option_c, option_d, correct_option, explanation, sort_order) VALUES ('hist-p1-mcq-115', '1.7 League of Nations and the Lytton Report', 'SL/HL', 'P1-MGW', 'The Lytton Report recommended that Manchuria should:', 'Become a fully independent state', 'Remain under direct Japanese control', 'Become autonomous under Chinese sovereignty', 'Be placed under League of Nations administration', 2, 'See mark scheme for detailed explanation.', 116);
INSERT OR IGNORE INTO history_mcq_questions (id, category, difficulty, unit, question_text, option_a, option_b, option_c, option_d, correct_option, explanation, sort_order) VALUES ('hist-p1-mcq-116', '1.7 League of Nations and the Lytton Report', 'SL/HL', 'P1-MGW', 'Japan''s withdrawal from the League of Nations in 1933 demonstrated:', 'The League''s success in resolving disputes', 'The failure of collective security against a major power', 'Japan''s willingness to compromise', 'Strong US support for the League', 1, 'See mark scheme for detailed explanation.', 117);
INSERT OR IGNORE INTO history_mcq_questions (id, category, difficulty, unit, question_text, option_a, option_b, option_c, option_d, correct_option, explanation, sort_order) VALUES ('hist-p1-mcq-117', '1.8 The Second United Front', 'SL/HL', 'P1-MGW', 'The Second United Front was primarily formed in response to:', 'The Great Depression', 'Increasing Japanese aggression in China', 'Soviet pressure on the CCP', 'The Treaty of Versailles', 1, 'See mark scheme for detailed explanation.', 118);
INSERT OR IGNORE INTO history_mcq_questions (id, category, difficulty, unit, question_text, option_a, option_b, option_c, option_d, correct_option, explanation, sort_order) VALUES ('hist-p1-mcq-118', '1.8 The Second United Front', 'SL/HL', 'P1-MGW', 'The New Fourth Army Incident (1941) demonstrated:', 'The success of GMD-CCP cooperation', 'The underlying hostility between the GMD and CCP within the United Front', 'Japan''s military superiority', 'Soviet intervention in China', 1, 'See mark scheme for detailed explanation.', 119);
INSERT OR IGNORE INTO history_mcq_questions (id, category, difficulty, unit, question_text, option_a, option_b, option_c, option_d, correct_option, explanation, sort_order) VALUES ('hist-p1-mcq-119', '1.9 International Response: US Initiatives and US-Japan Tensions', 'SL/HL', 'P1-MGW', 'The Stimson Doctrine (1932) declared that the US would:', 'Militarily intervene against Japan', 'Not recognise territorial changes made by force', 'Impose economic sanctions on Japan', 'Form a military alliance with China', 1, 'See mark scheme for detailed explanation.', 120);
INSERT OR IGNORE INTO history_mcq_questions (id, category, difficulty, unit, question_text, option_a, option_b, option_c, option_d, correct_option, explanation, sort_order) VALUES ('hist-p1-mcq-120', '1.9 International Response: US Initiatives and US-Japan Tensions', 'SL/HL', 'P1-MGW', 'The Hull Note (November 1941) was significant because:', 'It offered Japan generous trade concessions', 'Japan viewed it as an ultimatum demanding total withdrawal from China', 'It proposed a US-Japan alliance', 'It recognised Japanese control of Manchuria', 1, 'See mark scheme for detailed explanation.', 121);
INSERT OR IGNORE INTO history_mcq_questions (id, category, difficulty, unit, question_text, option_a, option_b, option_c, option_d, correct_option, explanation, sort_order) VALUES ('hist-p1-mcq-121', '1.9 International Response: US Initiatives and US-Japan Tensions', 'SL/HL', 'P1-MGW', 'Roosevelt''s Quarantine Speech (1937) is significant because it:', 'Declared war on Japan', 'Signalled a shift away from strict US isolationism', 'Imposed the oil embargo on Japan', 'Established the Lend-Lease programme', 1, 'See mark scheme for detailed explanation.', 122);
INSERT OR IGNORE INTO history_mcq_questions (id, category, difficulty, unit, question_text, option_a, option_b, option_c, option_d, correct_option, explanation, sort_order) VALUES ('hist-p1-mcq-122', '2.1 Impact of Fascism and Nazism on Foreign Policies of Italy and', 'SL/HL', 'P1-MGW', 'Lebensraum referred to:', 'Germany''s industrial policy', 'Living space for Germans in Eastern Europe', 'The democratic reform programme', 'Economic self-sufficiency', 1, 'See mark scheme for detailed explanation.', 123);
INSERT OR IGNORE INTO history_mcq_questions (id, category, difficulty, unit, question_text, option_a, option_b, option_c, option_d, correct_option, explanation, sort_order) VALUES ('hist-p1-mcq-123', '2.1 Impact of Fascism and Nazism on Foreign Policies of Italy and', 'SL/HL', 'P1-MGW', 'Mussolini''s concept of ''Mare Nostrum'' meant:', 'Italian dominance over the Mediterranean Sea', 'A peaceful Mediterranean trade zone', 'An alliance with Britain for naval supremacy', 'Support for Greek independence', 0, 'See mark scheme for detailed explanation.', 124);
INSERT OR IGNORE INTO history_mcq_questions (id, category, difficulty, unit, question_text, option_a, option_b, option_c, option_d, correct_option, explanation, sort_order) VALUES ('hist-p1-mcq-124', '2.1 Impact of Fascism and Nazism on Foreign Policies of Italy and', 'SL/HL', 'P1-MGW', 'A key difference between Hitler''s and Mussolini''s foreign policy was:', 'Hitler sought territorial expansion while Mussolini did not', 'Mussolini''s aims included Mediterranean empire while Hitler focused on Eastern Europe', 'Only Mussolini was influenced by ideology', 'Hitler sought peace while Mussolini sought war', 1, 'See mark scheme for detailed explanation.', 125);
INSERT OR IGNORE INTO history_mcq_questions (id, category, difficulty, unit, question_text, option_a, option_b, option_c, option_d, correct_option, explanation, sort_order) VALUES ('hist-p1-mcq-125', '2.2 Impact of Domestic Economic Issues on Foreign Policies', 'SL/HL', 'P1-MGW', 'The Four-Year Plan (1936) aimed to:', 'Democratise the German economy', 'Prepare Germany''s economy for war', 'Reduce military spending', 'Join the League of Nations economic programmes', 1, 'See mark scheme for detailed explanation.', 126);
INSERT OR IGNORE INTO history_mcq_questions (id, category, difficulty, unit, question_text, option_a, option_b, option_c, option_d, correct_option, explanation, sort_order) VALUES ('hist-p1-mcq-126', '2.2 Impact of Domestic Economic Issues on Foreign Policies', 'SL/HL', 'P1-MGW', 'Autarky refers to:', 'Military alliance systems', 'Economic self-sufficiency', 'Democratic governance', 'Colonial administration', 1, 'See mark scheme for detailed explanation.', 127);
INSERT OR IGNORE INTO history_mcq_questions (id, category, difficulty, unit, question_text, option_a, option_b, option_c, option_d, correct_option, explanation, sort_order) VALUES ('hist-p1-mcq-127', '2.2 Impact of Domestic Economic Issues on Foreign Policies', 'SL/HL', 'P1-MGW', 'Mefo Bills were used by Nazi Germany to:', 'Fund social welfare programmes', 'Secretly finance rearmament', 'Pay war reparations', 'Support the League of Nations', 1, 'See mark scheme for detailed explanation.', 128);
INSERT OR IGNORE INTO history_mcq_questions (id, category, difficulty, unit, question_text, option_a, option_b, option_c, option_d, correct_option, explanation, sort_order) VALUES ('hist-p1-mcq-128', '2.3 Changing Diplomatic Alignments; End of Collective Security;', 'SL/HL', 'P1-MGW', 'The Stresa Front collapsed primarily because:', 'Germany invaded Poland', 'The Abyssinian crisis drove Italy towards Germany', 'The Soviet Union joined the alliance', 'Britain withdrew from Europe entirely', 1, 'See mark scheme for detailed explanation.', 129);
INSERT OR IGNORE INTO history_mcq_questions (id, category, difficulty, unit, question_text, option_a, option_b, option_c, option_d, correct_option, explanation, sort_order) VALUES ('hist-p1-mcq-129', '2.3 Changing Diplomatic Alignments; End of Collective Security;', 'SL/HL', 'P1-MGW', 'The Hoare-Laval Pact (1935) was significant because:', 'It successfully resolved the Abyssinian crisis', 'It was a secret plan to appease Italy at Abyssinia''s expense, which caused public outrage when leaked', 'It established the League of Nations', 'It created a military alliance against Germany', 1, 'See mark scheme for detailed explanation.', 130);
INSERT OR IGNORE INTO history_mcq_questions (id, category, difficulty, unit, question_text, option_a, option_b, option_c, option_d, correct_option, explanation, sort_order) VALUES ('hist-p1-mcq-130', '2.3 Changing Diplomatic Alignments; End of Collective Security;', 'SL/HL', 'P1-MGW', 'The Rome-Berlin Axis (1936) was formed primarily because:', 'Italy and Germany had always been allies', 'The Abyssinian crisis pushed Italy away from Britain and France towards Germany', 'Britain requested the alliance', 'The League of Nations arranged it', 1, 'See mark scheme for detailed explanation.', 131);
INSERT OR IGNORE INTO history_mcq_questions (id, category, difficulty, unit, question_text, option_a, option_b, option_c, option_d, correct_option, explanation, sort_order) VALUES ('hist-p1-mcq-131', '2.4 German Challenges to the Post-War Settlements (1933--1938)', 'SL/HL', 'P1-MGW', 'Why was the remilitarisation of the Rhineland (1936) a critical turning point?', 'It was the first time Germany used military force against another country', 'It tested Western resolve and showed Hitler he could violate treaties without consequences', 'It led to immediate war with France', 'It was approved by the League of Nations', 1, 'See mark scheme for detailed explanation.', 132);
INSERT OR IGNORE INTO history_mcq_questions (id, category, difficulty, unit, question_text, option_a, option_b, option_c, option_d, correct_option, explanation, sort_order) VALUES ('hist-p1-mcq-132', '2.4 German Challenges to the Post-War Settlements (1933--1938)', 'SL/HL', 'P1-MGW', 'At the Munich Conference (1938), Britain and France:', 'Declared war on Germany', 'Agreed to the German annexation of the Sudetenland', 'Formed a military alliance with Czechoslovakia', 'Imposed economic sanctions on Germany', 1, 'See mark scheme for detailed explanation.', 133);
INSERT OR IGNORE INTO history_mcq_questions (id, category, difficulty, unit, question_text, option_a, option_b, option_c, option_d, correct_option, explanation, sort_order) VALUES ('hist-p1-mcq-133', '2.4 German Challenges to the Post-War Settlements (1933--1938)', 'SL/HL', 'P1-MGW', 'The Anschluss (1938) was:', 'A military alliance between Germany and Italy', 'Germany''s annexation of Austria', 'A trade agreement between Germany and Britain', 'Germany''s invasion of Poland', 1, 'See mark scheme for detailed explanation.', 134);
INSERT OR IGNORE INTO history_mcq_questions (id, category, difficulty, unit, question_text, option_a, option_b, option_c, option_d, correct_option, explanation, sort_order) VALUES ('hist-p1-mcq-134', '2.5 Italian Expansion: Abyssinia (1935--36), Albania, Entry into WWII', 'SL/HL', 'P1-MGW', 'The League of Nations'' sanctions against Italy failed primarily because:', 'They included an oil embargo that was too effective', 'They excluded oil and the Suez Canal remained open to Italian shipping', 'The US enforced them strictly', 'Italy immediately withdrew from Abyssinia', 1, 'See mark scheme for detailed explanation.', 135);
INSERT OR IGNORE INTO history_mcq_questions (id, category, difficulty, unit, question_text, option_a, option_b, option_c, option_d, correct_option, explanation, sort_order) VALUES ('hist-p1-mcq-135', '2.5 Italian Expansion: Abyssinia (1935--36), Albania, Entry into WWII', 'SL/HL', 'P1-MGW', 'Mussolini entered WWII in June 1940 because:', 'Britain attacked Italy first', 'He wanted to share in German victory after France''s fall', 'Germany forced Italy to join', 'Italy was attacked by Abyssinia', 1, 'See mark scheme for detailed explanation.', 136);
INSERT OR IGNORE INTO history_mcq_questions (id, category, difficulty, unit, question_text, option_a, option_b, option_c, option_d, correct_option, explanation, sort_order) VALUES ('hist-p1-mcq-136', '2.5 Italian Expansion: Abyssinia (1935--36), Albania, Entry into WWII', 'SL/HL', 'P1-MGW', 'The Pact of Steel (1939) was:', 'An alliance between Britain and France', 'A military alliance between Germany and Italy', 'A trade agreement between Italy and Abyssinia', 'A non-aggression pact between Germany and the USSR', 1, 'See mark scheme for detailed explanation.', 137);
INSERT OR IGNORE INTO history_mcq_questions (id, category, difficulty, unit, question_text, option_a, option_b, option_c, option_d, correct_option, explanation, sort_order) VALUES ('hist-p1-mcq-137', '2.6 German Expansion (1938--39): Pact of Steel, Nazi-Soviet Pact,', 'SL/HL', 'P1-MGW', 'The Nazi-Soviet Pact (1939) was significant because:', 'It created a lasting alliance between Germany and the USSR', 'It removed the threat of a two-front war for Germany and enabled the invasion of Poland', 'It was arranged by the League of Nations', 'It prevented the outbreak of WWII', 1, 'See mark scheme for detailed explanation.', 138);
INSERT OR IGNORE INTO history_mcq_questions (id, category, difficulty, unit, question_text, option_a, option_b, option_c, option_d, correct_option, explanation, sort_order) VALUES ('hist-p1-mcq-138', '2.6 German Expansion (1938--39): Pact of Steel, Nazi-Soviet Pact,', 'SL/HL', 'P1-MGW', 'Germany''s invasion of Czechoslovakia in March 1939 was a turning point because:', 'It was the first German territorial expansion', 'It proved Hitler''s aims went beyond uniting ethnic Germans, ending appeasement', 'It was approved by the Munich Agreement', 'It led to immediate war with Britain', 1, 'See mark scheme for detailed explanation.', 139);
INSERT OR IGNORE INTO history_mcq_questions (id, category, difficulty, unit, question_text, option_a, option_b, option_c, option_d, correct_option, explanation, sort_order) VALUES ('hist-p1-mcq-139', '2.6 German Expansion (1938--39): Pact of Steel, Nazi-Soviet Pact,', 'SL/HL', 'P1-MGW', 'Britain declared war on Germany on 3 September 1939 because:', 'Germany invaded France', 'Germany violated the Munich Agreement', 'Germany invaded Poland, triggering the British guarantee', 'Germany attacked the British navy', 2, 'See mark scheme for detailed explanation.', 140);
INSERT OR IGNORE INTO history_mcq_questions (id, category, difficulty, unit, question_text, option_a, option_b, option_c, option_d, correct_option, explanation, sort_order) VALUES ('hist-p1-mcq-140', '2.7 International Response to German Aggression (1933--1938)', 'SL/HL', 'P1-MGW', 'The Maginot Line demonstrated France''s:', 'Aggressive foreign policy', 'Defensive mentality and inability to project power forward', 'Alliance with Germany', 'Support for the League of Nations', 1, 'See mark scheme for detailed explanation.', 141);
INSERT OR IGNORE INTO history_mcq_questions (id, category, difficulty, unit, question_text, option_a, option_b, option_c, option_d, correct_option, explanation, sort_order) VALUES ('hist-p1-mcq-141', '2.7 International Response to German Aggression (1933--1938)', 'SL/HL', 'P1-MGW', 'A key reason Britain pursued appeasement was:', 'Britain wanted to help Germany expand', 'Strong public anti-war sentiment and desire to avoid another world war', 'Britain had no military capability', 'Churchill demanded appeasement', 1, 'See mark scheme for detailed explanation.', 142);
INSERT OR IGNORE INTO history_mcq_questions (id, category, difficulty, unit, question_text, option_a, option_b, option_c, option_d, correct_option, explanation, sort_order) VALUES ('hist-p1-mcq-142', '2.8 International Response to Italian Aggression (1935--36)', 'SL/HL', 'P1-MGW', 'Why were League sanctions against Italy ineffective?', 'They were too harsh and Italy collapsed economically', 'They excluded key commodities like oil, and the Suez Canal remained open', 'The US enforced a strict oil embargo', 'Italy withdrew from Abyssinia immediately', 1, 'See mark scheme for detailed explanation.', 143);
INSERT OR IGNORE INTO history_mcq_questions (id, category, difficulty, unit, question_text, option_a, option_b, option_c, option_d, correct_option, explanation, sort_order) VALUES ('hist-p1-mcq-143', '2.9 International Response to German and Italian Aggression (1940)', 'SL/HL', 'P1-MGW', 'The Fall of France in June 1940 was significant because:', 'It ended WWII', 'It left Britain fighting alone against Germany in Western Europe', 'It strengthened the League of Nations', 'It led to a German-British alliance', 1, 'See mark scheme for detailed explanation.', 144);
INSERT OR IGNORE INTO history_mcq_questions (id, category, difficulty, unit, question_text, option_a, option_b, option_c, option_d, correct_option, explanation, sort_order) VALUES ('hist-p1-mcq-144', '2.9 International Response to German and Italian Aggression (1940)', 'SL/HL', 'P1-MGW', 'The Battle of Britain (1940) was important because:', 'Germany successfully invaded Britain', 'Britain''s survival prevented German domination of Western Europe', 'France was liberated', 'The US declared war on Germany', 1, 'See mark scheme for detailed explanation.', 145);

-- Written questions (9 marks)
INSERT OR IGNORE INTO history_written_questions (id, category, difficulty, question_type, unit, marks, question_text, mark_scheme, sort_order) VALUES ('hist-p1-wq-039', '1.1 Impact of Japanese Nationalism and Militarism on Foreign Policy', 'SL/HL', 'short_answer', 'P1-MGW', 9, 'Examine the role of nationalism and militarism in shaping Japanese foreign policy in the 1930s.', '• Responses should address the rise of ultra-nationalism, including the influence of Bushido, emperor worship, and the kokutai ideology.
• Discussion of the growing power of the military over civilian government (e.g. assassinations of moderate politicians, the 15 May 1932 and 26 February 1936 incidents).
• Link between militarism and expansionist aims: securing resources, strategic territories, and national prestige.
• For top marks: balanced analysis weighing nationalism/militarism against other factors (economic crisis, political instability in China), with specific evidence and historiographical awareness.
• Band 4 (7-9): Focused, analytical response with detailed evidence and evaluation of different perspectives.', 40);
INSERT OR IGNORE INTO history_written_questions (id, category, difficulty, question_type, unit, marks, question_text, mark_scheme, sort_order) VALUES ('hist-p1-wq-040', '1.2 Japanese Domestic Issues: Political and Economic Issues', 'SL/HL', 'short_answer', 'P1-MGW', 9, 'To what extent were domestic economic issues responsible for Japan''s increasingly aggressive foreign policy in the 1930s?', '• Address specific economic issues: the 1927 financial crisis, impact of Great Depression on trade-dependent economy, collapse of silk exports, rural poverty.
• Link to foreign policy: economic hardship increased support for military solutions; Manchuria seen as source of resources and markets.
• Consider other factors: nationalism, militarism, political instability in China, weakness of the League of Nations.
• Top marks require a balanced evaluation with a clear judgement, using specific evidence.
• Band 4 (7-9): Sustained analysis with balanced weighing of economic vs. other factors.', 41);
INSERT OR IGNORE INTO history_written_questions (id, category, difficulty, question_type, unit, marks, question_text, mark_scheme, sort_order) VALUES ('hist-p1-wq-041', '1.3 Political Instability in China', 'SL/HL', 'short_answer', 'P1-MGW', 9, 'Evaluate the significance of China''s political instability as a factor enabling Japanese expansion in East Asia.', '• Detail the nature of Chinese political instability: warlordism, GMD-CCP civil war, Chiang''s prioritisation of fighting communists.
• Explain how this instability enabled Japan: inability to mount unified resistance, strategic vacuum in Manchuria and northern China.
• Consider the Xi''an Incident and the Second United Front as a response.
• Weigh against other factors: Japanese domestic pressures, militarism, economic ambitions.
• Band 4 (7-9): Clear thesis with detailed evidence and balanced evaluation of multiple factors.', 42);
INSERT OR IGNORE INTO history_written_questions (id, category, difficulty, question_type, unit, marks, question_text, mark_scheme, sort_order) VALUES ('hist-p1-wq-042', '1.4 Japanese Invasion of Manchuria and Northern China (1931)', 'SL/HL', 'short_answer', 'P1-MGW', 9, 'Examine the causes and consequences of the Japanese invasion of Manchuria in 1931.', '• Causes: domestic pressures (economic crisis, military ambition), strategic importance of Manchuria, political instability in China, the Mukden Incident as pretext.
• Consequences: establishment of Manchukuo, Tanggu Truce, Japan''s withdrawal from the League of Nations (1933), weakening of collective security.
• Consider short-term and long-term consequences, including emboldening further Japanese expansion.
• Band 4 (7-9): Analytical treatment of both causes and consequences with a clear evaluative framework.', 43);
INSERT OR IGNORE INTO history_written_questions (id, category, difficulty, question_type, unit, marks, question_text, mark_scheme, sort_order) VALUES ('hist-p1-wq-043', '1.5 The Sino-Japanese War (1937--1941)', 'SL/HL', 'short_answer', 'P1-MGW', 9, 'Evaluate the impact of the Sino-Japanese War (1937--1941) on both Japan and China.', '• Impact on China: massive civilian casualties (Nanjing), destruction of infrastructure, displacement of millions, weakening of GMD government.
• Impact on Japan: overextension of military resources, increasing international isolation, growing economic strain.
• Role of the Second United Front and its limitations.
• Long-term significance: contributed to Japan''s decision to expand south and confront the US.
• Band 4 (7-9): Balanced analysis of impact on both countries with detailed evidence.', 44);
INSERT OR IGNORE INTO history_written_questions (id, category, difficulty, question_type, unit, marks, question_text, mark_scheme, sort_order) VALUES ('hist-p1-wq-044', '1.6 The Tripartite Pact, Pearl Harbor, and the Outbreak of War (1941)', 'SL/HL', 'short_answer', 'P1-MGW', 9, 'To what extent was the attack on Pearl Harbor a logical outcome of the deterioration in US-Japanese relations?', '• Trace the deterioration: Japanese expansion in China, occupation of Indochina, US responses (moral embargo, Lend-Lease to China, asset freezes, oil embargo).
• Japanese perspective: oil embargo as existential threat; southern expansion required neutralising US Pacific Fleet.
• Alternative perspectives: some argue Pearl Harbor was a strategic miscalculation; diplomacy (Hull Note) had not been fully exhausted.
• Consider the role of the Tripartite Pact in escalating tensions.
• Band 4 (7-9): Nuanced evaluation with clear judgement supported by specific evidence.', 45);
INSERT OR IGNORE INTO history_written_questions (id, category, difficulty, question_type, unit, marks, question_text, mark_scheme, sort_order) VALUES ('hist-p1-wq-045', '1.7 League of Nations and the Lytton Report', 'SL/HL', 'short_answer', 'P1-MGW', 9, 'Evaluate the effectiveness of the League of Nations'' response to the Manchurian crisis (1931--33).', '• Detail the League''s response: Lytton Commission, report findings, Assembly vote.
• Explain limitations: slow response (18 months), no military enforcement, absence of US, Japan simply withdrew.
• Significance: precedent for future aggression (Italy in Abyssinia, Germany in Rhineland).
• Consider whether the League had any viable alternatives given its structural weaknesses.
• Band 4 (7-9): Evaluative analysis with clear judgement about effectiveness.', 46);
INSERT OR IGNORE INTO history_written_questions (id, category, difficulty, question_type, unit, marks, question_text, mark_scheme, sort_order) VALUES ('hist-p1-wq-046', '1.8 The Second United Front', 'SL/HL', 'short_answer', 'P1-MGW', 9, 'To what extent was the Second United Front effective in resisting Japanese expansion?', '• Formation: Xi''an Incident, shared threat of Japanese invasion, Soviet pressure.
• Achievements: symbolic unity, some coordinated resistance, international sympathy.
• Limitations: separate armies, mutual suspicion, limited coordination, both sides building for postwar conflict.
• Collapse: New Fourth Army Incident (1941); both sides increasingly fought each other.
• Band 4 (7-9): Balanced evaluation with clear judgement on effectiveness.', 47);
INSERT OR IGNORE INTO history_written_questions (id, category, difficulty, question_type, unit, marks, question_text, mark_scheme, sort_order) VALUES ('hist-p1-wq-047', '1.9 International Response: US Initiatives and US-Japan Tensions', 'SL/HL', 'short_answer', 'P1-MGW', 9, 'Evaluate the role of the United States in responding to Japanese expansion between 1931 and 1941.', '• Early period: Stimson Doctrine (moral condemnation without enforcement), isolationist constraints.
• Middle period: Quarantine Speech, Panay Incident, growing concern but limited action.
• Late period: escalation through trade restrictions, asset freezes, oil embargo, Lend-Lease, Hull Note.
• Evaluate effectiveness: too little too late? Or did US actions provoke Japan into war?
• Band 4 (7-9): Analytical evaluation across the full time period with balanced assessment.', 48);
INSERT OR IGNORE INTO history_written_questions (id, category, difficulty, question_type, unit, marks, question_text, mark_scheme, sort_order) VALUES ('hist-p1-wq-048', '2.1 Impact of Fascism and Nazism on Foreign Policies of Italy and', 'SL/HL', 'short_answer', 'P1-MGW', 9, 'Compare and contrast the impact of fascism on the foreign policies of Italy and Germany.', '• Similarities: both sought territorial expansion, national prestige, revision of post-WWI order, used ideology to justify aggression.
• Differences: Hitler''s racial ideology and Lebensraum vs. Mussolini''s Mediterranean/African ambitions; scale and aggression differed.
• Consider how ideology intersected with practical considerations (economics, military capability).
• Band 4 (7-9): Structured comparison with detailed evidence for both countries.', 49);
INSERT OR IGNORE INTO history_written_questions (id, category, difficulty, question_type, unit, marks, question_text, mark_scheme, sort_order) VALUES ('hist-p1-wq-049', '2.2 Impact of Domestic Economic Issues on Foreign Policies', 'SL/HL', 'short_answer', 'P1-MGW', 9, 'Evaluate the extent to which domestic economic issues drove the foreign policies of Germany and Italy.', '• Germany: rearmament as economic stimulus, need for resources (autarky), Four-Year Plan, Mefo Bills.
• Italy: economic failures (Battle for Grain), need for resources and prestige, corporatism''s limitations.
• Counter-argument: ideology and political ambitions were equally or more important.
• Band 4 (7-9): Balanced analysis weighing economic factors against ideological and political motivations.', 50);
INSERT OR IGNORE INTO history_written_questions (id, category, difficulty, question_type, unit, marks, question_text, mark_scheme, sort_order) VALUES ('hist-p1-wq-050', '2.3 Changing Diplomatic Alignments; End of Collective Security;', 'SL/HL', 'short_answer', 'P1-MGW', 9, 'To what extent was appeasement responsible for the outbreak of war in 1939?', '• Arguments for: emboldened Hitler, sacrificed strategic positions (Czechoslovakia), failed to deter aggression, undermined collective security.
• Arguments against: bought time for rearmament, reflected public anti-war sentiment, alternatives were limited, French military weakness.
• Consider specific examples: Rhineland, Anschluss, Munich, Prague.
• Historiographical perspectives: guilty men thesis vs. revisionist defence of appeasement.
• Band 4 (7-9): Nuanced evaluation with multiple perspectives and a clear judgement.', 51);
INSERT OR IGNORE INTO history_written_questions (id, category, difficulty, question_type, unit, marks, question_text, mark_scheme, sort_order) VALUES ('hist-p1-wq-051', '2.4 German Challenges to the Post-War Settlements (1933--1938)', 'SL/HL', 'short_answer', 'P1-MGW', 9, 'Examine the significance of German challenges to the post-war settlements between 1933 and 1938.', '• Chronological analysis: withdrawal from League, conscription, Rhineland, Anschluss, Sudetenland/Munich.
• Pattern of escalation: each unchallenged step emboldened Hitler further.
• International responses: failure to act consistently undermined deterrence.
• Significance: demonstrated the collapse of Versailles, failure of collective security, and the road to war.
• Band 4 (7-9): Clear analytical framework examining significance of each challenge.', 52);
INSERT OR IGNORE INTO history_written_questions (id, category, difficulty, question_type, unit, marks, question_text, mark_scheme, sort_order) VALUES ('hist-p1-wq-052', '2.5 Italian Expansion: Abyssinia (1935--36), Albania, Entry into WWII', 'SL/HL', 'short_answer', 'P1-MGW', 9, 'Evaluate the significance of the Abyssinian crisis for international relations in the 1930s.', '• Immediate impact: demonstrated League of Nations'' weakness; sanctions failure.
• Diplomatic realignment: destroyed the Stresa Front; pushed Italy towards Germany (Rome-Berlin Axis).
• Precedent: emboldened Hitler; showed that aggression would not be met with effective collective action.
• Impact on appeasement: reinforced British and French reluctance to confront aggressors.
• Band 4 (7-9): Analysis of both immediate and long-term significance with multiple perspectives.', 53);
INSERT OR IGNORE INTO history_written_questions (id, category, difficulty, question_type, unit, marks, question_text, mark_scheme, sort_order) VALUES ('hist-p1-wq-053', '2.6 German Expansion (1938--39): Pact of Steel, Nazi-Soviet Pact,', 'SL/HL', 'short_answer', 'P1-MGW', 9, 'To what extent was the Nazi-Soviet Pact the most important factor in the outbreak of WWII in September 1939?', '• Significance of the Pact: removed risk of two-front war, enabled invasion of Poland, shocked Western powers.
• Other factors: long-term (Versailles grievances, ideology), medium-term (appeasement failures, rearmament), immediate (Danzig crisis, British guarantee to Poland).
• Counter-argument: war was likely regardless -- the Pact determined timing, not inevitability.
• Band 4 (7-9): Clear thesis weighing the Pact against other factors with a convincing evaluation.', 54);
INSERT OR IGNORE INTO history_written_questions (id, category, difficulty, question_type, unit, marks, question_text, mark_scheme, sort_order) VALUES ('hist-p1-wq-054', '2.7 International Response to German Aggression (1933--1938)', 'SL/HL', 'short_answer', 'P1-MGW', 9, 'Evaluate the international response to German aggression between 1933 and 1938.', '• British response: appeasement (rationale, key moments, Chamberlain).
• French response: defensive strategy, internal divisions, reliance on Britain.
• League of Nations: ineffective, no enforcement mechanism against a major power.
• Soviet response: attempts at collective security, failure to build trust.
• Evaluation: too little, too late? Could a firmer response have deterred Hitler?
• Band 4 (7-9): Multi-perspective analysis with evaluation of alternative outcomes.', 55);
INSERT OR IGNORE INTO history_written_questions (id, category, difficulty, question_type, unit, marks, question_text, mark_scheme, sort_order) VALUES ('hist-p1-wq-055', '2.8 International Response to Italian Aggression (1935--36)', 'SL/HL', 'short_answer', 'P1-MGW', 9, 'Evaluate the consequences of the international response to Italian aggression in Abyssinia.', '• Immediate: sanctions failed to stop invasion; Abyssinia conquered by May 1936.
• Diplomatic: collapse of Stresa Front; Italy driven towards Germany; Rome-Berlin Axis formed.
• Broader impact: discredited League of Nations; emboldened Hitler; undermined collective security.
• Alternative perspectives: some argue sanctions were as strong as politically feasible.
• Band 4 (7-9): Analysis of multiple consequences with clear evaluative framework.', 56);
INSERT OR IGNORE INTO history_written_questions (id, category, difficulty, question_type, unit, marks, question_text, mark_scheme, sort_order) VALUES ('hist-p1-wq-056', '2.9 International Response to German and Italian Aggression (1940)', 'SL/HL', 'short_answer', 'P1-MGW', 9, 'Evaluate the international response to German and Italian aggression in 1940.', '• British response: continued resistance under Churchill despite France''s fall; Battle of Britain.
• US response: shift from neutrality towards support (Destroyers-for-Bases, Lend-Lease).
• Failures: League defunct, France defeated, most of Europe occupied.
• Significance: 1940 as turning point from appeasement to active resistance.
• Band 4 (7-9): Analysis of responses from multiple actors with evaluation of effectiveness.', 57);
