-- ════════════════════════════════════════════════════════════════════════════
-- 0042 · Paper 2 History Content (Wars, Authoritarian, Cold War, Democratic,
--        Independence) — flashcards, checklists, MCQ, written questions
-- ════════════════════════════════════════════════════════════════════════════

-- ══ Causes and Effects of 20th Century Wars (unit = 'P2-WAR') ═══════════════════════════════════

-- Category colors
INSERT OR IGNORE INTO history_category_colors (category, color) VALUES ('1. Causes of War: Long-term, Short-term, and Immediate', '#C4A36A');
INSERT OR IGNORE INTO history_category_colors (category, color) VALUES ('2. Practices and Nature of 20th-Century Wars', '#C4A36A');
INSERT OR IGNORE INTO history_category_colors (category, color) VALUES ('3. WWI: The Great War (1914-1918)', '#C4A36A');
INSERT OR IGNORE INTO history_category_colors (category, color) VALUES ('4. WWII in Europe (1939-1945)', '#C4A36A');
INSERT OR IGNORE INTO history_category_colors (category, color) VALUES ('5. WWII in the Pacific (1941-1945)', '#C4A36A');
INSERT OR IGNORE INTO history_category_colors (category, color) VALUES ('6. Effects of Wars: Political, Economic, Social', '#C4A36A');
INSERT OR IGNORE INTO history_category_colors (category, color) VALUES ('7. The Spanish Civil War (1936-1939)', '#C4A36A');
INSERT OR IGNORE INTO history_category_colors (category, color) VALUES ('8. The Chinese Civil War (1927-1949)', '#C4A36A');
INSERT OR IGNORE INTO history_category_colors (category, color) VALUES ('9. The Korean War (1950-1953) and Vietnam War (1955-1975)', '#C4A36A');

-- Checklist sections & items
INSERT OR IGNORE INTO history_checklist_sections (id, title, color, unit, sort_order) VALUES ('hist-p2-war-cl-1', '1. Causes of War: Long-term, Short-term, and Immediate', '#C4A36A', 'P2-WAR', 101);
INSERT INTO history_checklist_items (section_id, text, sort_order) VALUES ('hist-p2-war-cl-1', 'I can distinguish between long-term, short-term, and immediate causes', 1);
INSERT INTO history_checklist_items (section_id, text, sort_order) VALUES ('hist-p2-war-cl-1', 'I can apply the M.A.I.N. framework to WWI', 2);
INSERT INTO history_checklist_items (section_id, text, sort_order) VALUES ('hist-p2-war-cl-1', 'I can explain the causes of WWII in both Europe and the Pacific', 3);
INSERT INTO history_checklist_items (section_id, text, sort_order) VALUES ('hist-p2-war-cl-1', 'I can analyse economic vs. ideological causes of war', 4);
INSERT INTO history_checklist_items (section_id, text, sort_order) VALUES ('hist-p2-war-cl-1', 'I can discuss the role of leadership in causing wars', 5);
INSERT INTO history_checklist_items (section_id, text, sort_order) VALUES ('hist-p2-war-cl-1', 'I can compare causes of at least 2 different 20th-century wars', 6);
INSERT INTO history_checklist_items (section_id, text, sort_order) VALUES ('hist-p2-war-cl-1', 'I can evaluate which type of cause was most important for specific wars', 7);
INSERT OR IGNORE INTO history_checklist_sections (id, title, color, unit, sort_order) VALUES ('hist-p2-war-cl-2', '2. Practices and Nature of 20th-Century Wars', '#C4A36A', 'P2-WAR', 102);
INSERT INTO history_checklist_items (section_id, text, sort_order) VALUES ('hist-p2-war-cl-2', 'I can explain the concept of ''total war'' with examples', 1);
INSERT INTO history_checklist_items (section_id, text, sort_order) VALUES ('hist-p2-war-cl-2', 'I can discuss how technology changed warfare across the 20th century', 2);
INSERT INTO history_checklist_items (section_id, text, sort_order) VALUES ('hist-p2-war-cl-2', 'I can explain guerrilla warfare with specific case studies', 3);
INSERT INTO history_checklist_items (section_id, text, sort_order) VALUES ('hist-p2-war-cl-2', 'I can analyse the impact of air power and strategic bombing', 4);
INSERT INTO history_checklist_items (section_id, text, sort_order) VALUES ('hist-p2-war-cl-2', 'I can discuss the impact of war on civilians', 5);
INSERT INTO history_checklist_items (section_id, text, sort_order) VALUES ('hist-p2-war-cl-2', 'I can compare the nature of warfare in at least 2 different 20th-century wars', 6);
INSERT INTO history_checklist_items (section_id, text, sort_order) VALUES ('hist-p2-war-cl-2', 'I can evaluate the ethical implications of total war and civilian targeting', 7);
INSERT OR IGNORE INTO history_checklist_sections (id, title, color, unit, sort_order) VALUES ('hist-p2-war-cl-3', '3. WWI: The Great War (1914-1918)', '#C4A36A', 'P2-WAR', 103);
INSERT INTO history_checklist_items (section_id, text, sort_order) VALUES ('hist-p2-war-cl-3', 'I can explain the causes of WWI using M.A.I.N. and the trigger', 1);
INSERT INTO history_checklist_items (section_id, text, sort_order) VALUES ('hist-p2-war-cl-3', 'I can describe the key features of trench warfare', 2);
INSERT INTO history_checklist_items (section_id, text, sort_order) VALUES ('hist-p2-war-cl-3', 'I can explain the Schlieffen Plan and its failure', 3);
INSERT INTO history_checklist_items (section_id, text, sort_order) VALUES ('hist-p2-war-cl-3', 'I can discuss key battles (Verdun, Somme, Marne) with casualties', 4);
INSERT INTO history_checklist_items (section_id, text, sort_order) VALUES ('hist-p2-war-cl-3', 'I can explain why Germany lost WWI', 5);
INSERT INTO history_checklist_items (section_id, text, sort_order) VALUES ('hist-p2-war-cl-3', 'I can detail the terms of the Treaty of Versailles', 6);
INSERT INTO history_checklist_items (section_id, text, sort_order) VALUES ('hist-p2-war-cl-3', 'I can evaluate the impact of WWI on the 20th century', 7);
INSERT OR IGNORE INTO history_checklist_sections (id, title, color, unit, sort_order) VALUES ('hist-p2-war-cl-4', '4. WWII in Europe (1939-1945)', '#C4A36A', 'P2-WAR', 104);
INSERT INTO history_checklist_items (section_id, text, sort_order) VALUES ('hist-p2-war-cl-4', 'I can explain blitzkrieg and its initial successes', 1);
INSERT INTO history_checklist_items (section_id, text, sort_order) VALUES ('hist-p2-war-cl-4', 'I can discuss Operation Barbarossa and its failure', 2);
INSERT INTO history_checklist_items (section_id, text, sort_order) VALUES ('hist-p2-war-cl-4', 'I can analyse the significance of Stalingrad as a turning point', 3);
INSERT INTO history_checklist_items (section_id, text, sort_order) VALUES ('hist-p2-war-cl-4', 'I can explain D-Day and the liberation of Western Europe', 4);
INSERT INTO history_checklist_items (section_id, text, sort_order) VALUES ('hist-p2-war-cl-4', 'I can discuss the Holocaust with specific evidence', 5);
INSERT INTO history_checklist_items (section_id, text, sort_order) VALUES ('hist-p2-war-cl-4', 'I can explain the key reasons for Allied victory in Europe', 6);
INSERT INTO history_checklist_items (section_id, text, sort_order) VALUES ('hist-p2-war-cl-4', 'I can evaluate the human and material cost of WWII in Europe', 7);
INSERT OR IGNORE INTO history_checklist_sections (id, title, color, unit, sort_order) VALUES ('hist-p2-war-cl-5', '5. WWII in the Pacific (1941-1945)', '#C4A36A', 'P2-WAR', 105);
INSERT INTO history_checklist_items (section_id, text, sort_order) VALUES ('hist-p2-war-cl-5', 'I can explain why Japan attacked Pearl Harbor', 1);
INSERT INTO history_checklist_items (section_id, text, sort_order) VALUES ('hist-p2-war-cl-5', 'I can discuss the significance of the Battle of Midway', 2);
INSERT INTO history_checklist_items (section_id, text, sort_order) VALUES ('hist-p2-war-cl-5', 'I can explain the island-hopping strategy', 3);
INSERT INTO history_checklist_items (section_id, text, sort_order) VALUES ('hist-p2-war-cl-5', 'I can analyse the decision to use atomic bombs with multiple perspectives', 4);
INSERT INTO history_checklist_items (section_id, text, sort_order) VALUES ('hist-p2-war-cl-5', 'I can discuss the impact of the Pacific War on Japan and the region', 5);
INSERT INTO history_checklist_items (section_id, text, sort_order) VALUES ('hist-p2-war-cl-5', 'I can evaluate whether the atomic bombs were justified', 6);
INSERT OR IGNORE INTO history_checklist_sections (id, title, color, unit, sort_order) VALUES ('hist-p2-war-cl-6', '6. Effects of Wars: Political, Economic, Social', '#C4A36A', 'P2-WAR', 106);
INSERT INTO history_checklist_items (section_id, text, sort_order) VALUES ('hist-p2-war-cl-6', 'I can explain the political effects of both WWI and WWII', 1);
INSERT INTO history_checklist_items (section_id, text, sort_order) VALUES ('hist-p2-war-cl-6', 'I can discuss economic consequences of 20th-century wars', 2);
INSERT INTO history_checklist_items (section_id, text, sort_order) VALUES ('hist-p2-war-cl-6', 'I can analyse social effects (casualties, gender, displacement)', 3);
INSERT INTO history_checklist_items (section_id, text, sort_order) VALUES ('hist-p2-war-cl-6', 'I can explain how wars changed international relations', 4);
INSERT INTO history_checklist_items (section_id, text, sort_order) VALUES ('hist-p2-war-cl-6', 'I can compare the effects of two different wars', 5);
INSERT INTO history_checklist_items (section_id, text, sort_order) VALUES ('hist-p2-war-cl-6', 'I can evaluate which effects were most significant in the long term', 6);
INSERT INTO history_checklist_items (section_id, text, sort_order) VALUES ('hist-p2-war-cl-6', 'I can link war effects to subsequent developments (e.g., WWI to WWII, WWII to Cold War)', 7);
INSERT OR IGNORE INTO history_checklist_sections (id, title, color, unit, sort_order) VALUES ('hist-p2-war-cl-7', '7. The Spanish Civil War (1936-1939)', '#C4A36A', 'P2-WAR', 107);
INSERT INTO history_checklist_items (section_id, text, sort_order) VALUES ('hist-p2-war-cl-7', 'I can explain the causes of the Spanish Civil War', 1);
INSERT INTO history_checklist_items (section_id, text, sort_order) VALUES ('hist-p2-war-cl-7', 'I can discuss foreign intervention from Germany, Italy, USSR, and democracies', 2);
INSERT INTO history_checklist_items (section_id, text, sort_order) VALUES ('hist-p2-war-cl-7', 'I can analyse the significance of Guernica', 3);
INSERT INTO history_checklist_items (section_id, text, sort_order) VALUES ('hist-p2-war-cl-7', 'I can explain the outcome and consequences of the war', 4);
INSERT INTO history_checklist_items (section_id, text, sort_order) VALUES ('hist-p2-war-cl-7', 'I can evaluate the Spanish Civil War as a ''dress rehearsal'' for WWII', 5);
INSERT OR IGNORE INTO history_checklist_sections (id, title, color, unit, sort_order) VALUES ('hist-p2-war-cl-8', '8. The Chinese Civil War (1927-1949)', '#C4A36A', 'P2-WAR', 108);
INSERT INTO history_checklist_items (section_id, text, sort_order) VALUES ('hist-p2-war-cl-8', 'I can explain the causes of the Chinese Civil War', 1);
INSERT INTO history_checklist_items (section_id, text, sort_order) VALUES ('hist-p2-war-cl-8', 'I can discuss the significance of the Long March', 2);
INSERT INTO history_checklist_items (section_id, text, sort_order) VALUES ('hist-p2-war-cl-8', 'I can analyse why the CCP defeated the KMT', 3);
INSERT INTO history_checklist_items (section_id, text, sort_order) VALUES ('hist-p2-war-cl-8', 'I can explain the impact of the CCP victory on China and the world', 4);
INSERT INTO history_checklist_items (section_id, text, sort_order) VALUES ('hist-p2-war-cl-8', 'I can evaluate the role of ideology, leadership, and popular support in the outcome', 5);
INSERT OR IGNORE INTO history_checklist_sections (id, title, color, unit, sort_order) VALUES ('hist-p2-war-cl-9', '9. The Korean War (1950-1953) and Vietnam War (1955-1975)', '#C4A36A', 'P2-WAR', 109);
INSERT INTO history_checklist_items (section_id, text, sort_order) VALUES ('hist-p2-war-cl-9', 'I can explain the causes of both the Korean and Vietnam Wars', 1);
INSERT INTO history_checklist_items (section_id, text, sort_order) VALUES ('hist-p2-war-cl-9', 'I can discuss the Korean War''s significance for the Cold War', 2);
INSERT INTO history_checklist_items (section_id, text, sort_order) VALUES ('hist-p2-war-cl-9', 'I can analyse US involvement and escalation in Vietnam', 3);
INSERT INTO history_checklist_items (section_id, text, sort_order) VALUES ('hist-p2-war-cl-9', 'I can explain why the US failed in Vietnam', 4);
INSERT INTO history_checklist_items (section_id, text, sort_order) VALUES ('hist-p2-war-cl-9', 'I can discuss the significance of the Tet Offensive', 5);
INSERT INTO history_checklist_items (section_id, text, sort_order) VALUES ('hist-p2-war-cl-9', 'I can evaluate the impact of both wars on Cold War dynamics', 6);
INSERT INTO history_checklist_items (section_id, text, sort_order) VALUES ('hist-p2-war-cl-9', 'I can compare the Korean and Vietnam Wars', 7);

-- Flashcard topics & cards
INSERT OR IGNORE INTO history_flashcard_topics (id, label, color, unit, sort_order) VALUES ('hist-p2-war-fc-1', '1. Causes of War: Long-term, Short-term, and Immediate', '#C4A36A', 'P2-WAR', 1);
INSERT INTO history_flashcards (topic_id, term, definition, sort_order) VALUES ('hist-p2-war-fc-1', 'What are the different types of causes of war?', 'Long-term (structural conditions: alliances, nationalism, imperialism, militarism), short-term (specific crises, arms races, diplomatic failures), and immediate/trigger causes (specific events that precipitate conflict, e.g., assassination of Franz Ferdinand).', 1);
INSERT INTO history_flashcards (topic_id, term, definition, sort_order) VALUES ('hist-p2-war-fc-1', 'What is the M.A.I.N. framework for WWI causes?', 'Militarism (arms race, war plans), Alliances (Triple Alliance, Triple Entente), Imperialism (colonial rivalries), and Nationalism (ethnic tensions, Pan-Slavism). These long-term factors created a powder keg ignited by the Sarajevo assassination.', 2);
INSERT INTO history_flashcards (topic_id, term, definition, sort_order) VALUES ('hist-p2-war-fc-1', 'What were the causes of WWII in Europe?', 'Treaty of Versailles resentment, failure of appeasement, Hitler''s aggressive foreign policy (remilitarisation, Anschluss, Sudetenland), failure of collective security (League of Nations weakness), Nazi-Soviet Pact, and economic factors (Great Depression).', 3);
INSERT INTO history_flashcards (topic_id, term, definition, sort_order) VALUES ('hist-p2-war-fc-1', 'What were the causes of WWII in the Pacific?', 'Japanese militarism and expansionism, desire for resources (oil, rubber), invasion of Manchuria (1931) and China (1937), US oil embargo (1941), failure of diplomatic negotiations, and Pearl Harbor (December 1941).', 4);
INSERT INTO history_flashcards (topic_id, term, definition, sort_order) VALUES ('hist-p2-war-fc-1', 'What is the difference between economic and ideological causes of war?', 'Economic: competition for resources, trade disputes, economic crises creating instability. Ideological: clash of political systems (fascism vs. democracy vs. communism), nationalism, racism, religious conflict. Most wars involve both.', 5);
INSERT INTO history_flashcards (topic_id, term, definition, sort_order) VALUES ('hist-p2-war-fc-1', 'What role does leadership play in causing wars?', 'Individual leaders'' decisions, miscalculations, and ambitions can precipitate war: Hitler''s expansionism, Japanese militarists, Saddam Hussein''s invasion of Kuwait. However, structural factors constrain and enable leaders'' choices.', 6);
INSERT OR IGNORE INTO history_flashcard_topics (id, label, color, unit, sort_order) VALUES ('hist-p2-war-fc-2', '2. Practices and Nature of 20th-Century Wars', '#C4A36A', 'P2-WAR', 2);
INSERT INTO history_flashcards (topic_id, term, definition, sort_order) VALUES ('hist-p2-war-fc-2', 'How did warfare change in the 20th century?', 'From limited conflicts to ''total war'': mass mobilisation of civilians, industrial warfare, new technology (tanks, aircraft, submarines, nuclear weapons), ideological motivation, targeting of civilians, and blurring of home front/front line distinction.', 1);
INSERT INTO history_flashcards (topic_id, term, definition, sort_order) VALUES ('hist-p2-war-fc-2', 'What is total war?', 'A war in which a nation mobilises all its resources (economic, industrial, human) and targets both military and civilian populations. Distinction between combatants and non-combatants collapses. WWI and WWII are prime examples.', 2);
INSERT INTO history_flashcards (topic_id, term, definition, sort_order) VALUES ('hist-p2-war-fc-2', 'How did technology change warfare?', 'WWI: machine guns, poison gas, tanks, aircraft, submarines. WWII: blitzkrieg, strategic bombing, aircraft carriers, radar, code-breaking, and atomic weapons. Each innovation changed tactical and strategic possibilities.', 3);
INSERT INTO history_flashcards (topic_id, term, definition, sort_order) VALUES ('hist-p2-war-fc-2', 'What was guerrilla warfare''s role?', 'Irregular forces using hit-and-run tactics, ambushes, and local knowledge against conventional armies. Effective in colonial/independence wars (Vietnam, Algeria, Cuba) and resistance movements. Mao''s ''People''s War'' theory formalised it.', 4);
INSERT INTO history_flashcards (topic_id, term, definition, sort_order) VALUES ('hist-p2-war-fc-2', 'What was the significance of air power?', 'Strategic bombing targeted industrial capacity and civilian morale (London Blitz, firebombing of Dresden/Tokyo). It culminated in atomic bombs on Hiroshima and Nagasaki (1945), fundamentally changing warfare and international relations.', 5);
INSERT INTO history_flashcards (topic_id, term, definition, sort_order) VALUES ('hist-p2-war-fc-2', 'How were civilians affected by 20th-century wars?', 'Through bombing of cities, occupation, forced labour, genocide (Holocaust), displacement/refugees, rationing, propaganda mobilisation, sexual violence, and the draft. Civilian casualties often exceeded military casualties.', 6);
INSERT OR IGNORE INTO history_flashcard_topics (id, label, color, unit, sort_order) VALUES ('hist-p2-war-fc-3', '3. WWI: The Great War (1914-1918)', '#C4A36A', 'P2-WAR', 3);
INSERT INTO history_flashcards (topic_id, term, definition, sort_order) VALUES ('hist-p2-war-fc-3', 'What were the key features of trench warfare?', 'Static defensive lines on the Western Front, no-man''s land, attrition strategy, massive casualties for minimal territorial gain, mud/disease/psychological trauma, and technological innovations to break the deadlock (gas, tanks, aircraft).', 1);
INSERT INTO history_flashcards (topic_id, term, definition, sort_order) VALUES ('hist-p2-war-fc-3', 'What was the Schlieffen Plan?', 'Germany''s strategy to avoid a two-front war by rapidly defeating France through Belgium before turning east against Russia. It failed at the Battle of the Marne (September 1914), leading to the trench warfare stalemate.', 2);
INSERT INTO history_flashcards (topic_id, term, definition, sort_order) VALUES ('hist-p2-war-fc-3', 'What was the significance of Verdun and the Somme (1916)?', 'Both symbolise WWI''s horror: Verdun (German attrition attempt, ~700,000 casualties) and the Somme (British offensive, 57,000 British casualties on the first day, ~1 million total). Neither achieved decisive results.', 3);
INSERT INTO history_flashcards (topic_id, term, definition, sort_order) VALUES ('hist-p2-war-fc-3', 'Why did Germany lose WWI?', 'US entry (1917), British naval blockade causing starvation, failure of Spring Offensive (1918), allied tank/combined arms advances, internal unrest (November Revolution), and exhaustion of German resources and manpower.', 4);
INSERT INTO history_flashcards (topic_id, term, definition, sort_order) VALUES ('hist-p2-war-fc-3', 'What was the Treaty of Versailles (1919)?', 'Peace treaty imposed on Germany: war guilt clause (Article 231), reparations (132 billion gold marks), territorial losses (Alsace-Lorraine, colonies, Polish corridor), military restrictions (100,000 army, no air force), and loss of 13% of territory.', 5);
INSERT OR IGNORE INTO history_flashcard_topics (id, label, color, unit, sort_order) VALUES ('hist-p2-war-fc-4', '4. WWII in Europe (1939-1945)', '#C4A36A', 'P2-WAR', 4);
INSERT INTO history_flashcards (topic_id, term, definition, sort_order) VALUES ('hist-p2-war-fc-4', 'What was blitzkrieg?', 'German ''lightning war'' strategy combining tanks, motorised infantry, and air support (Stuka dive bombers) for rapid breakthroughs. It conquered Poland (1939), France (1940), and initially succeeded in the USSR (1941) before failing due to overextension.', 1);
INSERT INTO history_flashcards (topic_id, term, definition, sort_order) VALUES ('hist-p2-war-fc-4', 'Why did Germany invade the USSR (Operation Barbarossa)?', 'Ideological hatred of communism, desire for Lebensraum in the East, perceived racial inferiority of Slavs, desire for Soviet resources (oil, grain), and Hitler''s strategic gamble to eliminate the eastern threat before the US entered the war.', 2);
INSERT INTO history_flashcards (topic_id, term, definition, sort_order) VALUES ('hist-p2-war-fc-4', 'What was the turning point of WWII in Europe?', 'Stalingrad (1942-43): German 6th Army was encircled and destroyed; 800,000+ Axis casualties. It ended German offensive capability in the East and marked the beginning of Soviet advance westward.', 3);
INSERT INTO history_flashcards (topic_id, term, definition, sort_order) VALUES ('hist-p2-war-fc-4', 'What was D-Day (6 June 1944)?', 'Allied amphibious invasion of Normandy, France - the largest seaborne invasion in history. It opened a second front in Western Europe, liberating France and advancing toward Germany. Over 150,000 troops landed on the first day.', 4);
INSERT INTO history_flashcards (topic_id, term, definition, sort_order) VALUES ('hist-p2-war-fc-4', 'What was the Holocaust?', 'The systematic, state-sponsored murder of 6 million Jews by Nazi Germany (1941-45), along with millions of Roma, disabled people, political opponents, homosexuals, and others. Methods included mass shootings (Einsatzgruppen), gas chambers (Auschwitz, Treblinka), and death marches.', 5);
INSERT OR IGNORE INTO history_flashcard_topics (id, label, color, unit, sort_order) VALUES ('hist-p2-war-fc-5', '5. WWII in the Pacific (1941-1945)', '#C4A36A', 'P2-WAR', 5);
INSERT INTO history_flashcards (topic_id, term, definition, sort_order) VALUES ('hist-p2-war-fc-5', 'Why did Japan attack Pearl Harbor (7 Dec 1941)?', 'To destroy the US Pacific Fleet and buy time for expansion into resource-rich Southeast Asia (oil, rubber, tin). Japan calculated the US would negotiate rather than fight a long war. It was a tactical success but a strategic disaster (united American public for war).', 1);
INSERT INTO history_flashcards (topic_id, term, definition, sort_order) VALUES ('hist-p2-war-fc-5', 'What was island-hopping?', 'The US strategy of capturing strategically important islands while bypassing heavily fortified Japanese positions, moving progressively closer to Japan (Guadalcanal, Iwo Jima, Okinawa). It was costly but effective.', 2);
INSERT INTO history_flashcards (topic_id, term, definition, sort_order) VALUES ('hist-p2-war-fc-5', 'Why were atomic bombs dropped on Japan?', 'To force Japanese surrender without a costly land invasion (estimated 250,000-1 million Allied casualties), demonstrate US power to the USSR, end the war quickly, and punish Japan. The decision remains deeply controversial.', 3);
INSERT INTO history_flashcards (topic_id, term, definition, sort_order) VALUES ('hist-p2-war-fc-5', 'What was the impact of the atomic bombs?', 'Hiroshima (6 Aug) and Nagasaki (9 Aug) killed approximately 200,000+ people. Japan surrendered on 15 August 1945 (V-J Day). The bombs inaugurated the nuclear age, transforming international relations and sparking a nuclear arms race.', 4);
INSERT OR IGNORE INTO history_flashcard_topics (id, label, color, unit, sort_order) VALUES ('hist-p2-war-fc-6', '6. Effects of Wars: Political, Economic, Social', '#C4A36A', 'P2-WAR', 6);
INSERT INTO history_flashcards (topic_id, term, definition, sort_order) VALUES ('hist-p2-war-fc-6', 'What were the political effects of WWI?', 'Collapse of four empires (Russian, German, Austro-Hungarian, Ottoman), creation of new states (Poland, Czechoslovakia, Yugoslavia), rise of communism (Russian Revolution), League of Nations established, Treaty of Versailles resentment, and seeds of WWII.', 1);
INSERT INTO history_flashcards (topic_id, term, definition, sort_order) VALUES ('hist-p2-war-fc-6', 'What were the political effects of WWII?', 'United Nations established (1945), decolonisation accelerated, Cold War began (US vs. USSR), Germany/Japan occupied and democratised, Eastern Europe came under Soviet control, Israel created (1948), and human rights frameworks developed (UN Declaration 1948).', 2);
INSERT INTO history_flashcards (topic_id, term, definition, sort_order) VALUES ('hist-p2-war-fc-6', 'What were the economic effects of major wars?', 'Destruction of infrastructure, debt accumulation, inflation, disruption of trade, but also: industrial mobilisation, technological innovation, women entering the workforce, post-war booms (e.g., 1950s-60s golden age), and Marshall Plan reconstruction.', 3);
INSERT INTO history_flashcards (topic_id, term, definition, sort_order) VALUES ('hist-p2-war-fc-6', 'What were the social effects of wars?', 'Massive casualties (WWI: 17M, WWII: 70-85M), displacement/refugees, changed gender roles (women in workforce), psychological trauma (shell shock/PTSD), demographic changes, social mobility, and cultural shifts (disillusionment, modernism).', 4);
INSERT OR IGNORE INTO history_flashcard_topics (id, label, color, unit, sort_order) VALUES ('hist-p2-war-fc-7', '7. The Spanish Civil War (1936-1939)', '#C4A36A', 'P2-WAR', 7);
INSERT INTO history_flashcards (topic_id, term, definition, sort_order) VALUES ('hist-p2-war-fc-7', 'What caused the Spanish Civil War?', 'Political polarisation (left vs. right), failure of the Second Republic, military uprising led by Franco (July 1936), regional tensions (Catalonia, Basque Country), land reform disputes, Church-state conflict, and ideological extremism on both sides.', 1);
INSERT INTO history_flashcards (topic_id, term, definition, sort_order) VALUES ('hist-p2-war-fc-7', 'What foreign intervention occurred?', 'Germany and Italy supported Franco (Condor Legion, weapons, troops). The USSR supported the Republic (weapons, advisors). International Brigades (volunteer fighters from many countries). Britain and France pursued non-intervention, effectively helping Franco.', 2);
INSERT INTO history_flashcards (topic_id, term, definition, sort_order) VALUES ('hist-p2-war-fc-7', 'What was the significance of Guernica (1937)?', 'German Condor Legion bombed the Basque town of Guernica, killing hundreds of civilians. It became a symbol of fascist brutality and the horrors of modern aerial warfare. Picasso''s painting immortalised the atrocity.', 3);
INSERT INTO history_flashcards (topic_id, term, definition, sort_order) VALUES ('hist-p2-war-fc-7', 'What was the outcome?', 'Franco''s Nationalists won in April 1939. Franco established a dictatorship lasting until his death in 1975. The war killed approximately 500,000 people and served as a rehearsal for WWII.', 4);
INSERT OR IGNORE INTO history_flashcard_topics (id, label, color, unit, sort_order) VALUES ('hist-p2-war-fc-8', '8. The Chinese Civil War (1927-1949)', '#C4A36A', 'P2-WAR', 8);
INSERT INTO history_flashcards (topic_id, term, definition, sort_order) VALUES ('hist-p2-war-fc-8', 'What caused the Chinese Civil War?', 'KMT-CCP ideological rivalry, failure of the First United Front (Shanghai Massacre 1927), warlordism, Japanese invasion (creating temporary Second United Front 1937-45), peasant grievances, and competition for post-WWII control of China.', 1);
INSERT INTO history_flashcards (topic_id, term, definition, sort_order) VALUES ('hist-p2-war-fc-8', 'What was the Long March (1934-35)?', 'The CCP''s 6,000-mile retreat from KMT encirclement. Only 10% survived (~8,000 of 80,000). It preserved the Communist movement, established Mao''s leadership, built peasant support, and became a founding myth of the PRC.', 2);
INSERT INTO history_flashcards (topic_id, term, definition, sort_order) VALUES ('hist-p2-war-fc-8', 'Why did the CCP win?', 'Peasant support (land reform promises), effective guerrilla warfare, KMT corruption and incompetence, KMT loss of popular support, CCP discipline, Soviet capture of Japanese weapons transferred to CCP, and US failure to effectively support KMT.', 3);
INSERT INTO history_flashcards (topic_id, term, definition, sort_order) VALUES ('hist-p2-war-fc-8', 'What was the impact of the CCP victory?', 'PRC established (1 Oct 1949), KMT fled to Taiwan, radical social transformation (land reform, collectivisation), Cold War implications (communist ''loss'' of China shocked the US), and beginning of Sino-Soviet alliance.', 4);
INSERT OR IGNORE INTO history_flashcard_topics (id, label, color, unit, sort_order) VALUES ('hist-p2-war-fc-9', '9. The Korean War (1950-1953) and Vietnam War (1955-1975)', '#C4A36A', 'P2-WAR', 9);
INSERT INTO history_flashcards (topic_id, term, definition, sort_order) VALUES ('hist-p2-war-fc-9', 'What caused the Korean War?', 'Division of Korea at the 38th parallel (1945), Cold War rivalry, Kim Il-sung''s ambition to reunify Korea under communism, US containment policy, Chinese Revolution (1949) encouraging communist expansion, and miscalculations by both sides.', 1);
INSERT INTO history_flashcards (topic_id, term, definition, sort_order) VALUES ('hist-p2-war-fc-9', 'What was the significance of the Korean War?', 'First ''hot war'' of the Cold War, demonstrated US commitment to containment, China proved itself a military power, Korea remained divided (still today), UN first military action, and it intensified the arms race and NATO commitment.', 2);
INSERT INTO history_flashcards (topic_id, term, definition, sort_order) VALUES ('hist-p2-war-fc-9', 'What caused US involvement in Vietnam?', 'Cold War containment policy (domino theory), SEATO obligations, French defeat at Dien Bien Phu (1954), Gulf of Tonkin incident (1964), fear of communist expansion in Southeast Asia, and gradual escalation under Kennedy and Johnson.', 3);
INSERT INTO history_flashcards (topic_id, term, definition, sort_order) VALUES ('hist-p2-war-fc-9', 'Why did the US fail in Vietnam?', 'Viet Cong guerrilla tactics, North Vietnamese determination, lack of popular support for South Vietnamese government, US public opposition (anti-war movement), media coverage, terrain difficulties, and inability to win ''hearts and minds''.', 4);
INSERT INTO history_flashcards (topic_id, term, definition, sort_order) VALUES ('hist-p2-war-fc-9', 'What was the Tet Offensive (1968)?', 'A massive surprise attack by North Vietnamese and Viet Cong forces during the Tet holiday. While a military failure for the communists, it was a psychological and political victory: it shattered US claims of winning and turned American public opinion against the war.', 5);

-- MCQ questions
INSERT OR IGNORE INTO history_mcq_questions (id, category, difficulty, unit, question_text, option_a, option_b, option_c, option_d, correct_option, explanation, sort_order) VALUES ('hist-p2-mcq-200', '1. Causes of War: Long-term, Short-term, and Immediate', 'SL/HL', 'P2-WAR', 'The immediate trigger for WWI was:', 'The arms race', 'The assassination of Archduke Franz Ferdinand', 'Colonial rivalries', 'The Alliance system', 1, 'See mark scheme for detailed explanation.', 201);
INSERT OR IGNORE INTO history_mcq_questions (id, category, difficulty, unit, question_text, option_a, option_b, option_c, option_d, correct_option, explanation, sort_order) VALUES ('hist-p2-mcq-201', '1. Causes of War: Long-term, Short-term, and Immediate', 'SL/HL', 'P2-WAR', 'Japan invaded Manchuria in:', '1929', '1931', '1937', '1941', 1, 'See mark scheme for detailed explanation.', 202);
INSERT OR IGNORE INTO history_mcq_questions (id, category, difficulty, unit, question_text, option_a, option_b, option_c, option_d, correct_option, explanation, sort_order) VALUES ('hist-p2-mcq-202', '1. Causes of War: Long-term, Short-term, and Immediate', 'SL/HL', 'P2-WAR', 'Appeasement as a policy towards Hitler is most associated with:', 'Winston Churchill', 'Franklin Roosevelt', 'Neville Chamberlain', 'Joseph Stalin', 2, 'See mark scheme for detailed explanation.', 203);
INSERT OR IGNORE INTO history_mcq_questions (id, category, difficulty, unit, question_text, option_a, option_b, option_c, option_d, correct_option, explanation, sort_order) VALUES ('hist-p2-mcq-203', '1. Causes of War: Long-term, Short-term, and Immediate', 'SL/HL', 'P2-WAR', 'The US oil embargo against Japan (1941) was a response to:', 'Pearl Harbor', 'Japanese expansion in Southeast Asia and China', 'The Nazi-Soviet Pact', 'The fall of France', 1, 'See mark scheme for detailed explanation.', 204);
INSERT OR IGNORE INTO history_mcq_questions (id, category, difficulty, unit, question_text, option_a, option_b, option_c, option_d, correct_option, explanation, sort_order) VALUES ('hist-p2-mcq-204', '2. Practices and Nature of 20th-Century Wars', 'SL/HL', 'P2-WAR', '''Total war'' is characterised by:', 'Limited military engagements', 'Full mobilisation of national resources and targeting of civilians', 'Naval warfare only', 'Wars lasting less than one year', 1, 'See mark scheme for detailed explanation.', 205);
INSERT OR IGNORE INTO history_mcq_questions (id, category, difficulty, unit, question_text, option_a, option_b, option_c, option_d, correct_option, explanation, sort_order) VALUES ('hist-p2-mcq-205', '2. Practices and Nature of 20th-Century Wars', 'SL/HL', 'P2-WAR', 'Blitzkrieg was a strategy primarily associated with:', 'WWI trench warfare', 'Nazi Germany''s rapid combined-arms attacks', 'Soviet defensive strategy', 'Japanese naval warfare', 1, 'See mark scheme for detailed explanation.', 206);
INSERT OR IGNORE INTO history_mcq_questions (id, category, difficulty, unit, question_text, option_a, option_b, option_c, option_d, correct_option, explanation, sort_order) VALUES ('hist-p2-mcq-206', '2. Practices and Nature of 20th-Century Wars', 'SL/HL', 'P2-WAR', 'The atomic bombs were dropped on Hiroshima and Nagasaki in:', '1943', '1944', '1945', '1946', 2, 'See mark scheme for detailed explanation.', 207);
INSERT OR IGNORE INTO history_mcq_questions (id, category, difficulty, unit, question_text, option_a, option_b, option_c, option_d, correct_option, explanation, sort_order) VALUES ('hist-p2-mcq-207', '2. Practices and Nature of 20th-Century Wars', 'SL/HL', 'P2-WAR', 'Guerrilla warfare was most effective in:', 'Large-scale naval battles', 'Colonial and independence wars in difficult terrain', 'European trench warfare', 'Nuclear standoffs', 1, 'See mark scheme for detailed explanation.', 208);
INSERT OR IGNORE INTO history_mcq_questions (id, category, difficulty, unit, question_text, option_a, option_b, option_c, option_d, correct_option, explanation, sort_order) VALUES ('hist-p2-mcq-208', '3. WWI: The Great War (1914-1918)', 'SL/HL', 'P2-WAR', 'The Schlieffen Plan aimed to:', 'Defend Germany''s eastern border', 'Quickly defeat France before fighting Russia', 'Create a naval blockade of Britain', 'Invade the Ottoman Empire', 1, 'See mark scheme for detailed explanation.', 209);
INSERT OR IGNORE INTO history_mcq_questions (id, category, difficulty, unit, question_text, option_a, option_b, option_c, option_d, correct_option, explanation, sort_order) VALUES ('hist-p2-mcq-209', '3. WWI: The Great War (1914-1918)', 'SL/HL', 'P2-WAR', 'Article 231 of the Treaty of Versailles was the:', 'Military limitations clause', 'Reparations clause', 'War guilt clause', 'Territorial adjustment clause', 2, 'See mark scheme for detailed explanation.', 210);
INSERT OR IGNORE INTO history_mcq_questions (id, category, difficulty, unit, question_text, option_a, option_b, option_c, option_d, correct_option, explanation, sort_order) VALUES ('hist-p2-mcq-210', '3. WWI: The Great War (1914-1918)', 'SL/HL', 'P2-WAR', 'British casualties on the first day of the Somme were approximately:', '5,000', '20,000', '57,000', '100,000', 2, 'See mark scheme for detailed explanation.', 211);
INSERT OR IGNORE INTO history_mcq_questions (id, category, difficulty, unit, question_text, option_a, option_b, option_c, option_d, correct_option, explanation, sort_order) VALUES ('hist-p2-mcq-211', '4. WWII in Europe (1939-1945)', 'SL/HL', 'P2-WAR', 'Operation Barbarossa began in:', 'September 1939', 'June 1940', 'June 1941', 'January 1942', 2, 'See mark scheme for detailed explanation.', 212);
INSERT OR IGNORE INTO history_mcq_questions (id, category, difficulty, unit, question_text, option_a, option_b, option_c, option_d, correct_option, explanation, sort_order) VALUES ('hist-p2-mcq-212', '4. WWII in Europe (1939-1945)', 'SL/HL', 'P2-WAR', 'The Battle of Stalingrad (1942-43) was significant because:', 'It was Germany''s first victory', 'It destroyed German offensive capability in the East', 'It led to the fall of France', 'It ended the war immediately', 1, 'See mark scheme for detailed explanation.', 213);
INSERT OR IGNORE INTO history_mcq_questions (id, category, difficulty, unit, question_text, option_a, option_b, option_c, option_d, correct_option, explanation, sort_order) VALUES ('hist-p2-mcq-213', '4. WWII in Europe (1939-1945)', 'SL/HL', 'P2-WAR', 'D-Day took place on:', '6 June 1943', '6 June 1944', '8 May 1945', '2 September 1945', 1, 'See mark scheme for detailed explanation.', 214);
INSERT OR IGNORE INTO history_mcq_questions (id, category, difficulty, unit, question_text, option_a, option_b, option_c, option_d, correct_option, explanation, sort_order) VALUES ('hist-p2-mcq-214', '4. WWII in Europe (1939-1945)', 'SL/HL', 'P2-WAR', 'The Holocaust resulted in the murder of approximately:', '1 million Jews', '3 million Jews', '6 million Jews', '10 million Jews', 2, 'See mark scheme for detailed explanation.', 215);
INSERT OR IGNORE INTO history_mcq_questions (id, category, difficulty, unit, question_text, option_a, option_b, option_c, option_d, correct_option, explanation, sort_order) VALUES ('hist-p2-mcq-215', '5. WWII in the Pacific (1941-1945)', 'SL/HL', 'P2-WAR', 'The Battle of Midway (June 1942) was significant because:', 'Japan conquered Australia', 'The US destroyed four Japanese carriers, shifting naval balance', 'Japan captured Hawaii', 'The war in the Pacific ended', 1, 'See mark scheme for detailed explanation.', 216);
INSERT OR IGNORE INTO history_mcq_questions (id, category, difficulty, unit, question_text, option_a, option_b, option_c, option_d, correct_option, explanation, sort_order) VALUES ('hist-p2-mcq-216', '5. WWII in the Pacific (1941-1945)', 'SL/HL', 'P2-WAR', 'The ''island-hopping'' strategy involved:', 'Invading every Japanese-held island', 'Capturing strategic islands while bypassing others', 'A naval blockade only', 'Nuclear strikes on all major islands', 1, 'See mark scheme for detailed explanation.', 217);
INSERT OR IGNORE INTO history_mcq_questions (id, category, difficulty, unit, question_text, option_a, option_b, option_c, option_d, correct_option, explanation, sort_order) VALUES ('hist-p2-mcq-217', '5. WWII in the Pacific (1941-1945)', 'SL/HL', 'P2-WAR', 'Japan surrendered on:', '6 August 1945', '9 August 1945', '15 August 1945', '2 September 1945', 2, 'See mark scheme for detailed explanation.', 218);
INSERT OR IGNORE INTO history_mcq_questions (id, category, difficulty, unit, question_text, option_a, option_b, option_c, option_d, correct_option, explanation, sort_order) VALUES ('hist-p2-mcq-218', '6. Effects of Wars: Political, Economic, Social', 'SL/HL', 'P2-WAR', 'The estimated total death toll of WWII was:', '10-15 million', '30-40 million', '70-85 million', '100+ million', 2, 'See mark scheme for detailed explanation.', 219);
INSERT OR IGNORE INTO history_mcq_questions (id, category, difficulty, unit, question_text, option_a, option_b, option_c, option_d, correct_option, explanation, sort_order) VALUES ('hist-p2-mcq-219', '6. Effects of Wars: Political, Economic, Social', 'SL/HL', 'P2-WAR', 'The Marshall Plan (1947) aimed to:', 'Punish Germany', 'Rebuild Western Europe''s economies', 'Establish the United Nations', 'Create NATO', 1, 'See mark scheme for detailed explanation.', 220);
INSERT OR IGNORE INTO history_mcq_questions (id, category, difficulty, unit, question_text, option_a, option_b, option_c, option_d, correct_option, explanation, sort_order) VALUES ('hist-p2-mcq-220', '6. Effects of Wars: Political, Economic, Social', 'SL/HL', 'P2-WAR', 'Which empire did NOT collapse as a result of WWI?', 'Russian', 'Ottoman', 'Austro-Hungarian', 'British', 3, 'See mark scheme for detailed explanation.', 221);
INSERT OR IGNORE INTO history_mcq_questions (id, category, difficulty, unit, question_text, option_a, option_b, option_c, option_d, correct_option, explanation, sort_order) VALUES ('hist-p2-mcq-221', '6. Effects of Wars: Political, Economic, Social', 'SL/HL', 'P2-WAR', 'The UN Universal Declaration of Human Rights was adopted in:', '1945', '1948', '1950', '1955', 1, 'See mark scheme for detailed explanation.', 222);
INSERT OR IGNORE INTO history_mcq_questions (id, category, difficulty, unit, question_text, option_a, option_b, option_c, option_d, correct_option, explanation, sort_order) VALUES ('hist-p2-mcq-222', '7. The Spanish Civil War (1936-1939)', 'SL/HL', 'P2-WAR', 'The Spanish Civil War began in:', '1933', '1936', '1939', '1941', 1, 'See mark scheme for detailed explanation.', 223);
INSERT OR IGNORE INTO history_mcq_questions (id, category, difficulty, unit, question_text, option_a, option_b, option_c, option_d, correct_option, explanation, sort_order) VALUES ('hist-p2-mcq-223', '7. The Spanish Civil War (1936-1939)', 'SL/HL', 'P2-WAR', 'The bombing of Guernica was carried out by:', 'The Spanish Republic', 'The Soviet Air Force', 'The German Condor Legion', 'The British RAF', 2, 'See mark scheme for detailed explanation.', 224);
INSERT OR IGNORE INTO history_mcq_questions (id, category, difficulty, unit, question_text, option_a, option_b, option_c, option_d, correct_option, explanation, sort_order) VALUES ('hist-p2-mcq-224', '7. The Spanish Civil War (1936-1939)', 'SL/HL', 'P2-WAR', 'Franco''s regime lasted until:', '1945', '1955', '1965', '1975', 3, 'See mark scheme for detailed explanation.', 225);
INSERT OR IGNORE INTO history_mcq_questions (id, category, difficulty, unit, question_text, option_a, option_b, option_c, option_d, correct_option, explanation, sort_order) VALUES ('hist-p2-mcq-225', '8. The Chinese Civil War (1927-1949)', 'SL/HL', 'P2-WAR', 'The Shanghai Massacre (1927) involved:', 'Japanese killing Chinese civilians', 'KMT forces attacking communists', 'CCP purging rightists', 'Foreign powers bombarding Shanghai', 1, 'See mark scheme for detailed explanation.', 226);
INSERT OR IGNORE INTO history_mcq_questions (id, category, difficulty, unit, question_text, option_a, option_b, option_c, option_d, correct_option, explanation, sort_order) VALUES ('hist-p2-mcq-226', '8. The Chinese Civil War (1927-1949)', 'SL/HL', 'P2-WAR', 'The PRC was proclaimed on:', '1 October 1945', '1 October 1949', '1 January 1950', '1 May 1949', 1, 'See mark scheme for detailed explanation.', 227);
INSERT OR IGNORE INTO history_mcq_questions (id, category, difficulty, unit, question_text, option_a, option_b, option_c, option_d, correct_option, explanation, sort_order) VALUES ('hist-p2-mcq-227', '8. The Chinese Civil War (1927-1949)', 'SL/HL', 'P2-WAR', 'A key reason for CCP victory was:', 'Superior military technology', 'Peasant support gained through land reform promises', 'US military intervention on their behalf', 'Soviet troops fighting in China', 1, 'See mark scheme for detailed explanation.', 228);
INSERT OR IGNORE INTO history_mcq_questions (id, category, difficulty, unit, question_text, option_a, option_b, option_c, option_d, correct_option, explanation, sort_order) VALUES ('hist-p2-mcq-228', '9. The Korean War (1950-1953) and Vietnam War (1955-1975)', 'SL/HL', 'P2-WAR', 'The Korean War began when:', 'The US invaded North Korea', 'North Korea invaded South Korea in June 1950', 'China invaded Korea', 'Japan attacked Pearl Harbor', 1, 'See mark scheme for detailed explanation.', 229);
INSERT OR IGNORE INTO history_mcq_questions (id, category, difficulty, unit, question_text, option_a, option_b, option_c, option_d, correct_option, explanation, sort_order) VALUES ('hist-p2-mcq-229', '9. The Korean War (1950-1953) and Vietnam War (1955-1975)', 'SL/HL', 'P2-WAR', 'The domino theory suggested that:', 'Nuclear weapons would dominate warfare', 'If one country fell to communism, neighbours would follow', 'Economic aid would solve all problems', 'Alliances were unnecessary', 1, 'See mark scheme for detailed explanation.', 230);
INSERT OR IGNORE INTO history_mcq_questions (id, category, difficulty, unit, question_text, option_a, option_b, option_c, option_d, correct_option, explanation, sort_order) VALUES ('hist-p2-mcq-230', '9. The Korean War (1950-1953) and Vietnam War (1955-1975)', 'SL/HL', 'P2-WAR', 'The Tet Offensive (1968) was significant because it:', 'Was a decisive military victory for North Vietnam', 'Turned US public opinion against the war despite being a military failure for the North', 'Led to immediate US withdrawal', 'Ended the Cold War', 1, 'See mark scheme for detailed explanation.', 231);

-- Written questions (15 marks)
INSERT OR IGNORE INTO history_written_questions (id, category, difficulty, question_type, unit, marks, question_text, mark_scheme, sort_order) VALUES ('hist-p2-wq-100', '1. Causes of War: Long-term, Short-term, and Immediate', 'SL/HL', 'short_answer', 'P2-WAR', 15, 'Compare and contrast the causes of two 20th-century wars.', '• Band 5 (13-15): Systematic comparison of long-term, short-term, and immediate causes with specific evidence from two wars.
• Examples: WWI (M.A.I.N. + assassination trigger) vs. WWII (Versailles legacy, appeasement failure, Hitler''s aggression, ideological clash).
• Or: WWII Pacific (Japanese expansionism, resource competition) vs. Korean War (Cold War ideology, division of Korea).
• Must show genuine comparison with similarities and differences.
• Band 3 (7-9): Some comparison but may be two separate narratives.
• Band 1 (1-3): Vague; no specific causes identified.', 101);
INSERT OR IGNORE INTO history_written_questions (id, category, difficulty, question_type, unit, marks, question_text, mark_scheme, sort_order) VALUES ('hist-p2-wq-101', '1. Causes of War: Long-term, Short-term, and Immediate', 'SL/HL', 'short_answer', 'P2-WAR', 15, 'To what extent was the failure of appeasement responsible for the outbreak of WWII?', '• Band 5 (13-15): Balanced evaluation of appeasement against other causes (Versailles, Hitler''s ideology, economic factors, collective security failure, Nazi-Soviet Pact).
• Appeasement: Munich Agreement (1938), failure to confront Rhineland remilitarisation (1936), emboldened Hitler, bought time but at the cost of credibility.
• Other factors: Hitler''s long-standing aims (Lebensraum, Mein Kampf), Treaty of Versailles creating grievances, Great Depression, League of Nations weakness, Soviet calculation.
• Must reach a clear, substantiated judgement.
• Band 3 (7-9): Some analysis but may overstate appeasement''s role.
• Band 1 (1-3): Minimal knowledge of pre-war diplomacy.', 102);
INSERT OR IGNORE INTO history_written_questions (id, category, difficulty, question_type, unit, marks, question_text, mark_scheme, sort_order) VALUES ('hist-p2-wq-102', '2. Practices and Nature of 20th-Century Wars', 'SL/HL', 'short_answer', 'P2-WAR', 15, 'Examine the impact of technology on the practices of one 20th-century war.', '• Band 5 (13-15): Detailed analysis of specific technologies and their impact on tactics, strategy, and outcomes with evaluation of significance.
• For WWI: machine guns (stalemate), gas, tanks (break stalemate), aircraft (reconnaissance then bombing), submarines (U-boat campaign).
• For WWII: blitzkrieg, strategic bombing, radar, aircraft carriers, code-breaking (Enigma/Ultra), atomic weapons.
• Must evaluate: Did technology determine outcomes? How did it change the nature of the war?
• Band 3 (7-9): Some relevant examples but limited evaluation of impact.
• Band 1 (1-3): Vague listing of technologies without analysis.', 103);
INSERT OR IGNORE INTO history_written_questions (id, category, difficulty, question_type, unit, marks, question_text, mark_scheme, sort_order) VALUES ('hist-p2-wq-103', '3. WWI: The Great War (1914-1918)', 'SL/HL', 'short_answer', 'P2-WAR', 15, 'To what extent was the Treaty of Versailles responsible for future conflict?', '• Band 5 (13-15): Evaluative argument linking Versailles terms to subsequent instability while considering alternative explanations.
• Versailles impact: German resentment (''diktat''), economic burden (reparations), territorial grievances, ''stab in the back'' myth, undermined Weimar legitimacy, provided ammunition for Nazi propaganda.
• Alternative factors: Great Depression, rise of fascism/communism, failure of collective security, appeasement, individual leaders'' decisions.
• Strong answers note that Versailles was harsh enough to create resentment but not harsh enough to prevent German recovery.
• Band 3 (7-9): Some relevant analysis but may be one-sided.
• Band 1 (1-3): Vague with no specific treaty terms cited.', 104);
INSERT OR IGNORE INTO history_written_questions (id, category, difficulty, question_type, unit, marks, question_text, mark_scheme, sort_order) VALUES ('hist-p2-wq-104', '4. WWII in Europe (1939-1945)', 'SL/HL', 'short_answer', 'P2-WAR', 15, 'Evaluate the reasons for the Allied victory in WWII in Europe.', '• Band 5 (13-15): Multi-factor analysis evaluating relative importance of different factors with specific evidence. Factors: Soviet manpower and sacrifice (80% of German casualties on Eastern Front), US industrial capacity and resources, Allied strategic bombing, D-Day and Western Front, Hitler''s strategic mistakes (Barbarossa, Stalingrad, two-front war), Allied intelligence (Enigma).
• Must evaluate which factors were most important rather than just listing them.
• Band 3 (7-9): Some relevant analysis but may not evaluate relative importance.
• Band 1 (1-3): Vague with no specific military or strategic evidence.', 105);
INSERT OR IGNORE INTO history_written_questions (id, category, difficulty, question_type, unit, marks, question_text, mark_scheme, sort_order) VALUES ('hist-p2-wq-105', '5. WWII in the Pacific (1941-1945)', 'SL/HL', 'short_answer', 'P2-WAR', 15, 'Evaluate the decision to use atomic weapons against Japan in 1945.', '• Band 5 (13-15): Multi-perspective evaluation with specific evidence, reaching a clear judgement. Arguments for: prevent costly invasion, end war quickly, save Allied/Japanese lives (vs. invasion), demonstrate resolve to USSR. Arguments against: Japan was already near defeat, could have demonstrated the bomb, racial motivations (would it have been used against Europeans?), civilian targeting, long-term nuclear proliferation consequences.
• Must consider different historiographical perspectives (orthodox, revisionist).
• Band 3 (7-9): Some relevant arguments but limited evaluation or balance.
• Band 1 (1-3): One-sided or factually inaccurate.', 106);
INSERT OR IGNORE INTO history_written_questions (id, category, difficulty, question_type, unit, marks, question_text, mark_scheme, sort_order) VALUES ('hist-p2-wq-106', '6. Effects of Wars: Political, Economic, Social', 'SL/HL', 'short_answer', 'P2-WAR', 15, 'Compare and contrast the political and economic effects of two 20th-century wars.', '• Band 5 (13-15): Systematic comparison of effects (political AND economic) with specific evidence from two wars. WWI effects: empire collapse, new states, Versailles system, economic disruption, reparations, US emergence as creditor. WWII effects: UN system, Cold War, decolonisation, Marshall Plan, economic devastation then boom, welfare states.
• Must show genuine comparison of similarities and differences.
• Band 3 (7-9): Some comparison but may focus on one war or one type of effect.
• Band 1 (1-3): Vague with no specific evidence of effects.', 107);
INSERT OR IGNORE INTO history_written_questions (id, category, difficulty, question_type, unit, marks, question_text, mark_scheme, sort_order) VALUES ('hist-p2-wq-107', '7. The Spanish Civil War (1936-1939)', 'SL/HL', 'short_answer', 'P2-WAR', 15, 'To what extent was foreign intervention decisive in the outcome of the Spanish Civil War?', '• Band 5 (13-15): Balanced evaluation of foreign intervention vs. domestic factors with specific evidence. Foreign intervention: German/Italian military aid to Franco (Condor Legion, troops), Soviet aid to Republic (limited and conditional), International Brigades, non-intervention by democracies (benefiting Franco). Domestic factors: Republican divisions (communists vs. anarchists vs. moderates), Nationalist unity under Franco, military advantage, Church and elite support for Franco.
• Must reach clear judgement on ''to what extent''.
• Band 3 (7-9): Some relevant analysis but may overstate one factor.
• Band 1 (1-3): Minimal knowledge of the conflict.', 108);
INSERT OR IGNORE INTO history_written_questions (id, category, difficulty, question_type, unit, marks, question_text, mark_scheme, sort_order) VALUES ('hist-p2-wq-108', '8. The Chinese Civil War (1927-1949)', 'SL/HL', 'short_answer', 'P2-WAR', 15, 'Evaluate the reasons for the Communist victory in the Chinese Civil War.', '• Band 5 (13-15): Multi-factor evaluation weighing CCP strengths against KMT weaknesses with specific evidence. CCP strengths: peasant mobilisation, land reform, guerrilla warfare, Mao''s leadership, party discipline, military strategy. KMT weaknesses: corruption, inflation, loss of popular support, over-reliance on cities, poor military strategy, factionalism. External factors: Japanese invasion''s differential impact, Soviet aid, limited effectiveness of US support.
• Must evaluate relative importance of factors.
• Band 3 (7-9): Some relevant factors identified but limited evaluation.
• Band 1 (1-3): Vague; no specific evidence.', 109);
INSERT OR IGNORE INTO history_written_questions (id, category, difficulty, question_type, unit, marks, question_text, mark_scheme, sort_order) VALUES ('hist-p2-wq-109', '9. The Korean War (1950-1953) and Vietnam War (1955-1975)', 'SL/HL', 'short_answer', 'P2-WAR', 15, 'Compare and contrast the Korean and Vietnam Wars as Cold War conflicts.', '• Band 5 (13-15): Systematic comparison across causes, nature, international involvement, and outcomes. Similarities: Cold War proxy wars, US containment policy, Chinese/Soviet involvement, ideological dimensions, Korean/Vietnamese division. Differences: Conventional vs. guerrilla warfare, UN involvement (Korea) vs. unilateral US (Vietnam), outcomes (stalemate vs. US defeat), scale and duration, domestic opposition.
• Must provide specific evidence from both conflicts.
• Band 3 (7-9): Some comparison but may be superficial.
• Band 1 (1-3): Vague; no specific evidence from either war.', 110);

-- ══ Authoritarian States (unit = 'P2-AUTH') ═══════════════════════════════════

-- Category colors
INSERT OR IGNORE INTO history_category_colors (category, color) VALUES ('1. Origins and Rise of Authoritarian States: Conditions', '#A36B6B');
INSERT OR IGNORE INTO history_category_colors (category, color) VALUES ('2. Methods of Establishing Authoritarian States', '#A36B6B');
INSERT OR IGNORE INTO history_category_colors (category, color) VALUES ('3. Consolidation of Authoritarian Power', '#A36B6B');
INSERT OR IGNORE INTO history_category_colors (category, color) VALUES ('4. Nazi Germany: Domestic Policies', '#A36B6B');
INSERT OR IGNORE INTO history_category_colors (category, color) VALUES ('5. Stalin''s USSR: Domestic Policies', '#A36B6B');
INSERT OR IGNORE INTO history_category_colors (category, color) VALUES ('6. Mao''s China: Domestic Policies', '#A36B6B');
INSERT OR IGNORE INTO history_category_colors (category, color) VALUES ('7. Mussolini''s Italy: Fascist Domestic Policies', '#A36B6B');
INSERT OR IGNORE INTO history_category_colors (category, color) VALUES ('8. Castro''s Cuba: Revolutionary State', '#A36B6B');
INSERT OR IGNORE INTO history_category_colors (category, color) VALUES ('9. Propaganda, Media, and Control of Information', '#A36B6B');
INSERT OR IGNORE INTO history_category_colors (category, color) VALUES ('10. Treatment of Opposition and Resistance', '#A36B6B');
INSERT OR IGNORE INTO history_category_colors (category, color) VALUES ('11. Foreign Policy of Authoritarian States', '#A36B6B');
INSERT OR IGNORE INTO history_category_colors (category, color) VALUES ('12. Treatment of Women and Minorities in Authoritarian States', '#A36B6B');

-- Checklist sections & items
INSERT OR IGNORE INTO history_checklist_sections (id, title, color, unit, sort_order) VALUES ('hist-p2-auth-cl-1', '1. Origins and Rise of Authoritarian States: Conditions', '#A36B6B', 'P2-AUTH', 110);
INSERT INTO history_checklist_items (section_id, text, sort_order) VALUES ('hist-p2-auth-cl-1', 'I can identify at least 5 conditions favouring authoritarian emergence', 1);
INSERT INTO history_checklist_items (section_id, text, sort_order) VALUES ('hist-p2-auth-cl-1', 'I can explain how economic crises create opportunities for authoritarians', 2);
INSERT INTO history_checklist_items (section_id, text, sort_order) VALUES ('hist-p2-auth-cl-1', 'I can discuss the role of political instability with specific examples', 3);
INSERT INTO history_checklist_items (section_id, text, sort_order) VALUES ('hist-p2-auth-cl-1', 'I can analyse how ideology (fascism, communism) justifies authoritarian rule', 4);
INSERT INTO history_checklist_items (section_id, text, sort_order) VALUES ('hist-p2-auth-cl-1', 'I can explain the role of fear and national humiliation', 5);
INSERT INTO history_checklist_items (section_id, text, sort_order) VALUES ('hist-p2-auth-cl-1', 'I can compare conditions in at least 3 different authoritarian states', 6);
INSERT INTO history_checklist_items (section_id, text, sort_order) VALUES ('hist-p2-auth-cl-1', 'I can evaluate which conditions were most important in specific cases', 7);
INSERT OR IGNORE INTO history_checklist_sections (id, title, color, unit, sort_order) VALUES ('hist-p2-auth-cl-2', '2. Methods of Establishing Authoritarian States', '#A36B6B', 'P2-AUTH', 111);
INSERT INTO history_checklist_items (section_id, text, sort_order) VALUES ('hist-p2-auth-cl-2', 'I can explain at least 4 different methods of seizing power', 1);
INSERT INTO history_checklist_items (section_id, text, sort_order) VALUES ('hist-p2-auth-cl-2', 'I can detail Hitler''s legal path to power and consolidation', 2);
INSERT INTO history_checklist_items (section_id, text, sort_order) VALUES ('hist-p2-auth-cl-2', 'I can explain Mao''s revolutionary path to power', 3);
INSERT INTO history_checklist_items (section_id, text, sort_order) VALUES ('hist-p2-auth-cl-2', 'I can discuss Castro''s guerrilla revolution', 4);
INSERT INTO history_checklist_items (section_id, text, sort_order) VALUES ('hist-p2-auth-cl-2', 'I can describe Mussolini''s rise including the March on Rome', 5);
INSERT INTO history_checklist_items (section_id, text, sort_order) VALUES ('hist-p2-auth-cl-2', 'I can explain Stalin''s political manoeuvring within the Communist Party', 6);
INSERT INTO history_checklist_items (section_id, text, sort_order) VALUES ('hist-p2-auth-cl-2', 'I can compare methods across at least 3 different authoritarian leaders', 7);
INSERT INTO history_checklist_items (section_id, text, sort_order) VALUES ('hist-p2-auth-cl-2', 'I can evaluate which methods were most effective and why', 8);
INSERT OR IGNORE INTO history_checklist_sections (id, title, color, unit, sort_order) VALUES ('hist-p2-auth-cl-3', '3. Consolidation of Authoritarian Power', '#A36B6B', 'P2-AUTH', 112);
INSERT INTO history_checklist_items (section_id, text, sort_order) VALUES ('hist-p2-auth-cl-3', 'I can explain at least 5 methods of consolidating authoritarian power', 1);
INSERT INTO history_checklist_items (section_id, text, sort_order) VALUES ('hist-p2-auth-cl-3', 'I can detail the Night of the Long Knives and its significance', 2);
INSERT INTO history_checklist_items (section_id, text, sort_order) VALUES ('hist-p2-auth-cl-3', 'I can explain Stalin''s Great Purge with specific examples', 3);
INSERT INTO history_checklist_items (section_id, text, sort_order) VALUES ('hist-p2-auth-cl-3', 'I can discuss Mao''s consolidation methods', 4);
INSERT INTO history_checklist_items (section_id, text, sort_order) VALUES ('hist-p2-auth-cl-3', 'I can analyse the role of the military in consolidation', 5);
INSERT INTO history_checklist_items (section_id, text, sort_order) VALUES ('hist-p2-auth-cl-3', 'I can explain how legal/constitutional changes legitimise authoritarian rule', 6);
INSERT INTO history_checklist_items (section_id, text, sort_order) VALUES ('hist-p2-auth-cl-3', 'I can compare consolidation methods across at least 3 states', 7);
INSERT INTO history_checklist_items (section_id, text, sort_order) VALUES ('hist-p2-auth-cl-3', 'I can evaluate which methods were most effective for long-term control', 8);
INSERT OR IGNORE INTO history_checklist_sections (id, title, color, unit, sort_order) VALUES ('hist-p2-auth-cl-4', '4. Nazi Germany: Domestic Policies', '#A36B6B', 'P2-AUTH', 113);
INSERT INTO history_checklist_items (section_id, text, sort_order) VALUES ('hist-p2-auth-cl-4', 'I can explain Nazi economic policies including rearmament and public works', 1);
INSERT INTO history_checklist_items (section_id, text, sort_order) VALUES ('hist-p2-auth-cl-4', 'I can discuss how unemployment was reduced (and its limitations)', 2);
INSERT INTO history_checklist_items (section_id, text, sort_order) VALUES ('hist-p2-auth-cl-4', 'I can trace the escalation of racial persecution from 1933 to the Holocaust', 3);
INSERT INTO history_checklist_items (section_id, text, sort_order) VALUES ('hist-p2-auth-cl-4', 'I can explain the Nuremberg Laws and Kristallnacht', 4);
INSERT INTO history_checklist_items (section_id, text, sort_order) VALUES ('hist-p2-auth-cl-4', 'I can discuss Nazi social control mechanisms (Gestapo, propaganda, education)', 5);
INSERT INTO history_checklist_items (section_id, text, sort_order) VALUES ('hist-p2-auth-cl-4', 'I can analyse the role of women in Nazi Germany', 6);
INSERT INTO history_checklist_items (section_id, text, sort_order) VALUES ('hist-p2-auth-cl-4', 'I can evaluate the effectiveness of Nazi propaganda', 7);
INSERT INTO history_checklist_items (section_id, text, sort_order) VALUES ('hist-p2-auth-cl-4', 'I can discuss the Hitler Youth and education policies', 8);
INSERT INTO history_checklist_items (section_id, text, sort_order) VALUES ('hist-p2-auth-cl-4', 'I can assess the extent of popular support vs. coercion in Nazi Germany', 9);
INSERT OR IGNORE INTO history_checklist_sections (id, title, color, unit, sort_order) VALUES ('hist-p2-auth-cl-5', '5. Stalin''s USSR: Domestic Policies', '#A36B6B', 'P2-AUTH', 114);
INSERT INTO history_checklist_items (section_id, text, sort_order) VALUES ('hist-p2-auth-cl-5', 'I can explain collectivisation and its consequences (including the Holodomor)', 1);
INSERT INTO history_checklist_items (section_id, text, sort_order) VALUES ('hist-p2-auth-cl-5', 'I can discuss the Five-Year Plans with specific achievements and costs', 2);
INSERT INTO history_checklist_items (section_id, text, sort_order) VALUES ('hist-p2-auth-cl-5', 'I can describe the Great Purge and Show Trials with specific examples', 3);
INSERT INTO history_checklist_items (section_id, text, sort_order) VALUES ('hist-p2-auth-cl-5', 'I can explain the Gulag system and its role in the Soviet economy', 4);
INSERT INTO history_checklist_items (section_id, text, sort_order) VALUES ('hist-p2-auth-cl-5', 'I can discuss Stalin''s cult of personality and propaganda methods', 5);
INSERT INTO history_checklist_items (section_id, text, sort_order) VALUES ('hist-p2-auth-cl-5', 'I can explain Socialist Realism and cultural control', 6);
INSERT INTO history_checklist_items (section_id, text, sort_order) VALUES ('hist-p2-auth-cl-5', 'I can evaluate the successes and failures of Soviet industrialisation', 7);
INSERT INTO history_checklist_items (section_id, text, sort_order) VALUES ('hist-p2-auth-cl-5', 'I can assess the human cost of Stalinist policies', 8);
INSERT INTO history_checklist_items (section_id, text, sort_order) VALUES ('hist-p2-auth-cl-5', 'I can compare Stalin''s domestic policies with those of another authoritarian leader', 9);
INSERT OR IGNORE INTO history_checklist_sections (id, title, color, unit, sort_order) VALUES ('hist-p2-auth-cl-6', '6. Mao''s China: Domestic Policies', '#A36B6B', 'P2-AUTH', 115);
INSERT INTO history_checklist_items (section_id, text, sort_order) VALUES ('hist-p2-auth-cl-6', 'I can explain Chinese land reform and its consequences', 1);
INSERT INTO history_checklist_items (section_id, text, sort_order) VALUES ('hist-p2-auth-cl-6', 'I can detail the Great Leap Forward and the Great Famine', 2);
INSERT INTO history_checklist_items (section_id, text, sort_order) VALUES ('hist-p2-auth-cl-6', 'I can discuss the Cultural Revolution with specific examples', 3);
INSERT INTO history_checklist_items (section_id, text, sort_order) VALUES ('hist-p2-auth-cl-6', 'I can explain the role of the Red Guards', 4);
INSERT INTO history_checklist_items (section_id, text, sort_order) VALUES ('hist-p2-auth-cl-6', 'I can analyse the Hundred Flowers Campaign and Anti-Rightist Campaign', 5);
INSERT INTO history_checklist_items (section_id, text, sort_order) VALUES ('hist-p2-auth-cl-6', 'I can discuss Mao''s methods of thought control', 6);
INSERT INTO history_checklist_items (section_id, text, sort_order) VALUES ('hist-p2-auth-cl-6', 'I can evaluate Mao''s economic policies (successes and catastrophic failures)', 7);
INSERT INTO history_checklist_items (section_id, text, sort_order) VALUES ('hist-p2-auth-cl-6', 'I can compare Mao''s policies with those of Stalin or Hitler', 8);
INSERT INTO history_checklist_items (section_id, text, sort_order) VALUES ('hist-p2-auth-cl-6', 'I can assess the human cost of Mao''s domestic policies', 9);
INSERT OR IGNORE INTO history_checklist_sections (id, title, color, unit, sort_order) VALUES ('hist-p2-auth-cl-7', '7. Mussolini''s Italy: Fascist Domestic Policies', '#A36B6B', 'P2-AUTH', 116);
INSERT INTO history_checklist_items (section_id, text, sort_order) VALUES ('hist-p2-auth-cl-7', 'I can explain the Corporate State and its effectiveness', 1);
INSERT INTO history_checklist_items (section_id, text, sort_order) VALUES ('hist-p2-auth-cl-7', 'I can discuss the Lateran Pacts and their significance', 2);
INSERT INTO history_checklist_items (section_id, text, sort_order) VALUES ('hist-p2-auth-cl-7', 'I can analyse Mussolini''s social policies (Battle for Births, women''s role)', 3);
INSERT INTO history_checklist_items (section_id, text, sort_order) VALUES ('hist-p2-auth-cl-7', 'I can explain Mussolini''s propaganda methods and cult of personality', 4);
INSERT INTO history_checklist_items (section_id, text, sort_order) VALUES ('hist-p2-auth-cl-7', 'I can discuss OVRA and the nature of Fascist repression', 5);
INSERT INTO history_checklist_items (section_id, text, sort_order) VALUES ('hist-p2-auth-cl-7', 'I can compare Italian Fascism with Nazi Germany', 6);
INSERT INTO history_checklist_items (section_id, text, sort_order) VALUES ('hist-p2-auth-cl-7', 'I can evaluate how totalitarian Mussolini''s Italy really was', 7);
INSERT OR IGNORE INTO history_checklist_sections (id, title, color, unit, sort_order) VALUES ('hist-p2-auth-cl-8', '8. Castro''s Cuba: Revolutionary State', '#A36B6B', 'P2-AUTH', 117);
INSERT INTO history_checklist_items (section_id, text, sort_order) VALUES ('hist-p2-auth-cl-8', 'I can explain how Castro consolidated power after 1959', 1);
INSERT INTO history_checklist_items (section_id, text, sort_order) VALUES ('hist-p2-auth-cl-8', 'I can discuss Cuba''s social achievements (healthcare, literacy, education)', 2);
INSERT INTO history_checklist_items (section_id, text, sort_order) VALUES ('hist-p2-auth-cl-8', 'I can analyse Cuba''s economic challenges and dependence on Soviet aid', 3);
INSERT INTO history_checklist_items (section_id, text, sort_order) VALUES ('hist-p2-auth-cl-8', 'I can explain Castro''s methods of suppressing opposition', 4);
INSERT INTO history_checklist_items (section_id, text, sort_order) VALUES ('hist-p2-auth-cl-8', 'I can discuss Cuba''s international revolutionary role', 5);
INSERT INTO history_checklist_items (section_id, text, sort_order) VALUES ('hist-p2-auth-cl-8', 'I can evaluate the balance of social progress vs. political repression in Cuba', 6);
INSERT INTO history_checklist_items (section_id, text, sort_order) VALUES ('hist-p2-auth-cl-8', 'I can compare Castro''s Cuba with another authoritarian state', 7);
INSERT OR IGNORE INTO history_checklist_sections (id, title, color, unit, sort_order) VALUES ('hist-p2-auth-cl-9', '9. Propaganda, Media, and Control of Information', '#A36B6B', 'P2-AUTH', 118);
INSERT INTO history_checklist_items (section_id, text, sort_order) VALUES ('hist-p2-auth-cl-9', 'I can explain why propaganda is essential for authoritarian regimes', 1);
INSERT INTO history_checklist_items (section_id, text, sort_order) VALUES ('hist-p2-auth-cl-9', 'I can compare propaganda techniques across at least 3 regimes', 2);
INSERT INTO history_checklist_items (section_id, text, sort_order) VALUES ('hist-p2-auth-cl-9', 'I can discuss Nazi propaganda with specific examples (media, film, rallies)', 3);
INSERT INTO history_checklist_items (section_id, text, sort_order) VALUES ('hist-p2-auth-cl-9', 'I can analyse Soviet propaganda and Socialist Realism', 4);
INSERT INTO history_checklist_items (section_id, text, sort_order) VALUES ('hist-p2-auth-cl-9', 'I can explain Mao''s propaganda methods (Little Red Book, campaigns)', 5);
INSERT INTO history_checklist_items (section_id, text, sort_order) VALUES ('hist-p2-auth-cl-9', 'I can evaluate the effectiveness of propaganda in maintaining power', 6);
INSERT INTO history_checklist_items (section_id, text, sort_order) VALUES ('hist-p2-auth-cl-9', 'I can discuss the role of education and youth organisations in indoctrination', 7);
INSERT OR IGNORE INTO history_checklist_sections (id, title, color, unit, sort_order) VALUES ('hist-p2-auth-cl-10', '10. Treatment of Opposition and Resistance', '#A36B6B', 'P2-AUTH', 119);
INSERT INTO history_checklist_items (section_id, text, sort_order) VALUES ('hist-p2-auth-cl-10', 'I can explain how authoritarian states suppressed political opposition', 1);
INSERT INTO history_checklist_items (section_id, text, sort_order) VALUES ('hist-p2-auth-cl-10', 'I can identify specific resistance movements in at least 2 authoritarian states', 2);
INSERT INTO history_checklist_items (section_id, text, sort_order) VALUES ('hist-p2-auth-cl-10', 'I can discuss the White Rose group and the 20 July plot', 3);
INSERT INTO history_checklist_items (section_id, text, sort_order) VALUES ('hist-p2-auth-cl-10', 'I can explain the role of secret police in suppressing opposition', 4);
INSERT INTO history_checklist_items (section_id, text, sort_order) VALUES ('hist-p2-auth-cl-10', 'I can evaluate why resistance was generally unsuccessful', 5);
INSERT INTO history_checklist_items (section_id, text, sort_order) VALUES ('hist-p2-auth-cl-10', 'I can compare the treatment of opposition across different authoritarian states', 6);
INSERT OR IGNORE INTO history_checklist_sections (id, title, color, unit, sort_order) VALUES ('hist-p2-auth-cl-11', '11. Foreign Policy of Authoritarian States', '#A36B6B', 'P2-AUTH', 120);
INSERT INTO history_checklist_items (section_id, text, sort_order) VALUES ('hist-p2-auth-cl-11', 'I can explain the foreign policy aims of at least 3 authoritarian leaders', 1);
INSERT INTO history_checklist_items (section_id, text, sort_order) VALUES ('hist-p2-auth-cl-11', 'I can discuss Hitler''s step-by-step dismantling of Versailles', 2);
INSERT INTO history_checklist_items (section_id, text, sort_order) VALUES ('hist-p2-auth-cl-11', 'I can analyse Mussolini''s imperial ambitions', 3);
INSERT INTO history_checklist_items (section_id, text, sort_order) VALUES ('hist-p2-auth-cl-11', 'I can explain the evolution of Soviet foreign policy under Stalin', 4);
INSERT INTO history_checklist_items (section_id, text, sort_order) VALUES ('hist-p2-auth-cl-11', 'I can discuss Mao''s foreign policy and the Sino-Soviet Split', 5);
INSERT INTO history_checklist_items (section_id, text, sort_order) VALUES ('hist-p2-auth-cl-11', 'I can evaluate the relationship between domestic and foreign policy in authoritarian states', 6);
INSERT INTO history_checklist_items (section_id, text, sort_order) VALUES ('hist-p2-auth-cl-11', 'I can compare foreign policy approaches across different authoritarian regimes', 7);
INSERT OR IGNORE INTO history_checklist_sections (id, title, color, unit, sort_order) VALUES ('hist-p2-auth-cl-12', '12. Treatment of Women and Minorities in Authoritarian States', '#A36B6B', 'P2-AUTH', 121);
INSERT INTO history_checklist_items (section_id, text, sort_order) VALUES ('hist-p2-auth-cl-12', 'I can compare the treatment of women across at least 3 authoritarian states', 1);
INSERT INTO history_checklist_items (section_id, text, sort_order) VALUES ('hist-p2-auth-cl-12', 'I can discuss the gap between official policy and reality for women', 2);
INSERT INTO history_checklist_items (section_id, text, sort_order) VALUES ('hist-p2-auth-cl-12', 'I can explain the treatment of minorities in at least 2 authoritarian states', 3);
INSERT INTO history_checklist_items (section_id, text, sort_order) VALUES ('hist-p2-auth-cl-12', 'I can evaluate whether any authoritarian state genuinely improved women''s lives', 4);
INSERT INTO history_checklist_items (section_id, text, sort_order) VALUES ('hist-p2-auth-cl-12', 'I can discuss the Holocaust as the extreme of authoritarian persecution', 5);

-- Flashcard topics & cards
INSERT OR IGNORE INTO history_flashcard_topics (id, label, color, unit, sort_order) VALUES ('hist-p2-auth-fc-1', '1. Origins and Rise of Authoritarian States: Conditions', '#A36B6B', 'P2-AUTH', 1);
INSERT INTO history_flashcards (topic_id, term, definition, sort_order) VALUES ('hist-p2-auth-fc-1', 'What conditions favour the emergence of authoritarian states?', 'Economic crises (depression, hyperinflation), political instability (weak democratic institutions, coalition failures), social divisions (class, ethnic, religious), national humiliation (war defeat, treaty resentment), and fear of revolution (communist/capitalist threat).', 1);
INSERT INTO history_flashcards (topic_id, term, definition, sort_order) VALUES ('hist-p2-auth-fc-1', 'How do economic crises lead to authoritarianism?', 'Mass unemployment and poverty create desperation, discredit existing governments, radicalise populations, and make people susceptible to promises of strong leadership and simple solutions. Examples: Great Depression enabling Hitler, Mussolini, and various military regimes.', 2);
INSERT INTO history_flashcards (topic_id, term, definition, sort_order) VALUES ('hist-p2-auth-fc-1', 'What is the role of political instability?', 'Weak or fragmented democratic systems (e.g., Weimar coalition instability, Chinese warlordism) create power vacuums. Citizens lose faith in democratic processes and become receptive to authoritarian alternatives promising order and stability.', 3);
INSERT INTO history_flashcards (topic_id, term, definition, sort_order) VALUES ('hist-p2-auth-fc-1', 'How do ideological movements contribute?', 'Fascism, communism, and various forms of nationalism provide ideological frameworks that justify authoritarian rule: the need for a strong leader, the supremacy of the state/party/race, and the rejection of liberal democracy.', 4);
INSERT INTO history_flashcards (topic_id, term, definition, sort_order) VALUES ('hist-p2-auth-fc-1', 'What role does fear play?', 'Fear of communism drove support for fascist/right-wing authoritarians (Italy, Germany, Spain). Fear of capitalism/imperialism drove support for communist regimes (Russia, China, Cuba). Fear of instability made populations accept authoritarian solutions.', 5);
INSERT INTO history_flashcards (topic_id, term, definition, sort_order) VALUES ('hist-p2-auth-fc-1', 'How does national humiliation contribute?', 'Resentment over perceived national disgrace (Treaty of Versailles for Germany, ''Century of Humiliation'' for China, Italian ''mutilated victory'') can be exploited by authoritarian leaders promising national restoration and revenge.', 6);
INSERT OR IGNORE INTO history_flashcard_topics (id, label, color, unit, sort_order) VALUES ('hist-p2-auth-fc-2', '2. Methods of Establishing Authoritarian States', '#A36B6B', 'P2-AUTH', 2);
INSERT INTO history_flashcards (topic_id, term, definition, sort_order) VALUES ('hist-p2-auth-fc-2', 'How did Hitler come to power?', 'Through legal-constitutional means: electoral gains, appointment as Chancellor by Hindenburg (Jan 1933), Reichstag Fire Decree (Feb 1933), Enabling Act (Mar 1933), then Gleichschaltung (coordination/consolidation) and the Night of Long Knives (1934).', 1);
INSERT INTO history_flashcards (topic_id, term, definition, sort_order) VALUES ('hist-p2-auth-fc-2', 'How did Mao Zedong come to power?', 'Through prolonged revolution and civil war: building a peasant-based communist movement, the Long March (1934-35), alliance against Japan in WWII, then defeating the Nationalists (KMT) in the Chinese Civil War (1946-49), proclaiming the PRC on 1 Oct 1949.', 2);
INSERT INTO history_flashcards (topic_id, term, definition, sort_order) VALUES ('hist-p2-auth-fc-2', 'How did Castro come to power?', 'Through guerrilla revolution: the 26th of July Movement''s failed Moncada attack (1953), exile and return from Mexico, guerrilla campaign from the Sierra Maestra (1956-59), exploiting Batista''s corruption and US opposition, entering Havana in January 1959.', 3);
INSERT INTO history_flashcards (topic_id, term, definition, sort_order) VALUES ('hist-p2-auth-fc-2', 'How did Mussolini come to power?', 'Through a combination of paramilitary violence (Blackshirts/squadrismo intimidating opponents), political manoeuvring, the March on Rome (October 1922, largely a bluff), King Victor Emmanuel III''s invitation to form a government, and the Acerbo Law and Matteotti Crisis consolidating power.', 4);
INSERT INTO history_flashcards (topic_id, term, definition, sort_order) VALUES ('hist-p2-auth-fc-2', 'How did Stalin come to power?', 'Through political manoeuvring within the Communist Party after Lenin''s death (1924): using his position as General Secretary to build a support base, playing factions against each other (Trotsky, Zinoviev, Kamenev, Bukharin), and gradually eliminating rivals.', 5);
INSERT INTO history_flashcards (topic_id, term, definition, sort_order) VALUES ('hist-p2-auth-fc-2', 'What is Gleichschaltung?', 'The Nazi process of ''coordination'' or ''bringing into line'' (1933-34): banning political parties, bringing institutions (trade unions, media, courts, education) under Nazi control, and establishing totalitarian uniformity.', 6);
INSERT OR IGNORE INTO history_flashcard_topics (id, label, color, unit, sort_order) VALUES ('hist-p2-auth-fc-3', '3. Consolidation of Authoritarian Power', '#A36B6B', 'P2-AUTH', 3);
INSERT INTO history_flashcards (topic_id, term, definition, sort_order) VALUES ('hist-p2-auth-fc-3', 'How did authoritarian leaders consolidate power?', 'Through eliminating opposition (purges, political prisoners, banning parties), controlling institutions (judiciary, legislature, military), creating a personality cult, using propaganda, establishing secret police, and constitutional/legal changes.', 1);
INSERT INTO history_flashcards (topic_id, term, definition, sort_order) VALUES ('hist-p2-auth-fc-3', 'What was the Night of the Long Knives (1934)?', 'Hitler''s purge of the SA leadership (including Ernst Rohm) on 30 June 1934. It eliminated potential rivals, secured army loyalty, and demonstrated Hitler''s willingness to use extreme violence. Over 85 people were killed.', 2);
INSERT INTO history_flashcards (topic_id, term, definition, sort_order) VALUES ('hist-p2-auth-fc-3', 'How did Stalin consolidate power through purges?', 'The Great Purge/Terror (1936-38) eliminated perceived threats: show trials of Old Bolsheviks (Zinoviev, Kamenev, Bukharin), military purges (Marshal Tukhachevsky), mass arrests by NKVD. Up to 750,000 executed; millions sent to Gulags.', 3);
INSERT INTO history_flashcards (topic_id, term, definition, sort_order) VALUES ('hist-p2-auth-fc-3', 'How did Mao consolidate power?', 'Land reform (killing landlords, redistributing land), ''Resist America, Aid Korea'' campaign (Korean War), Anti-Rightist Campaign (1957), Hundred Flowers then crackdown, establishing party control over all institutions, and promoting his personality cult.', 4);
INSERT INTO history_flashcards (topic_id, term, definition, sort_order) VALUES ('hist-p2-auth-fc-3', 'What role does the military play in consolidation?', 'Authoritarians must secure military loyalty through purges of disloyal officers, rewards (funding, prestige), integration into the power structure, or replacement with loyal forces (e.g., SS replacing SA, PLA loyalty to Mao).', 5);
INSERT INTO history_flashcards (topic_id, term, definition, sort_order) VALUES ('hist-p2-auth-fc-3', 'What role do legal/constitutional changes play?', 'Authoritarians use legal mechanisms to legitimise power: Enabling Act (Germany), Acerbo Law (Italy), new constitutions (USSR 1936, China 1954), emergency decrees, and abolishing term limits.', 6);
INSERT OR IGNORE INTO history_flashcard_topics (id, label, color, unit, sort_order) VALUES ('hist-p2-auth-fc-4', '4. Nazi Germany: Domestic Policies', '#A36B6B', 'P2-AUTH', 4);
INSERT INTO history_flashcards (topic_id, term, definition, sort_order) VALUES ('hist-p2-auth-fc-4', 'What was Nazi economic policy?', 'Rearmament (from 1933), public works (Autobahn), job creation schemes (RAD), Schacht''s ''New Plan'' (1934), Goering''s Four-Year Plan (1936) for autarky, ''Strength Through Joy'' (KdF) programs, suppression of trade unions, and deficit spending.', 1);
INSERT INTO history_flashcards (topic_id, term, definition, sort_order) VALUES ('hist-p2-auth-fc-4', 'How did the Nazis reduce unemployment?', 'From 6 million (1933) to near-zero by 1939 through: rearmament, conscription, public works, removing women/Jews from workforce, RAD (compulsory labour service), and statistical manipulation (not counting certain groups).', 2);
INSERT INTO history_flashcards (topic_id, term, definition, sort_order) VALUES ('hist-p2-auth-fc-4', 'What was Nazi racial policy?', 'Based on racial hierarchy with ''Aryans'' supreme: Nuremberg Laws (1935) stripped Jews of citizenship; Kristallnacht (1938) organised violence; escalating persecution through forced emigration, ghettoisation, and ultimately the Holocaust (systematic murder of 6 million Jews).', 3);
INSERT INTO history_flashcards (topic_id, term, definition, sort_order) VALUES ('hist-p2-auth-fc-4', 'How did the Nazis control society?', 'Through Gleichschaltung (coordination), Gestapo (secret police), SS, propaganda (Goebbels), education reform (Hitler Youth, curriculum changes), control of churches, censorship, book burning, and denunciation networks.', 4);
INSERT INTO history_flashcards (topic_id, term, definition, sort_order) VALUES ('hist-p2-auth-fc-4', 'What was the role of women in Nazi Germany?', 'The Nazis promoted ''Kinder, Kuche, Kirche'' (children, kitchen, church): women were discouraged from working, incentivised to have children (Mother''s Cross), excluded from higher education/professions, and subjected to racial breeding programs (Lebensborn).', 5);
INSERT INTO history_flashcards (topic_id, term, definition, sort_order) VALUES ('hist-p2-auth-fc-4', 'What was the Hitler Youth?', 'Compulsory from 1936, it indoctrinated children aged 10-18 with Nazi ideology, physical fitness, military training (boys) and domestic skills (girls/BDM). By 1939 it had 8 million members.', 6);
INSERT INTO history_flashcards (topic_id, term, definition, sort_order) VALUES ('hist-p2-auth-fc-4', 'How effective was Nazi propaganda?', 'Goebbels controlled all media (press, radio, film, art). Leni Riefenstahl''s films, mass rallies (Nuremberg), and radio (Volksempfanger) were highly effective in building support, though private resistance existed. Propaganda was central to maintaining the regime.', 7);
INSERT OR IGNORE INTO history_flashcard_topics (id, label, color, unit, sort_order) VALUES ('hist-p2-auth-fc-5', '5. Stalin''s USSR: Domestic Policies', '#A36B6B', 'P2-AUTH', 5);
INSERT INTO history_flashcards (topic_id, term, definition, sort_order) VALUES ('hist-p2-auth-fc-5', 'What was collectivisation?', 'Stalin''s policy (from 1929) of merging private farms into collective farms (kolkhozes) and state farms (sovkhozes). It aimed to increase agricultural output, fund industrialisation, and destroy the kulaks as a class. It caused the devastating Ukrainian famine (Holodomor, 1932-33).', 1);
INSERT INTO history_flashcards (topic_id, term, definition, sort_order) VALUES ('hist-p2-auth-fc-5', 'What were the Five-Year Plans?', 'Stalin''s economic programs for rapid industrialisation: First (1928-32, heavy industry), Second (1933-37, continued heavy industry), Third (1938-41, disrupted by war). They transformed the USSR into an industrial power but at enormous human cost.', 2);
INSERT INTO history_flashcards (topic_id, term, definition, sort_order) VALUES ('hist-p2-auth-fc-5', 'What was the Holodomor?', 'The man-made famine in Ukraine (1932-33) caused by forced collectivisation, grain requisitioning, and deliberate Soviet policies. An estimated 3.5-7.5 million Ukrainians died. It is recognised by many countries as genocide.', 3);
INSERT INTO history_flashcards (topic_id, term, definition, sort_order) VALUES ('hist-p2-auth-fc-5', 'What were the Show Trials?', 'Public trials (1936-38) of former Bolshevik leaders (Zinoviev, Kamenev, Bukharin, Radek) on fabricated charges of treason, terrorism, and conspiracy. Forced confessions were extracted through torture. They served to eliminate potential rivals and terrorise the population.', 4);
INSERT INTO history_flashcards (topic_id, term, definition, sort_order) VALUES ('hist-p2-auth-fc-5', 'What was the Gulag system?', 'A vast network of forced labour camps across the USSR where political prisoners, ''class enemies'', and criminals were sent. Millions passed through the Gulags; conditions were brutal with high mortality. They provided slave labour for industrialisation projects.', 5);
INSERT INTO history_flashcards (topic_id, term, definition, sort_order) VALUES ('hist-p2-auth-fc-5', 'What was Socialist Realism?', 'The only permitted artistic style under Stalin: art, literature, and music had to glorify the Soviet state, communist values, the working class, and Stalin himself. It served as both propaganda and cultural control, suppressing creative freedom.', 6);
INSERT INTO history_flashcards (topic_id, term, definition, sort_order) VALUES ('hist-p2-auth-fc-5', 'How did Stalin use the cult of personality?', 'Stalin was portrayed as the wise, benevolent ''Father of Nations'' through propaganda, renamed cities (Stalingrad), rewritten history, mandatory portraits, and controlled media. The cult served to legitimise his absolute power and create fear.', 7);
INSERT OR IGNORE INTO history_flashcard_topics (id, label, color, unit, sort_order) VALUES ('hist-p2-auth-fc-6', '6. Mao''s China: Domestic Policies', '#A36B6B', 'P2-AUTH', 6);
INSERT INTO history_flashcards (topic_id, term, definition, sort_order) VALUES ('hist-p2-auth-fc-6', 'What was Chinese land reform (1950-53)?', 'Mao redistributed land from landlords to peasants, involving mass ''struggle sessions'' where landlords were publicly humiliated, beaten, and often killed. An estimated 1-2 million landlords were executed. It transformed rural China and cemented peasant support for the CCP.', 1);
INSERT INTO history_flashcards (topic_id, term, definition, sort_order) VALUES ('hist-p2-auth-fc-6', 'What was the Great Leap Forward (1958-62)?', 'Mao''s campaign to rapidly industrialise China through people''s communes, backyard steel furnaces, and collectivised agriculture. It was an economic catastrophe causing the Great Chinese Famine (1959-61) which killed an estimated 15-55 million people.', 2);
INSERT INTO history_flashcards (topic_id, term, definition, sort_order) VALUES ('hist-p2-auth-fc-6', 'What was the Cultural Revolution (1966-76)?', 'Mao''s campaign to reassert his authority and purge ''capitalist roaders'' from the CCP. Red Guards (radical youth) attacked intellectuals, destroyed cultural artifacts, persecuted ''class enemies'', and caused widespread chaos. Millions were persecuted; up to 2 million died.', 3);
INSERT INTO history_flashcards (topic_id, term, definition, sort_order) VALUES ('hist-p2-auth-fc-6', 'Who were the Red Guards?', 'Radical young people mobilised by Mao during the Cultural Revolution to attack the ''Four Olds'' (old customs, culture, habits, ideas) and purge perceived enemies. They were eventually disbanded when their chaos became uncontrollable.', 4);
INSERT INTO history_flashcards (topic_id, term, definition, sort_order) VALUES ('hist-p2-auth-fc-6', 'What was the Hundred Flowers Campaign (1956-57)?', 'Mao invited intellectuals to criticise the CCP (''Let a hundred flowers bloom''). When criticism became unexpectedly harsh, Mao launched the Anti-Rightist Campaign, persecuting 500,000+ intellectuals. Debate exists over whether it was a deliberate trap.', 5);
INSERT INTO history_flashcards (topic_id, term, definition, sort_order) VALUES ('hist-p2-auth-fc-6', 'How did Mao control thought?', 'Through the ''Little Red Book'' (Quotations from Chairman Mao), thought reform/re-education campaigns, criticism/self-criticism sessions, propaganda, censorship, the Yan''an Rectification Movement model, and controlling all media and education.', 6);
INSERT OR IGNORE INTO history_flashcard_topics (id, label, color, unit, sort_order) VALUES ('hist-p2-auth-fc-7', '7. Mussolini''s Italy: Fascist Domestic Policies', '#A36B6B', 'P2-AUTH', 7);
INSERT INTO history_flashcards (topic_id, term, definition, sort_order) VALUES ('hist-p2-auth-fc-7', 'What was the Corporate State?', 'Mussolini''s economic system (from 1926) organising the economy into corporations of employers and workers under state supervision. In theory it replaced class conflict with cooperation; in practice it benefited employers and the state at workers'' expense.', 1);
INSERT INTO history_flashcards (topic_id, term, definition, sort_order) VALUES ('hist-p2-auth-fc-7', 'What were the Lateran Pacts (1929)?', 'Agreements between Mussolini and Pope Pius XI: recognised Vatican City as independent, made Catholicism Italy''s state religion, and provided financial compensation. They secured Church support for the regime and boosted Mussolini''s legitimacy.', 2);
INSERT INTO history_flashcards (topic_id, term, definition, sort_order) VALUES ('hist-p2-auth-fc-7', 'What was the Battle for Births?', 'Mussolini''s pro-natalist campaign encouraging large families through tax incentives, medals for prolific mothers, and restrictions on contraception/abortion. The goal was to increase Italy''s population from 40 million to 60 million for imperial ambitions. It largely failed.', 3);
INSERT INTO history_flashcards (topic_id, term, definition, sort_order) VALUES ('hist-p2-auth-fc-7', 'How did Mussolini use propaganda?', 'Through controlled media (press, radio, cinema), the cult of Il Duce (the leader), emphasis on Roman imperial glory, Fascist architecture, youth organisations (Balilla, ONB), spectacles, and sport (1934 World Cup). The image of a virile, decisive leader was central.', 4);
INSERT INTO history_flashcards (topic_id, term, definition, sort_order) VALUES ('hist-p2-auth-fc-7', 'What was OVRA?', 'The Organisation for Vigilance and Repression of Anti-Fascism - Mussolini''s secret police. While less brutal than the Gestapo or NKVD, OVRA monitored dissidents, used informants, and sent political opponents to confino (internal exile).', 5);
INSERT OR IGNORE INTO history_flashcard_topics (id, label, color, unit, sort_order) VALUES ('hist-p2-auth-fc-8', '8. Castro''s Cuba: Revolutionary State', '#A36B6B', 'P2-AUTH', 8);
INSERT INTO history_flashcards (topic_id, term, definition, sort_order) VALUES ('hist-p2-auth-fc-8', 'How did Castro consolidate power after 1959?', 'Trials and executions of Batista supporters, nationalisation of US-owned businesses, agrarian reform, alliance with the USSR, establishing a one-party state, suppressing political opponents (imprisoning dissidents), and building a personality cult.', 1);
INSERT INTO history_flashcards (topic_id, term, definition, sort_order) VALUES ('hist-p2-auth-fc-8', 'What were Cuba''s social achievements?', 'Universal free healthcare (one of the best in the developing world), literacy campaign (1961 reduced illiteracy from 23% to 4%), free education, racial equality improvements, and low infant mortality rates. These are often cited as socialism''s successes.', 2);
INSERT INTO history_flashcards (topic_id, term, definition, sort_order) VALUES ('hist-p2-auth-fc-8', 'What were Cuba''s economic challenges?', 'US trade embargo (from 1960), dependence on Soviet subsidies, sugar monoculture, failed diversification attempts, rationing, limited consumer goods, and severe economic crisis after Soviet collapse (1991 ''Special Period'').', 3);
INSERT INTO history_flashcards (topic_id, term, definition, sort_order) VALUES ('hist-p2-auth-fc-8', 'How did Castro suppress opposition?', 'Through political imprisonment, censorship of media, banning opposition parties, surveillance (CDR - Committees for the Defence of the Revolution), forcing emigration of opponents (Mariel boatlift 1980), and control of all institutions.', 4);
INSERT INTO history_flashcards (topic_id, term, definition, sort_order) VALUES ('hist-p2-auth-fc-8', 'What was Cuba''s international role?', 'Castro pursued revolutionary internationalism: military support for Angola, aid to liberation movements in Africa and Latin America, hosting guerrilla training, alliance with USSR, and defiance of US (Bay of Pigs, Missile Crisis).', 5);
INSERT OR IGNORE INTO history_flashcard_topics (id, label, color, unit, sort_order) VALUES ('hist-p2-auth-fc-9', '9. Propaganda, Media, and Control of Information', '#A36B6B', 'P2-AUTH', 9);
INSERT INTO history_flashcards (topic_id, term, definition, sort_order) VALUES ('hist-p2-auth-fc-9', 'Why is propaganda essential for authoritarian regimes?', 'It builds support and legitimacy, creates a shared narrative, demonises opponents, maintains a personality cult, controls information flow, mobilises the population, and shapes beliefs. Without propaganda, regimes rely entirely on coercion, which is more costly.', 1);
INSERT INTO history_flashcards (topic_id, term, definition, sort_order) VALUES ('hist-p2-auth-fc-9', 'How did Nazi propaganda work?', 'Goebbels'' Ministry of Propaganda controlled all media. Techniques included: mass rallies (Nuremberg), radio (Volksempfanger), film (Triumph of the Will), posters, book burning, censorship, antisemitic messaging, and promoting the Fuhrer myth.', 2);
INSERT INTO history_flashcards (topic_id, term, definition, sort_order) VALUES ('hist-p2-auth-fc-9', 'How did Soviet propaganda work?', 'State control of all media (Pravda, Izvestia), Socialist Realism in art, rewriting history (airbrushing purged leaders from photos), education/indoctrination, mass spectacles, cult of Lenin then Stalin, and controlled public celebrations.', 3);
INSERT INTO history_flashcards (topic_id, term, definition, sort_order) VALUES ('hist-p2-auth-fc-9', 'How did Mao use propaganda?', 'The Little Red Book (Quotations from Chairman Mao), mass campaigns, posters, controlled media (People''s Daily), loudspeakers, revolutionary operas, criticism/self-criticism sessions, and the cult of personality (badges, portraits, songs).', 4);
INSERT INTO history_flashcards (topic_id, term, definition, sort_order) VALUES ('hist-p2-auth-fc-9', 'What role does education play in authoritarian control?', 'Education systems are reformed to indoctrinate youth: rewritten textbooks, loyalty oaths, mandatory participation in regime organisations (Hitler Youth, Pioneers, Red Guards), teacher monitoring, and emphasis on ideology over critical thinking.', 5);
INSERT OR IGNORE INTO history_flashcard_topics (id, label, color, unit, sort_order) VALUES ('hist-p2-auth-fc-10', '10. Treatment of Opposition and Resistance', '#A36B6B', 'P2-AUTH', 10);
INSERT INTO history_flashcards (topic_id, term, definition, sort_order) VALUES ('hist-p2-auth-fc-10', 'How did authoritarian states treat political opposition?', 'Through banning opposition parties, secret police surveillance, imprisonment/execution, show trials, forced exile, concentration/labour camps, denunciation systems, and making examples of prominent dissidents to terrorise others.', 1);
INSERT INTO history_flashcards (topic_id, term, definition, sort_order) VALUES ('hist-p2-auth-fc-10', 'What forms of resistance existed in Nazi Germany?', 'White Rose group (student pamphlets), Confessing Church (some clergy), military plots (20 July 1944 Stauffenberg plot), communist underground networks, Edelweiss Pirates (youth), and individual acts of non-compliance. All were small-scale and unsuccessful.', 2);
INSERT INTO history_flashcards (topic_id, term, definition, sort_order) VALUES ('hist-p2-auth-fc-10', 'What forms of resistance existed in the USSR?', 'Very limited under Stalin: some worker resistance (go-slows), intellectual dissidence (later samizdat underground publishing), national resistance in occupied territories, and defections. The NKVD''s pervasive terror made organised resistance nearly impossible.', 3);
INSERT INTO history_flashcards (topic_id, term, definition, sort_order) VALUES ('hist-p2-auth-fc-10', 'How did Mao deal with opposition?', 'Anti-Rightist Campaign (1957), Cultural Revolution persecution, labour camps (laogai), ''re-education through labour'', struggle sessions, forced confessions, executions, and sending urban youth to the countryside (rustication).', 4);
INSERT OR IGNORE INTO history_flashcard_topics (id, label, color, unit, sort_order) VALUES ('hist-p2-auth-fc-11', '11. Foreign Policy of Authoritarian States', '#A36B6B', 'P2-AUTH', 11);
INSERT INTO history_flashcards (topic_id, term, definition, sort_order) VALUES ('hist-p2-auth-fc-11', 'What were Hitler''s foreign policy aims?', 'Overturn Versailles, unite all German speakers (Grossdeutschland), achieve Lebensraum (living space) in the East, destroy communism, and establish German racial dominance in Europe.', 1);
INSERT INTO history_flashcards (topic_id, term, definition, sort_order) VALUES ('hist-p2-auth-fc-11', 'What was Mussolini''s foreign policy?', 'Restore Roman imperial glory, create a Mediterranean empire (Mare Nostrum), expand in Africa (Ethiopia 1935-36, Libya), establish Italian great-power status, and use foreign adventures to build domestic support.', 2);
INSERT INTO history_flashcards (topic_id, term, definition, sort_order) VALUES ('hist-p2-auth-fc-11', 'What was Stalin''s foreign policy?', 'Initially ''Socialism in One Country'' (focusing on domestic industrialisation), then collective security (joining League of Nations 1934), Nazi-Soviet Pact (1939), and post-WWII expansion of Soviet influence in Eastern Europe.', 3);
INSERT INTO history_flashcards (topic_id, term, definition, sort_order) VALUES ('hist-p2-auth-fc-11', 'How did Mao conduct foreign policy?', 'Alliance with USSR (Sino-Soviet Treaty 1950), intervention in Korean War (1950-53), support for revolutionary movements globally, Sino-Soviet Split (from late 1950s), and eventual rapprochement with the US (Nixon visit 1972).', 4);
INSERT OR IGNORE INTO history_flashcard_topics (id, label, color, unit, sort_order) VALUES ('hist-p2-auth-fc-12', '12. Treatment of Women and Minorities in Authoritarian States', '#A36B6B', 'P2-AUTH', 12);
INSERT INTO history_flashcards (topic_id, term, definition, sort_order) VALUES ('hist-p2-auth-fc-12', 'How were women treated in Nazi Germany?', 'Relegated to ''Kinder, Kuche, Kirche'' (children, kitchen, church), excluded from professions, encouraged to breed through Mother''s Cross medals, subjected to Lebensborn programs, but ironically needed in workforce during war.', 1);
INSERT INTO history_flashcards (topic_id, term, definition, sort_order) VALUES ('hist-p2-auth-fc-12', 'How were women treated in the USSR?', 'Officially equal: women gained suffrage, access to education and professions, and abortion rights. In practice, they faced the ''double burden'' (work + domestic duties), glass ceilings, and Stalin reversed some early Bolshevik gains (restricted abortion 1936).', 2);
INSERT INTO history_flashcards (topic_id, term, definition, sort_order) VALUES ('hist-p2-auth-fc-12', 'How were women treated in Mao''s China?', 'The Marriage Law (1950) abolished arranged marriages and gave women divorce rights. Women entered the workforce (''Women hold up half the sky''). However, traditional patriarchal attitudes persisted, and women rarely held top political positions.', 3);
INSERT INTO history_flashcards (topic_id, term, definition, sort_order) VALUES ('hist-p2-auth-fc-12', 'How did authoritarian states treat ethnic/religious minorities?', 'Nazi Germany: genocide of Jews (Holocaust), Roma, disabled. USSR: deportation of ethnic groups (Chechens, Crimean Tatars, Volga Germans). Italy: anti-Semitic laws (1938). China: suppression of Tibetans, Uyghurs.', 4);

-- MCQ questions
INSERT OR IGNORE INTO history_mcq_questions (id, category, difficulty, unit, question_text, option_a, option_b, option_c, option_d, correct_option, explanation, sort_order) VALUES ('hist-p2-mcq-231', '1. Origins and Rise of Authoritarian States: Conditions', 'SL/HL', 'P2-AUTH', 'Which factor was common to the rise of both Hitler and Mussolini?', 'Colonial ambitions', 'Post-WWI national resentment and economic crisis', 'Communist revolution', 'Religious extremism', 1, 'See mark scheme for detailed explanation.', 232);
INSERT OR IGNORE INTO history_mcq_questions (id, category, difficulty, unit, question_text, option_a, option_b, option_c, option_d, correct_option, explanation, sort_order) VALUES ('hist-p2-mcq-232', '1. Origins and Rise of Authoritarian States: Conditions', 'SL/HL', 'P2-AUTH', 'Fear of communism particularly benefited:', 'Left-wing democratic parties', 'Right-wing/fascist authoritarian movements', 'Trade unions', 'Socialist parties', 1, 'See mark scheme for detailed explanation.', 233);
INSERT OR IGNORE INTO history_mcq_questions (id, category, difficulty, unit, question_text, option_a, option_b, option_c, option_d, correct_option, explanation, sort_order) VALUES ('hist-p2-mcq-233', '1. Origins and Rise of Authoritarian States: Conditions', 'SL/HL', 'P2-AUTH', 'China''s ''Century of Humiliation'' refers to:', 'Communist rule under Mao', 'The period of foreign domination from the Opium Wars to 1949', 'Japanese occupation only', 'The Cultural Revolution', 1, 'See mark scheme for detailed explanation.', 234);
INSERT OR IGNORE INTO history_mcq_questions (id, category, difficulty, unit, question_text, option_a, option_b, option_c, option_d, correct_option, explanation, sort_order) VALUES ('hist-p2-mcq-234', '1. Origins and Rise of Authoritarian States: Conditions', 'SL/HL', 'P2-AUTH', 'Which is NOT a condition favouring authoritarian emergence?', 'Strong democratic institutions and traditions', 'Economic depression', 'National humiliation', 'Weak coalition governments', 0, 'See mark scheme for detailed explanation.', 235);
INSERT OR IGNORE INTO history_mcq_questions (id, category, difficulty, unit, question_text, option_a, option_b, option_c, option_d, correct_option, explanation, sort_order) VALUES ('hist-p2-mcq-235', '2. Methods of Establishing Authoritarian States', 'SL/HL', 'P2-AUTH', 'The Enabling Act (1933) allowed Hitler to:', 'Declare war on France', 'Pass laws without the Reichstag', 'Abolish the presidency', 'Invade Poland', 1, 'See mark scheme for detailed explanation.', 236);
INSERT OR IGNORE INTO history_mcq_questions (id, category, difficulty, unit, question_text, option_a, option_b, option_c, option_d, correct_option, explanation, sort_order) VALUES ('hist-p2-mcq-236', '2. Methods of Establishing Authoritarian States', 'SL/HL', 'P2-AUTH', 'Mao''s Long March (1934-35) was significant because it:', 'Defeated the KMT immediately', 'Preserved the Communist movement and established Mao''s leadership', 'Ended the Japanese occupation', 'Established the PRC', 1, 'See mark scheme for detailed explanation.', 237);
INSERT OR IGNORE INTO history_mcq_questions (id, category, difficulty, unit, question_text, option_a, option_b, option_c, option_d, correct_option, explanation, sort_order) VALUES ('hist-p2-mcq-237', '2. Methods of Establishing Authoritarian States', 'SL/HL', 'P2-AUTH', 'Castro''s revolution succeeded in:', '1953', '1956', '1959', '1961', 2, 'See mark scheme for detailed explanation.', 238);
INSERT OR IGNORE INTO history_mcq_questions (id, category, difficulty, unit, question_text, option_a, option_b, option_c, option_d, correct_option, explanation, sort_order) VALUES ('hist-p2-mcq-238', '2. Methods of Establishing Authoritarian States', 'SL/HL', 'P2-AUTH', 'The March on Rome (1922) resulted in:', 'A violent overthrow of the Italian government', 'King Victor Emmanuel III inviting Mussolini to form a government', 'A communist revolution', 'Democratic elections', 1, 'See mark scheme for detailed explanation.', 239);
INSERT OR IGNORE INTO history_mcq_questions (id, category, difficulty, unit, question_text, option_a, option_b, option_c, option_d, correct_option, explanation, sort_order) VALUES ('hist-p2-mcq-239', '2. Methods of Establishing Authoritarian States', 'SL/HL', 'P2-AUTH', 'Stalin consolidated power primarily through:', 'Military conquest', 'Political manoeuvring within the Communist Party', 'Foreign invasion', 'Popular elections', 1, 'See mark scheme for detailed explanation.', 240);
INSERT OR IGNORE INTO history_mcq_questions (id, category, difficulty, unit, question_text, option_a, option_b, option_c, option_d, correct_option, explanation, sort_order) VALUES ('hist-p2-mcq-240', '3. Consolidation of Authoritarian Power', 'SL/HL', 'P2-AUTH', 'The Great Purge in the USSR occurred during:', '1924-26', '1929-31', '1936-38', '1941-43', 2, 'See mark scheme for detailed explanation.', 241);
INSERT OR IGNORE INTO history_mcq_questions (id, category, difficulty, unit, question_text, option_a, option_b, option_c, option_d, correct_option, explanation, sort_order) VALUES ('hist-p2-mcq-241', '3. Consolidation of Authoritarian Power', 'SL/HL', 'P2-AUTH', 'The Night of the Long Knives targeted:', 'The German military', 'SA leadership including Ernst Rohm', 'The Reichstag', 'Jewish communities', 1, 'See mark scheme for detailed explanation.', 242);
INSERT OR IGNORE INTO history_mcq_questions (id, category, difficulty, unit, question_text, option_a, option_b, option_c, option_d, correct_option, explanation, sort_order) VALUES ('hist-p2-mcq-242', '3. Consolidation of Authoritarian Power', 'SL/HL', 'P2-AUTH', 'Mao''s Anti-Rightist Campaign (1957) followed:', 'The Long March', 'The Hundred Flowers movement', 'The Cultural Revolution', 'The Great Leap Forward', 1, 'See mark scheme for detailed explanation.', 243);
INSERT OR IGNORE INTO history_mcq_questions (id, category, difficulty, unit, question_text, option_a, option_b, option_c, option_d, correct_option, explanation, sort_order) VALUES ('hist-p2-mcq-243', '3. Consolidation of Authoritarian Power', 'SL/HL', 'P2-AUTH', 'Which was a common method of consolidation across authoritarian states?', 'Holding free elections', 'Establishing secret police forces', 'Decentralising power', 'Expanding judicial independence', 1, 'See mark scheme for detailed explanation.', 244);
INSERT OR IGNORE INTO history_mcq_questions (id, category, difficulty, unit, question_text, option_a, option_b, option_c, option_d, correct_option, explanation, sort_order) VALUES ('hist-p2-mcq-244', '4. Nazi Germany: Domestic Policies', 'SL/HL', 'P2-AUTH', 'The Nuremberg Laws (1935) primarily:', 'Established rearmament', 'Stripped Jews of German citizenship', 'Created the Hitler Youth', 'Banned trade unions', 1, 'See mark scheme for detailed explanation.', 245);
INSERT OR IGNORE INTO history_mcq_questions (id, category, difficulty, unit, question_text, option_a, option_b, option_c, option_d, correct_option, explanation, sort_order) VALUES ('hist-p2-mcq-245', '4. Nazi Germany: Domestic Policies', 'SL/HL', 'P2-AUTH', 'Kristallnacht (November 1938) involved:', 'A military coup', 'Organised violence against Jews and Jewish property', 'The invasion of Austria', 'A workers'' strike', 1, 'See mark scheme for detailed explanation.', 246);
INSERT OR IGNORE INTO history_mcq_questions (id, category, difficulty, unit, question_text, option_a, option_b, option_c, option_d, correct_option, explanation, sort_order) VALUES ('hist-p2-mcq-246', '4. Nazi Germany: Domestic Policies', 'SL/HL', 'P2-AUTH', 'The Nazi slogan for women''s role was:', 'Blood and Soil', 'Strength Through Joy', 'Kinder, Kuche, Kirche', 'Ein Volk, Ein Reich, Ein Fuhrer', 2, 'See mark scheme for detailed explanation.', 247);
INSERT OR IGNORE INTO history_mcq_questions (id, category, difficulty, unit, question_text, option_a, option_b, option_c, option_d, correct_option, explanation, sort_order) VALUES ('hist-p2-mcq-247', '4. Nazi Germany: Domestic Policies', 'SL/HL', 'P2-AUTH', 'Goering''s Four-Year Plan (1936) aimed at:', 'Full employment', 'Economic autarky (self-sufficiency)', 'Free trade', 'Agricultural reform only', 1, 'See mark scheme for detailed explanation.', 248);
INSERT OR IGNORE INTO history_mcq_questions (id, category, difficulty, unit, question_text, option_a, option_b, option_c, option_d, correct_option, explanation, sort_order) VALUES ('hist-p2-mcq-248', '4. Nazi Germany: Domestic Policies', 'SL/HL', 'P2-AUTH', 'Nazi propaganda was overseen by:', 'Himmler', 'Goering', 'Goebbels', 'Speer', 2, 'See mark scheme for detailed explanation.', 249);
INSERT OR IGNORE INTO history_mcq_questions (id, category, difficulty, unit, question_text, option_a, option_b, option_c, option_d, correct_option, explanation, sort_order) VALUES ('hist-p2-mcq-249', '5. Stalin''s USSR: Domestic Policies', 'SL/HL', 'P2-AUTH', 'The Holodomor (1932-33) was:', 'A military defeat', 'A man-made famine in Ukraine caused by collectivisation', 'An industrial accident', 'A natural disaster', 1, 'See mark scheme for detailed explanation.', 250);
INSERT OR IGNORE INTO history_mcq_questions (id, category, difficulty, unit, question_text, option_a, option_b, option_c, option_d, correct_option, explanation, sort_order) VALUES ('hist-p2-mcq-250', '5. Stalin''s USSR: Domestic Policies', 'SL/HL', 'P2-AUTH', 'The First Five-Year Plan (1928-32) focused on:', 'Agriculture', 'Consumer goods', 'Heavy industry', 'Military expansion', 2, 'See mark scheme for detailed explanation.', 251);
INSERT OR IGNORE INTO history_mcq_questions (id, category, difficulty, unit, question_text, option_a, option_b, option_c, option_d, correct_option, explanation, sort_order) VALUES ('hist-p2-mcq-251', '5. Stalin''s USSR: Domestic Policies', 'SL/HL', 'P2-AUTH', 'Which Old Bolshevik was NOT a victim of the Show Trials?', 'Zinoviev', 'Kamenev', 'Bukharin', 'Molotov', 3, 'See mark scheme for detailed explanation.', 252);
INSERT OR IGNORE INTO history_mcq_questions (id, category, difficulty, unit, question_text, option_a, option_b, option_c, option_d, correct_option, explanation, sort_order) VALUES ('hist-p2-mcq-252', '5. Stalin''s USSR: Domestic Policies', 'SL/HL', 'P2-AUTH', 'Socialist Realism required art to:', 'Express individual creativity', 'Glorify the Soviet state and communist values', 'Critique government policies', 'Follow Western artistic trends', 1, 'See mark scheme for detailed explanation.', 253);
INSERT OR IGNORE INTO history_mcq_questions (id, category, difficulty, unit, question_text, option_a, option_b, option_c, option_d, correct_option, explanation, sort_order) VALUES ('hist-p2-mcq-253', '5. Stalin''s USSR: Domestic Policies', 'SL/HL', 'P2-AUTH', 'The Gulag system primarily served to:', 'Rehabilitate criminals', 'Provide slave labour and terrorise the population', 'Educate political dissidents', 'House war refugees', 1, 'See mark scheme for detailed explanation.', 254);
INSERT OR IGNORE INTO history_mcq_questions (id, category, difficulty, unit, question_text, option_a, option_b, option_c, option_d, correct_option, explanation, sort_order) VALUES ('hist-p2-mcq-254', '6. Mao''s China: Domestic Policies', 'SL/HL', 'P2-AUTH', 'The Great Chinese Famine (1959-61) was primarily caused by:', 'Natural disasters alone', 'The Great Leap Forward''s failed policies', 'Japanese invasion', 'The Cultural Revolution', 1, 'See mark scheme for detailed explanation.', 255);
INSERT OR IGNORE INTO history_mcq_questions (id, category, difficulty, unit, question_text, option_a, option_b, option_c, option_d, correct_option, explanation, sort_order) VALUES ('hist-p2-mcq-255', '6. Mao''s China: Domestic Policies', 'SL/HL', 'P2-AUTH', 'The Cultural Revolution was launched in:', '1949', '1958', '1966', '1976', 2, 'See mark scheme for detailed explanation.', 256);
INSERT OR IGNORE INTO history_mcq_questions (id, category, difficulty, unit, question_text, option_a, option_b, option_c, option_d, correct_option, explanation, sort_order) VALUES ('hist-p2-mcq-256', '6. Mao''s China: Domestic Policies', 'SL/HL', 'P2-AUTH', 'The ''Four Olds'' targeted by Red Guards were:', 'Four political parties', 'Old customs, culture, habits, and ideas', 'Four economic policies', 'Old military officers', 1, 'See mark scheme for detailed explanation.', 257);
INSERT OR IGNORE INTO history_mcq_questions (id, category, difficulty, unit, question_text, option_a, option_b, option_c, option_d, correct_option, explanation, sort_order) VALUES ('hist-p2-mcq-257', '6. Mao''s China: Domestic Policies', 'SL/HL', 'P2-AUTH', 'The estimated death toll of the Great Chinese Famine was:', '1-2 million', '5-10 million', '15-55 million', '100 million', 2, 'See mark scheme for detailed explanation.', 258);
INSERT OR IGNORE INTO history_mcq_questions (id, category, difficulty, unit, question_text, option_a, option_b, option_c, option_d, correct_option, explanation, sort_order) VALUES ('hist-p2-mcq-258', '6. Mao''s China: Domestic Policies', 'SL/HL', 'P2-AUTH', 'The Hundred Flowers Campaign was followed by:', 'The Great Leap Forward', 'The Anti-Rightist Campaign', 'The Cultural Revolution', 'Land reform', 1, 'See mark scheme for detailed explanation.', 259);
INSERT OR IGNORE INTO history_mcq_questions (id, category, difficulty, unit, question_text, option_a, option_b, option_c, option_d, correct_option, explanation, sort_order) VALUES ('hist-p2-mcq-259', '7. Mussolini''s Italy: Fascist Domestic Policies', 'SL/HL', 'P2-AUTH', 'The Lateran Pacts (1929) were agreements between Mussolini and:', 'Hitler', 'The Italian King', 'Pope Pius XI', 'The League of Nations', 2, 'See mark scheme for detailed explanation.', 260);
INSERT OR IGNORE INTO history_mcq_questions (id, category, difficulty, unit, question_text, option_a, option_b, option_c, option_d, correct_option, explanation, sort_order) VALUES ('hist-p2-mcq-260', '7. Mussolini''s Italy: Fascist Domestic Policies', 'SL/HL', 'P2-AUTH', 'The Corporate State aimed to:', 'Promote free-market capitalism', 'Replace class conflict with state-supervised cooperation', 'Establish communist ownership', 'Create a welfare state', 1, 'See mark scheme for detailed explanation.', 261);
INSERT OR IGNORE INTO history_mcq_questions (id, category, difficulty, unit, question_text, option_a, option_b, option_c, option_d, correct_option, explanation, sort_order) VALUES ('hist-p2-mcq-261', '7. Mussolini''s Italy: Fascist Domestic Policies', 'SL/HL', 'P2-AUTH', 'Mussolini''s secret police was called:', 'Gestapo', 'NKVD', 'OVRA', 'SS', 2, 'See mark scheme for detailed explanation.', 262);
INSERT OR IGNORE INTO history_mcq_questions (id, category, difficulty, unit, question_text, option_a, option_b, option_c, option_d, correct_option, explanation, sort_order) VALUES ('hist-p2-mcq-262', '7. Mussolini''s Italy: Fascist Domestic Policies', 'SL/HL', 'P2-AUTH', 'The ''Battle for Births'' aimed to:', 'Reduce Italy''s population', 'Increase Italy''s population for imperial ambitions', 'Promote women''s rights', 'Encourage emigration', 1, 'See mark scheme for detailed explanation.', 263);
INSERT OR IGNORE INTO history_mcq_questions (id, category, difficulty, unit, question_text, option_a, option_b, option_c, option_d, correct_option, explanation, sort_order) VALUES ('hist-p2-mcq-263', '8. Castro''s Cuba: Revolutionary State', 'SL/HL', 'P2-AUTH', 'Cuba''s 1961 literacy campaign reduced illiteracy from:', '50% to 20%', '23% to 4%', '80% to 40%', '10% to 1%', 1, 'See mark scheme for detailed explanation.', 264);
INSERT OR IGNORE INTO history_mcq_questions (id, category, difficulty, unit, question_text, option_a, option_b, option_c, option_d, correct_option, explanation, sort_order) VALUES ('hist-p2-mcq-264', '8. Castro''s Cuba: Revolutionary State', 'SL/HL', 'P2-AUTH', 'The ''Special Period'' in Cuba was caused by:', 'The Bay of Pigs invasion', 'The Cuban Missile Crisis', 'The collapse of the Soviet Union', 'Hurricane damage', 2, 'See mark scheme for detailed explanation.', 265);
INSERT OR IGNORE INTO history_mcq_questions (id, category, difficulty, unit, question_text, option_a, option_b, option_c, option_d, correct_option, explanation, sort_order) VALUES ('hist-p2-mcq-265', '8. Castro''s Cuba: Revolutionary State', 'SL/HL', 'P2-AUTH', 'CDRs (Committees for the Defence of the Revolution) served primarily to:', 'Provide healthcare', 'Organise elections', 'Monitor and control the population at neighbourhood level', 'Manage agriculture', 2, 'See mark scheme for detailed explanation.', 266);
INSERT OR IGNORE INTO history_mcq_questions (id, category, difficulty, unit, question_text, option_a, option_b, option_c, option_d, correct_option, explanation, sort_order) VALUES ('hist-p2-mcq-266', '9. Propaganda, Media, and Control of Information', 'SL/HL', 'P2-AUTH', 'The Volksempfanger was:', 'A Nazi youth organisation', 'An affordable radio promoting Nazi propaganda', 'Goebbels'' title', 'A type of concentration camp', 1, 'See mark scheme for detailed explanation.', 267);
INSERT OR IGNORE INTO history_mcq_questions (id, category, difficulty, unit, question_text, option_a, option_b, option_c, option_d, correct_option, explanation, sort_order) VALUES ('hist-p2-mcq-267', '9. Propaganda, Media, and Control of Information', 'SL/HL', 'P2-AUTH', 'Socialist Realism was the official art style of:', 'Nazi Germany', 'Fascist Italy', 'The Soviet Union', 'Mao''s China', 2, 'See mark scheme for detailed explanation.', 268);
INSERT OR IGNORE INTO history_mcq_questions (id, category, difficulty, unit, question_text, option_a, option_b, option_c, option_d, correct_option, explanation, sort_order) VALUES ('hist-p2-mcq-268', '9. Propaganda, Media, and Control of Information', 'SL/HL', 'P2-AUTH', 'The ''Little Red Book'' was:', 'A Soviet economic plan', 'A collection of Mao''s quotations', 'A Nazi propaganda manual', 'Castro''s autobiography', 1, 'See mark scheme for detailed explanation.', 269);
INSERT OR IGNORE INTO history_mcq_questions (id, category, difficulty, unit, question_text, option_a, option_b, option_c, option_d, correct_option, explanation, sort_order) VALUES ('hist-p2-mcq-269', '10. Treatment of Opposition and Resistance', 'SL/HL', 'P2-AUTH', 'The White Rose group in Nazi Germany consisted of:', 'Military officers', 'Students distributing anti-Nazi pamphlets', 'Catholic bishops', 'Factory workers', 1, 'See mark scheme for detailed explanation.', 270);
INSERT OR IGNORE INTO history_mcq_questions (id, category, difficulty, unit, question_text, option_a, option_b, option_c, option_d, correct_option, explanation, sort_order) VALUES ('hist-p2-mcq-270', '10. Treatment of Opposition and Resistance', 'SL/HL', 'P2-AUTH', 'The 20 July 1944 plot aimed to:', 'Start a communist revolution', 'Assassinate Hitler', 'Negotiate peace with the USSR', 'Overthrow the monarchy', 1, 'See mark scheme for detailed explanation.', 271);
INSERT OR IGNORE INTO history_mcq_questions (id, category, difficulty, unit, question_text, option_a, option_b, option_c, option_d, correct_option, explanation, sort_order) VALUES ('hist-p2-mcq-271', '10. Treatment of Opposition and Resistance', 'SL/HL', 'P2-AUTH', 'Samizdat refers to:', 'Soviet labour camps', 'Underground self-publishing of censored materials', 'A type of Soviet propaganda', 'Stalin''s secret police', 1, 'See mark scheme for detailed explanation.', 272);
INSERT OR IGNORE INTO history_mcq_questions (id, category, difficulty, unit, question_text, option_a, option_b, option_c, option_d, correct_option, explanation, sort_order) VALUES ('hist-p2-mcq-272', '11. Foreign Policy of Authoritarian States', 'SL/HL', 'P2-AUTH', 'Lebensraum referred to Hitler''s goal of:', 'Economic self-sufficiency', 'Living space in Eastern Europe', 'Alliance with Britain', 'Naval dominance', 1, 'See mark scheme for detailed explanation.', 273);
INSERT OR IGNORE INTO history_mcq_questions (id, category, difficulty, unit, question_text, option_a, option_b, option_c, option_d, correct_option, explanation, sort_order) VALUES ('hist-p2-mcq-273', '11. Foreign Policy of Authoritarian States', 'SL/HL', 'P2-AUTH', 'Mussolini invaded Ethiopia in:', '1922', '1929', '1935', '1939', 2, 'See mark scheme for detailed explanation.', 274);
INSERT OR IGNORE INTO history_mcq_questions (id, category, difficulty, unit, question_text, option_a, option_b, option_c, option_d, correct_option, explanation, sort_order) VALUES ('hist-p2-mcq-274', '11. Foreign Policy of Authoritarian States', 'SL/HL', 'P2-AUTH', 'The Nazi-Soviet Pact was signed in:', '1936', '1938', '1939', '1941', 2, 'See mark scheme for detailed explanation.', 275);
INSERT OR IGNORE INTO history_mcq_questions (id, category, difficulty, unit, question_text, option_a, option_b, option_c, option_d, correct_option, explanation, sort_order) VALUES ('hist-p2-mcq-275', '11. Foreign Policy of Authoritarian States', 'SL/HL', 'P2-AUTH', 'The Sino-Soviet Split occurred primarily because:', 'Stalin invaded China', 'Ideological differences and power rivalry between Mao and Khrushchev', 'The USA pressured both countries', 'China became capitalist', 1, 'See mark scheme for detailed explanation.', 276);
INSERT OR IGNORE INTO history_mcq_questions (id, category, difficulty, unit, question_text, option_a, option_b, option_c, option_d, correct_option, explanation, sort_order) VALUES ('hist-p2-mcq-276', '12. Treatment of Women and Minorities in Authoritarian States', 'SL/HL', 'P2-AUTH', 'The Marriage Law (1950) in China:', 'Reinforced traditional marriage', 'Abolished arranged marriages and gave women divorce rights', 'Banned marriage entirely', 'Restricted women to domestic roles', 1, 'See mark scheme for detailed explanation.', 277);
INSERT OR IGNORE INTO history_mcq_questions (id, category, difficulty, unit, question_text, option_a, option_b, option_c, option_d, correct_option, explanation, sort_order) VALUES ('hist-p2-mcq-277', '12. Treatment of Women and Minorities in Authoritarian States', 'SL/HL', 'P2-AUTH', 'In 1936, Stalin''s USSR:', 'Expanded abortion rights', 'Restricted abortion access', 'Introduced women''s suffrage', 'Banned women from working', 1, 'See mark scheme for detailed explanation.', 278);
INSERT OR IGNORE INTO history_mcq_questions (id, category, difficulty, unit, question_text, option_a, option_b, option_c, option_d, correct_option, explanation, sort_order) VALUES ('hist-p2-mcq-278', '12. Treatment of Women and Minorities in Authoritarian States', 'SL/HL', 'P2-AUTH', 'Nazi Germany''s racial persecution culminated in:', 'The Nuremberg Laws', 'Kristallnacht', 'The Holocaust', 'The Night of Long Knives', 2, 'See mark scheme for detailed explanation.', 279);

-- Written questions (15 marks)
INSERT OR IGNORE INTO history_written_questions (id, category, difficulty, question_type, unit, marks, question_text, mark_scheme, sort_order) VALUES ('hist-p2-wq-110', '1. Origins and Rise of Authoritarian States: Conditions', 'SL/HL', 'short_answer', 'P2-AUTH', 15, 'Compare the conditions that led to the emergence of two authoritarian states, each from a different region.', '• Band 5 (13-15): Detailed comparative analysis of conditions (economic, political, social, ideological) in two states from different regions with specific evidence.
• Examples: Nazi Germany (Weimar weakness, Great Depression, Versailles resentment, fear of communism) vs. Mao''s China (warlordism, Japanese invasion, peasant poverty, nationalist failure).
• Or: Mussolini''s Italy (mutilated victory, biennio rosso, liberal state weakness) vs. Castro''s Cuba (Batista''s corruption, US domination, rural poverty).
• Must show genuine comparison with similarities and differences.
• Band 3 (7-9): Some comparison but may be implicit; two separate narratives.
• Band 1 (1-3): Vague generalisations without specific evidence.', 111);
INSERT OR IGNORE INTO history_written_questions (id, category, difficulty, question_type, unit, marks, question_text, mark_scheme, sort_order) VALUES ('hist-p2-wq-111', '1. Origins and Rise of Authoritarian States: Conditions', 'SL/HL', 'short_answer', 'P2-AUTH', 15, 'To what extent were economic factors the most important condition for the emergence of authoritarian states?', '• Band 5 (13-15): Balanced evaluation weighing economic factors against political, social, ideological, and external factors. Multiple case studies with specific evidence.
• Economic: Great Depression, hyperinflation, poverty, inequality, trade disruption.
• Non-economic: political instability, national humiliation, ideological appeal, charismatic leadership, fear of communism/capitalism, weak institutions.
• Must reach clear, substantiated judgement on ''to what extent''.
• Band 3 (7-9): Some relevant analysis but may lack balance or specific evidence.
• Band 1 (1-3): Generalised claims without supporting evidence.', 112);
INSERT OR IGNORE INTO history_written_questions (id, category, difficulty, question_type, unit, marks, question_text, mark_scheme, sort_order) VALUES ('hist-p2-wq-112', '2. Methods of Establishing Authoritarian States', 'SL/HL', 'short_answer', 'P2-AUTH', 15, 'Compare and contrast the methods used to establish two authoritarian states.', '• Band 5 (13-15): Systematic comparison of methods (legal, revolutionary, military) with detailed evidence from two states.
• Examples: Hitler (legal/constitutional route, Enabling Act, Gleichschaltung) vs. Mao (revolutionary guerrilla warfare, civil war, peasant mobilisation).
• Or: Mussolini (paramilitary violence + political manoeuvre) vs. Castro (guerrilla revolution from Sierra Maestra).
• Must compare the methods used, explain why different methods were chosen (context), and evaluate relative effectiveness.
• Band 3 (7-9): Some comparison but may be two separate narratives.
• Band 1 (1-3): Vague; no specific evidence or genuine comparison.', 113);
INSERT OR IGNORE INTO history_written_questions (id, category, difficulty, question_type, unit, marks, question_text, mark_scheme, sort_order) VALUES ('hist-p2-wq-113', '3. Consolidation of Authoritarian Power', 'SL/HL', 'short_answer', 'P2-AUTH', 15, 'Evaluate the methods used by one authoritarian leader to consolidate power.', '• Band 5 (13-15): Detailed evaluation of multiple methods (terror, propaganda, legal changes, institutional control, cult of personality) with specific evidence and assessment of effectiveness.
• For Hitler: Enabling Act, Night of Long Knives, Gleichschaltung, banning parties/unions, SS/Gestapo, 1934 combining President/Chancellor roles.
• For Stalin: Political manoeuvring, show trials, Great Purge, NKVD, Gulags, 1936 Constitution, personality cult.
• For Mao: Land reform, Korean War mobilisation, Anti-Rightist Campaign, military loyalty (PLA), party control.
• Must evaluate: How effective? How interconnected? Which were most important?
• Band 3 (7-9): Descriptive account of methods without full evaluation.
• Band 1 (1-3): Vague; minimal specific evidence.', 114);
INSERT OR IGNORE INTO history_written_questions (id, category, difficulty, question_type, unit, marks, question_text, mark_scheme, sort_order) VALUES ('hist-p2-wq-114', '4. Nazi Germany: Domestic Policies', 'SL/HL', 'short_answer', 'P2-AUTH', 15, 'To what extent did the Nazi regime maintain power through consent rather than coercion?', '• Band 5 (13-15): Balanced evaluation of consent (propaganda, economic recovery, national pride, KdF) vs. coercion (Gestapo, SS, concentration camps, terror) with specific evidence. Consent factors: economic recovery (unemployment down), Volksgemeinschaft appeal, propaganda effectiveness, foreign policy successes (Rhineland, Anschluss), KdF leisure programs. Coercion factors: Gestapo, SS, concentration camps, denunciation networks, legal persecution, Night of Long Knives, book burning, censorship.
• Strong answers recognise the interplay: consent was partly manufactured through coercion, and the two cannot be fully separated.
• Band 3 (7-9): Some analysis but may overemphasise one factor.
• Band 1 (1-3): Generalised; no specific evidence.', 115);
INSERT OR IGNORE INTO history_written_questions (id, category, difficulty, question_type, unit, marks, question_text, mark_scheme, sort_order) VALUES ('hist-p2-wq-115', '4. Nazi Germany: Domestic Policies', 'SL/HL', 'short_answer', 'P2-AUTH', 15, 'Evaluate the impact of Nazi policies on one social group (e.g., women, youth, Jews, workers).', '• Band 5 (13-15): Detailed analysis of policies and their impact on the chosen group, with evaluation of extent of change and success.
• For women: KKK ideology, Mother''s Cross, exclusion from professions, Lebensborn, but wartime reversal (needed in workforce).
• For Jews: progressive persecution (boycotts, Nuremberg Laws, Kristallnacht, ghettoisation, Holocaust).
• For youth: Hitler Youth, BDM, education reform, indoctrination, military training, but evidence of resistance (Edelweiss Pirates, White Rose).
• Must evaluate: How successful were the policies? What resistance existed?
• Band 3 (7-9): Descriptive with some analysis.
• Band 1 (1-3): Minimal knowledge of policies or impact.', 116);
INSERT OR IGNORE INTO history_written_questions (id, category, difficulty, question_type, unit, marks, question_text, mark_scheme, sort_order) VALUES ('hist-p2-wq-116', '5. Stalin''s USSR: Domestic Policies', 'SL/HL', 'short_answer', 'P2-AUTH', 15, 'Evaluate the economic policies of Stalin''s USSR.', '• Band 5 (13-15): Balanced evaluation of successes (industrialisation, military-industrial growth, urbanisation) and failures (agricultural devastation, famine, human cost, inefficiency) with specific evidence. Successes: USSR became world''s second industrial power; steel, coal, electricity output massively increased; military preparation for WWII. Failures: Holodomor (millions dead), collectivisation disrupted agriculture, consumer goods neglected, Gulag slave labour, statistics unreliable, environmental damage.
• Must weigh whether the economic transformation justified the human cost.
• Band 3 (7-9): Some relevant analysis but may be one-sided.
• Band 1 (1-3): Minimal specific evidence.', 117);
INSERT OR IGNORE INTO history_written_questions (id, category, difficulty, question_type, unit, marks, question_text, mark_scheme, sort_order) VALUES ('hist-p2-wq-117', '5. Stalin''s USSR: Domestic Policies', 'SL/HL', 'short_answer', 'P2-AUTH', 15, 'To what extent was fear the main tool used by Stalin to maintain control?', '• Band 5 (13-15): Evaluative argument weighing fear/terror against other control mechanisms with detailed evidence. Fear: Great Purge, Show Trials, NKVD/secret police, Gulag, denunciations, arbitrary arrests, torture, executions.
• Other tools: propaganda, cult of personality, Socialist Realism, education/indoctrination, economic improvements for some, party loyalty, censorship, rewriting history.
• Strong answers recognise that fear and other methods were interconnected.
• Band 3 (7-9): Narrative with some analysis; may overemphasise fear or neglect other factors.
• Band 1 (1-3): Generalised with no specific evidence.', 118);
INSERT OR IGNORE INTO history_written_questions (id, category, difficulty, question_type, unit, marks, question_text, mark_scheme, sort_order) VALUES ('hist-p2-wq-118', '6. Mao''s China: Domestic Policies', 'SL/HL', 'short_answer', 'P2-AUTH', 15, 'To what extent was the Cultural Revolution a failure?', '• Band 5 (13-15): Balanced evaluation considering Mao''s goals vs. outcomes with detailed evidence. Mao''s goals: reassert authority, purge rivals (Liu Shaoqi, Deng Xiaoping), prevent ''revisionism'', maintain revolutionary spirit. Successes (from Mao''s perspective): removed rivals, reasserted dominance, reinvigorated revolutionary ideology temporarily. Failures: economic devastation, cultural destruction, millions persecuted/killed, educational system collapsed, chaos required military intervention, ultimately discredited radical Maoism.
• Must define ''failure'' and evaluate from multiple perspectives.
• Band 3 (7-9): Some analysis but may be one-sided.
• Band 1 (1-3): Vague with no specific evidence.', 119);
INSERT OR IGNORE INTO history_written_questions (id, category, difficulty, question_type, unit, marks, question_text, mark_scheme, sort_order) VALUES ('hist-p2-wq-119', '6. Mao''s China: Domestic Policies', 'SL/HL', 'short_answer', 'P2-AUTH', 15, 'Compare and contrast the domestic policies of Mao Zedong and Joseph Stalin.', '• Band 5 (13-15): Systematic comparison across multiple policy areas (economic, social, political, cultural) with specific evidence from both states.
• Economic: Both pursued rapid industrialisation and collectivisation; both caused massive famines (Holodomor vs. Great Famine); Five-Year Plans vs. Great Leap Forward. Political: Both used purges (Great Purge vs. Anti-Rightist/Cultural Revolution); personality cults; show trials vs. struggle sessions. Social: Both controlled education, art, culture; both targeted intellectuals. Differences: Mao mobilised youth (Red Guards); Stalin relied more on secret police; different ideological emphases (peasant vs. proletarian revolution).
• Band 3 (7-9): Some comparison but may focus on one leader.
• Band 1 (1-3): Vague generalisations without specific evidence.', 120);
INSERT OR IGNORE INTO history_written_questions (id, category, difficulty, question_type, unit, marks, question_text, mark_scheme, sort_order) VALUES ('hist-p2-wq-120', '7. Mussolini''s Italy: Fascist Domestic Policies', 'SL/HL', 'short_answer', 'P2-AUTH', 15, 'To what extent was Mussolini''s Italy a totalitarian state?', '• Band 5 (13-15): Evaluative argument defining totalitarianism and assessing Italy against the criteria, with specific evidence for and against. Totalitarian features: one-party state, cult of personality, propaganda, OVRA, youth indoctrination, Corporate State, suppression of opposition. Limitations: King retained position, Church maintained independence (Lateran Pacts compromise), OVRA less brutal than Gestapo, southern Italy barely penetrated by Fascism, traditional elites retained influence.
• Must compare with ''fully'' totalitarian states (Nazi Germany, Stalinist USSR) to calibrate assessment.
• Band 3 (7-9): Some analysis but may not fully define or evaluate totalitarianism.
• Band 1 (1-3): Vague; no clear argument or specific evidence.', 121);
INSERT OR IGNORE INTO history_written_questions (id, category, difficulty, question_type, unit, marks, question_text, mark_scheme, sort_order) VALUES ('hist-p2-wq-121', '8. Castro''s Cuba: Revolutionary State', 'SL/HL', 'short_answer', 'P2-AUTH', 15, 'Evaluate the domestic policies of Castro''s Cuba, considering both achievements and limitations.', '• Band 5 (13-15): Balanced evaluation weighing social achievements against political repression and economic problems with specific evidence. Achievements: healthcare, literacy, education, racial equality, infant mortality reduction. Limitations: political repression (no free elections, censorship, political prisoners), economic failure (dependence on USSR, rationing, emigration), limited personal freedoms.
• Must weigh whether social gains justify political repression, offering a clear judgement.
• Band 3 (7-9): Some analysis but may be one-sided or lack specific evidence.
• Band 1 (1-3): Vague generalisations.', 122);
INSERT OR IGNORE INTO history_written_questions (id, category, difficulty, question_type, unit, marks, question_text, mark_scheme, sort_order) VALUES ('hist-p2-wq-122', '9. Propaganda, Media, and Control of Information', 'SL/HL', 'short_answer', 'P2-AUTH', 15, 'Compare the use of propaganda by two authoritarian leaders.', '• Band 5 (13-15): Systematic comparison of propaganda methods, content, and effectiveness across two leaders with specific evidence. Methods: media control, personality cult, film/art, rallies, education, censorship. Content: ideology promoted, enemies demonised, leader glorified, achievements exaggerated. Effectiveness: how successfully did propaganda build support? What were its limits?
• Must show genuine comparison with both similarities and differences.
• Band 3 (7-9): Some comparison but may be two separate descriptions.
• Band 1 (1-3): Vague; no specific examples of propaganda.', 123);
INSERT OR IGNORE INTO history_written_questions (id, category, difficulty, question_type, unit, marks, question_text, mark_scheme, sort_order) VALUES ('hist-p2-wq-123', '10. Treatment of Opposition and Resistance', 'SL/HL', 'short_answer', 'P2-AUTH', 15, 'Evaluate the extent and effectiveness of resistance to one authoritarian regime.', '• Band 5 (13-15): Detailed evaluation of different forms of resistance (political, military, intellectual, passive) with assessment of their impact and limitations.
• For Nazi Germany: White Rose, Confessing Church, Stauffenberg plot, Edelweiss Pirates, communist cells - all limited and ultimately unsuccessful due to Gestapo effectiveness.
• For USSR: minimal under Stalin; later dissident movement (Solzhenitsyn, Sakharov); samizdat; national resistance.
• Must evaluate WHY resistance was limited and whether it had any impact (even symbolic).
• Band 3 (7-9): Some knowledge of resistance but limited evaluation.
• Band 1 (1-3): Vague; cannot name specific resistance movements.', 124);
INSERT OR IGNORE INTO history_written_questions (id, category, difficulty, question_type, unit, marks, question_text, mark_scheme, sort_order) VALUES ('hist-p2-wq-124', '11. Foreign Policy of Authoritarian States', 'SL/HL', 'short_answer', 'P2-AUTH', 15, 'Compare and contrast the foreign policies of two authoritarian rulers.', '• Band 5 (13-15): Systematic comparison of aims, methods, and outcomes with specific evidence from two rulers. May compare: Hitler and Mussolini (both expansionist, alliance/rivalry, different scale); or Stalin and Mao (communist states, alliance then split, different strategic contexts).
• Must analyse similarities and differences in aims, methods, and success.
• Strong answers connect foreign policy to domestic needs and ideology.
• Band 3 (7-9): Some comparison but may be two separate narratives.
• Band 1 (1-3): Vague with no specific foreign policy evidence.', 125);
INSERT OR IGNORE INTO history_written_questions (id, category, difficulty, question_type, unit, marks, question_text, mark_scheme, sort_order) VALUES ('hist-p2-wq-125', '12. Treatment of Women and Minorities in Authoritarian States', 'SL/HL', 'short_answer', 'P2-AUTH', 15, 'Compare the status of women under two authoritarian regimes.', '• Band 5 (13-15): Systematic comparison of policies toward women (legal rights, economic role, social expectations, propaganda) with specific evidence and evaluation.
• Examples: Nazi Germany (domestic role, KKK) vs. USSR (official equality, double burden) or China (Marriage Law, workforce participation).
• Must compare both official policy AND actual reality.
• Strong answers evaluate the extent of genuine change vs. propaganda.
• Band 3 (7-9): Some comparison but may lack specific evidence or focus on one state.
• Band 1 (1-3): Vague generalisations.', 126);

-- ══ The Cold War (unit = 'P2-COLD') ═══════════════════════════════════

-- Category colors
INSERT OR IGNORE INTO history_category_colors (category, color) VALUES ('1. Origins of the Cold War (1945-1947)', '#6B8BA3');
INSERT OR IGNORE INTO history_category_colors (category, color) VALUES ('2. Berlin and the German Question (1948-1961)', '#6B8BA3');
INSERT OR IGNORE INTO history_category_colors (category, color) VALUES ('3. The Nuclear Arms Race and Deterrence', '#6B8BA3');
INSERT OR IGNORE INTO history_category_colors (category, color) VALUES ('4. The Cuban Missile Crisis (1962)', '#6B8BA3');
INSERT OR IGNORE INTO history_category_colors (category, color) VALUES ('5. Detente (1969-1979)', '#6B8BA3');
INSERT OR IGNORE INTO history_category_colors (category, color) VALUES ('6. Cold War in Asia, Latin America, and Africa (Proxy Conflicts)', '#6B8BA3');
INSERT OR IGNORE INTO history_category_colors (category, color) VALUES ('7. The Second Cold War and Reagan (1979-1985)', '#6B8BA3');
INSERT OR IGNORE INTO history_category_colors (category, color) VALUES ('8. Gorbachev and the End of the Cold War (1985-1991)', '#6B8BA3');
INSERT OR IGNORE INTO history_category_colors (category, color) VALUES ('9. Cold War Crises in Europe: Hungary, Czechoslovakia, Poland', '#6B8BA3');
INSERT OR IGNORE INTO history_category_colors (category, color) VALUES ('10. The Sino-Soviet Split and Cold War Alliances', '#6B8BA3');
INSERT OR IGNORE INTO history_category_colors (category, color) VALUES ('11. Social, Cultural, and Ideological Dimensions of the Cold War', '#6B8BA3');

-- Checklist sections & items
INSERT OR IGNORE INTO history_checklist_sections (id, title, color, unit, sort_order) VALUES ('hist-p2-cold-cl-1', '1. Origins of the Cold War (1945-1947)', '#6B8BA3', 'P2-COLD', 122);
INSERT INTO history_checklist_items (section_id, text, sort_order) VALUES ('hist-p2-cold-cl-1', 'I can explain the ideological roots of US-Soviet rivalry', 1);
INSERT INTO history_checklist_items (section_id, text, sort_order) VALUES ('hist-p2-cold-cl-1', 'I can discuss the key agreements and tensions at Yalta and Potsdam', 2);
INSERT INTO history_checklist_items (section_id, text, sort_order) VALUES ('hist-p2-cold-cl-1', 'I can explain the significance of Churchill''s Iron Curtain speech', 3);
INSERT INTO history_checklist_items (section_id, text, sort_order) VALUES ('hist-p2-cold-cl-1', 'I can detail the Truman Doctrine and its significance for containment', 4);
INSERT INTO history_checklist_items (section_id, text, sort_order) VALUES ('hist-p2-cold-cl-1', 'I can explain the Marshall Plan and its multiple purposes', 5);
INSERT INTO history_checklist_items (section_id, text, sort_order) VALUES ('hist-p2-cold-cl-1', 'I can describe Soviet satellisation of Eastern Europe (1945-48)', 6);
INSERT INTO history_checklist_items (section_id, text, sort_order) VALUES ('hist-p2-cold-cl-1', 'I can evaluate different historiographical perspectives on Cold War origins (orthodox, revisionist, post-revisionist)', 7);
INSERT INTO history_checklist_items (section_id, text, sort_order) VALUES ('hist-p2-cold-cl-1', 'I can analyse whether the Cold War was inevitable', 8);
INSERT OR IGNORE INTO history_checklist_sections (id, title, color, unit, sort_order) VALUES ('hist-p2-cold-cl-2', '2. Berlin and the German Question (1948-1961)', '#6B8BA3', 'P2-COLD', 123);
INSERT INTO history_checklist_items (section_id, text, sort_order) VALUES ('hist-p2-cold-cl-2', 'I can explain the causes and course of the Berlin Blockade', 1);
INSERT INTO history_checklist_items (section_id, text, sort_order) VALUES ('hist-p2-cold-cl-2', 'I can discuss the Berlin Airlift and its significance', 2);
INSERT INTO history_checklist_items (section_id, text, sort_order) VALUES ('hist-p2-cold-cl-2', 'I can explain the division of Germany into FRG and GDR', 3);
INSERT INTO history_checklist_items (section_id, text, sort_order) VALUES ('hist-p2-cold-cl-2', 'I can analyse the reasons for building the Berlin Wall (1961)', 4);
INSERT INTO history_checklist_items (section_id, text, sort_order) VALUES ('hist-p2-cold-cl-2', 'I can evaluate the Berlin Wall as a symbol of the Cold War', 5);
INSERT INTO history_checklist_items (section_id, text, sort_order) VALUES ('hist-p2-cold-cl-2', 'I can discuss the creation of NATO as a consequence of Berlin tensions', 6);
INSERT OR IGNORE INTO history_checklist_sections (id, title, color, unit, sort_order) VALUES ('hist-p2-cold-cl-3', '3. The Nuclear Arms Race and Deterrence', '#6B8BA3', 'P2-COLD', 124);
INSERT INTO history_checklist_items (section_id, text, sort_order) VALUES ('hist-p2-cold-cl-3', 'I can trace the development of the nuclear arms race chronologically', 1);
INSERT INTO history_checklist_items (section_id, text, sort_order) VALUES ('hist-p2-cold-cl-3', 'I can explain MAD and its role in Cold War stability', 2);
INSERT INTO history_checklist_items (section_id, text, sort_order) VALUES ('hist-p2-cold-cl-3', 'I can discuss the significance of Sputnik and the Space Race', 3);
INSERT INTO history_checklist_items (section_id, text, sort_order) VALUES ('hist-p2-cold-cl-3', 'I can identify key arms control agreements with dates and terms', 4);
INSERT INTO history_checklist_items (section_id, text, sort_order) VALUES ('hist-p2-cold-cl-3', 'I can explain Reagan''s SDI and its impact on Soviet calculations', 5);
INSERT INTO history_checklist_items (section_id, text, sort_order) VALUES ('hist-p2-cold-cl-3', 'I can evaluate whether the arms race made the world safer or more dangerous', 6);
INSERT INTO history_checklist_items (section_id, text, sort_order) VALUES ('hist-p2-cold-cl-3', 'I can analyse the concept of deterrence and its effectiveness', 7);
INSERT OR IGNORE INTO history_checklist_sections (id, title, color, unit, sort_order) VALUES ('hist-p2-cold-cl-4', '4. The Cuban Missile Crisis (1962)', '#6B8BA3', 'P2-COLD', 125);
INSERT INTO history_checklist_items (section_id, text, sort_order) VALUES ('hist-p2-cold-cl-4', 'I can explain the causes of the Cuban Missile Crisis', 1);
INSERT INTO history_checklist_items (section_id, text, sort_order) VALUES ('hist-p2-cold-cl-4', 'I can discuss the Bay of Pigs and its link to the crisis', 2);
INSERT INTO history_checklist_items (section_id, text, sort_order) VALUES ('hist-p2-cold-cl-4', 'I can detail the key events of the 13 days (October 1962)', 3);
INSERT INTO history_checklist_items (section_id, text, sort_order) VALUES ('hist-p2-cold-cl-4', 'I can explain how the crisis was resolved (Kennedy-Khrushchev deal)', 4);
INSERT INTO history_checklist_items (section_id, text, sort_order) VALUES ('hist-p2-cold-cl-4', 'I can analyse the consequences for both superpowers', 5);
INSERT INTO history_checklist_items (section_id, text, sort_order) VALUES ('hist-p2-cold-cl-4', 'I can evaluate who ''won'' the Cuban Missile Crisis', 6);
INSERT INTO history_checklist_items (section_id, text, sort_order) VALUES ('hist-p2-cold-cl-4', 'I can assess the significance of the crisis for Cold War dynamics', 7);
INSERT OR IGNORE INTO history_checklist_sections (id, title, color, unit, sort_order) VALUES ('hist-p2-cold-cl-5', '5. Detente (1969-1979)', '#6B8BA3', 'P2-COLD', 126);
INSERT INTO history_checklist_items (section_id, text, sort_order) VALUES ('hist-p2-cold-cl-5', 'I can define detente and explain its motivations', 1);
INSERT INTO history_checklist_items (section_id, text, sort_order) VALUES ('hist-p2-cold-cl-5', 'I can discuss key events of detente (SALT I, Nixon-China, Helsinki)', 2);
INSERT INTO history_checklist_items (section_id, text, sort_order) VALUES ('hist-p2-cold-cl-5', 'I can explain Nixon''s triangular diplomacy', 3);
INSERT INTO history_checklist_items (section_id, text, sort_order) VALUES ('hist-p2-cold-cl-5', 'I can analyse the Helsinki Accords and their significance', 4);
INSERT INTO history_checklist_items (section_id, text, sort_order) VALUES ('hist-p2-cold-cl-5', 'I can explain why detente collapsed', 5);
INSERT INTO history_checklist_items (section_id, text, sort_order) VALUES ('hist-p2-cold-cl-5', 'I can evaluate whether detente was genuine or merely a tactical pause', 6);
INSERT INTO history_checklist_items (section_id, text, sort_order) VALUES ('hist-p2-cold-cl-5', 'I can discuss the role of the Sino-Soviet Split in enabling detente', 7);
INSERT OR IGNORE INTO history_checklist_sections (id, title, color, unit, sort_order) VALUES ('hist-p2-cold-cl-6', '6. Cold War in Asia, Latin America, and Africa (Proxy Conflicts)', '#6B8BA3', 'P2-COLD', 127);
INSERT INTO history_checklist_items (section_id, text, sort_order) VALUES ('hist-p2-cold-cl-6', 'I can define proxy wars and explain their Cold War context', 1);
INSERT INTO history_checklist_items (section_id, text, sort_order) VALUES ('hist-p2-cold-cl-6', 'I can discuss at least 3 specific proxy conflicts with details', 2);
INSERT INTO history_checklist_items (section_id, text, sort_order) VALUES ('hist-p2-cold-cl-6', 'I can explain US Cold War intervention in Latin America', 3);
INSERT INTO history_checklist_items (section_id, text, sort_order) VALUES ('hist-p2-cold-cl-6', 'I can analyse the Soviet-Afghan War and its significance', 4);
INSERT INTO history_checklist_items (section_id, text, sort_order) VALUES ('hist-p2-cold-cl-6', 'I can discuss Cold War competition in Africa', 5);
INSERT INTO history_checklist_items (section_id, text, sort_order) VALUES ('hist-p2-cold-cl-6', 'I can explain the Non-Aligned Movement and its effectiveness', 6);
INSERT INTO history_checklist_items (section_id, text, sort_order) VALUES ('hist-p2-cold-cl-6', 'I can evaluate the impact of the Cold War on the Third World', 7);
INSERT OR IGNORE INTO history_checklist_sections (id, title, color, unit, sort_order) VALUES ('hist-p2-cold-cl-7', '7. The Second Cold War and Reagan (1979-1985)', '#6B8BA3', 'P2-COLD', 128);
INSERT INTO history_checklist_items (section_id, text, sort_order) VALUES ('hist-p2-cold-cl-7', 'I can explain why detente collapsed and the Second Cold War began', 1);
INSERT INTO history_checklist_items (section_id, text, sort_order) VALUES ('hist-p2-cold-cl-7', 'I can discuss Reagan''s Cold War strategy and rhetoric', 2);
INSERT INTO history_checklist_items (section_id, text, sort_order) VALUES ('hist-p2-cold-cl-7', 'I can explain the Reagan Doctrine with specific examples', 3);
INSERT INTO history_checklist_items (section_id, text, sort_order) VALUES ('hist-p2-cold-cl-7', 'I can analyse the Euromissile Crisis and its impact', 4);
INSERT INTO history_checklist_items (section_id, text, sort_order) VALUES ('hist-p2-cold-cl-7', 'I can evaluate whether Reagan''s approach prolonged or shortened the Cold War', 5);
INSERT INTO history_checklist_items (section_id, text, sort_order) VALUES ('hist-p2-cold-cl-7', 'I can discuss the arms build-up and its economic implications for both sides', 6);
INSERT OR IGNORE INTO history_checklist_sections (id, title, color, unit, sort_order) VALUES ('hist-p2-cold-cl-8', '8. Gorbachev and the End of the Cold War (1985-1991)', '#6B8BA3', 'P2-COLD', 129);
INSERT INTO history_checklist_items (section_id, text, sort_order) VALUES ('hist-p2-cold-cl-8', 'I can explain Gorbachev''s policies of glasnost and perestroika', 1);
INSERT INTO history_checklist_items (section_id, text, sort_order) VALUES ('hist-p2-cold-cl-8', 'I can discuss the 1989 revolutions in Eastern Europe', 2);
INSERT INTO history_checklist_items (section_id, text, sort_order) VALUES ('hist-p2-cold-cl-8', 'I can explain why the Berlin Wall fell (9 November 1989)', 3);
INSERT INTO history_checklist_items (section_id, text, sort_order) VALUES ('hist-p2-cold-cl-8', 'I can analyse the causes of the USSR''s collapse (1991)', 4);
INSERT INTO history_checklist_items (section_id, text, sort_order) VALUES ('hist-p2-cold-cl-8', 'I can explain the INF Treaty and its significance', 5);
INSERT INTO history_checklist_items (section_id, text, sort_order) VALUES ('hist-p2-cold-cl-8', 'I can evaluate Gorbachev''s role in ending the Cold War', 6);
INSERT INTO history_checklist_items (section_id, text, sort_order) VALUES ('hist-p2-cold-cl-8', 'I can discuss the role of Eastern European peoples in ending the Cold War', 7);
INSERT INTO history_checklist_items (section_id, text, sort_order) VALUES ('hist-p2-cold-cl-8', 'I can evaluate different explanations for the Cold War''s end', 8);
INSERT INTO history_checklist_items (section_id, text, sort_order) VALUES ('hist-p2-cold-cl-8', 'I can discuss German reunification (1990) and its significance', 9);
INSERT OR IGNORE INTO history_checklist_sections (id, title, color, unit, sort_order) VALUES ('hist-p2-cold-cl-9', '9. Cold War Crises in Europe: Hungary, Czechoslovakia, Poland', '#6B8BA3', 'P2-COLD', 130);
INSERT INTO history_checklist_items (section_id, text, sort_order) VALUES ('hist-p2-cold-cl-9', 'I can explain the causes, events, and consequences of the Hungarian Uprising (1956)', 1);
INSERT INTO history_checklist_items (section_id, text, sort_order) VALUES ('hist-p2-cold-cl-9', 'I can discuss the Prague Spring (1968) and its suppression', 2);
INSERT INTO history_checklist_items (section_id, text, sort_order) VALUES ('hist-p2-cold-cl-9', 'I can explain the Brezhnev Doctrine and its significance', 3);
INSERT INTO history_checklist_items (section_id, text, sort_order) VALUES ('hist-p2-cold-cl-9', 'I can analyse the Solidarity movement in Poland', 4);
INSERT INTO history_checklist_items (section_id, text, sort_order) VALUES ('hist-p2-cold-cl-9', 'I can compare Soviet responses to challenges in Hungary, Czechoslovakia, and Poland', 5);
INSERT INTO history_checklist_items (section_id, text, sort_order) VALUES ('hist-p2-cold-cl-9', 'I can evaluate the significance of these crises for the Cold War', 6);
INSERT OR IGNORE INTO history_checklist_sections (id, title, color, unit, sort_order) VALUES ('hist-p2-cold-cl-10', '10. The Sino-Soviet Split and Cold War Alliances', '#6B8BA3', 'P2-COLD', 131);
INSERT INTO history_checklist_items (section_id, text, sort_order) VALUES ('hist-p2-cold-cl-10', 'I can explain the causes of the Sino-Soviet Split', 1);
INSERT INTO history_checklist_items (section_id, text, sort_order) VALUES ('hist-p2-cold-cl-10', 'I can discuss the significance of the Split for Cold War dynamics', 2);
INSERT INTO history_checklist_items (section_id, text, sort_order) VALUES ('hist-p2-cold-cl-10', 'I can explain NATO''s origins, purpose, and membership', 3);
INSERT INTO history_checklist_items (section_id, text, sort_order) VALUES ('hist-p2-cold-cl-10', 'I can explain the Warsaw Pact and its role', 4);
INSERT INTO history_checklist_items (section_id, text, sort_order) VALUES ('hist-p2-cold-cl-10', 'I can analyse how the Sino-Soviet Split changed US foreign policy', 5);
INSERT INTO history_checklist_items (section_id, text, sort_order) VALUES ('hist-p2-cold-cl-10', 'I can evaluate the role of alliances in Cold War stability/instability', 6);
INSERT OR IGNORE INTO history_checklist_sections (id, title, color, unit, sort_order) VALUES ('hist-p2-cold-cl-11', '11. Social, Cultural, and Ideological Dimensions of the Cold War', '#6B8BA3', 'P2-COLD', 132);
INSERT INTO history_checklist_items (section_id, text, sort_order) VALUES ('hist-p2-cold-cl-11', 'I can discuss the domestic political impact of the Cold War (McCarthyism, conformity)', 1);
INSERT INTO history_checklist_items (section_id, text, sort_order) VALUES ('hist-p2-cold-cl-11', 'I can explain the Space Race and its significance', 2);
INSERT INTO history_checklist_items (section_id, text, sort_order) VALUES ('hist-p2-cold-cl-11', 'I can analyse cultural dimensions of the Cold War', 3);
INSERT INTO history_checklist_items (section_id, text, sort_order) VALUES ('hist-p2-cold-cl-11', 'I can discuss nuclear anxiety and its social impact', 4);
INSERT INTO history_checklist_items (section_id, text, sort_order) VALUES ('hist-p2-cold-cl-11', 'I can evaluate the Cold War as an ideological and cultural conflict', 5);
INSERT INTO history_checklist_items (section_id, text, sort_order) VALUES ('hist-p2-cold-cl-11', 'I can explain how propaganda was used by both sides', 6);

-- Flashcard topics & cards
INSERT OR IGNORE INTO history_flashcard_topics (id, label, color, unit, sort_order) VALUES ('hist-p2-cold-fc-1', '1. Origins of the Cold War (1945-1947)', '#6B8BA3', 'P2-COLD', 1);
INSERT INTO history_flashcards (topic_id, term, definition, sort_order) VALUES ('hist-p2-cold-fc-1', 'What were the ideological origins of the Cold War?', 'Fundamental incompatibility between US capitalism/liberal democracy and Soviet communism/one-party state. Mutual suspicion dating from the 1917 Russian Revolution, US intervention in the Russian Civil War, and the Nazi-Soviet Pact (1939).', 1);
INSERT INTO history_flashcards (topic_id, term, definition, sort_order) VALUES ('hist-p2-cold-fc-1', 'What happened at the Yalta Conference (February 1945)?', 'FDR, Churchill, and Stalin agreed on: Germany''s division into occupation zones, free elections in liberated Eastern Europe (vaguely defined), Soviet entry into the Pacific War, and the creation of the United Nations. Disagreements were papered over.', 2);
INSERT INTO history_flashcards (topic_id, term, definition, sort_order) VALUES ('hist-p2-cold-fc-1', 'What happened at the Potsdam Conference (July-Aug 1945)?', 'Truman (replacing FDR), Attlee (replacing Churchill), and Stalin revealed growing tensions: disagreements over German reparations, Polish borders, and Eastern European elections. Truman informed Stalin of the atomic bomb, increasing Soviet suspicion.', 3);
INSERT INTO history_flashcards (topic_id, term, definition, sort_order) VALUES ('hist-p2-cold-fc-1', 'What was the Iron Curtain?', 'Churchill''s famous phrase (Fulton, Missouri speech, March 1946) describing the Soviet-imposed division of Europe: communist states under Soviet control in the East vs. democratic states in the West. It became the defining metaphor of Cold War division.', 4);
INSERT INTO history_flashcards (topic_id, term, definition, sort_order) VALUES ('hist-p2-cold-fc-1', 'What was the Truman Doctrine (1947)?', 'Truman declared the US would support ''free peoples'' resisting subjugation by armed minorities or outside pressure. Initially applied to Greece and Turkey ($400 million in aid), it established the containment policy that guided US foreign policy throughout the Cold War.', 5);
INSERT INTO history_flashcards (topic_id, term, definition, sort_order) VALUES ('hist-p2-cold-fc-1', 'What was the Marshall Plan (1947)?', 'US program providing $13 billion in economic aid to rebuild Western Europe. Its aims were economic recovery, preventing communist appeal in impoverished countries, creating markets for US exports, and strengthening the Western bloc. The USSR rejected participation and pressured Eastern Europe to do the same.', 6);
INSERT INTO history_flashcards (topic_id, term, definition, sort_order) VALUES ('hist-p2-cold-fc-1', 'What was Soviet ''satellisation'' of Eastern Europe?', 'Between 1945-48, the USSR established communist governments throughout Eastern Europe through rigged elections, intimidation, and coups: Poland, Romania, Bulgaria, Hungary, Czechoslovakia (1948 Prague coup), and East Germany. These became Soviet satellite states.', 7);
INSERT OR IGNORE INTO history_flashcard_topics (id, label, color, unit, sort_order) VALUES ('hist-p2-cold-fc-2', '2. Berlin and the German Question (1948-1961)', '#6B8BA3', 'P2-COLD', 2);
INSERT INTO history_flashcards (topic_id, term, definition, sort_order) VALUES ('hist-p2-cold-fc-2', 'What caused the Berlin Blockade (1948-49)?', 'Western Allies introduced a new currency (Deutschmark) in their zones without Soviet agreement. Stalin blockaded all road and rail access to West Berlin to force the Allies out and prevent a divided Germany. The Allies responded with the Berlin Airlift.', 1);
INSERT INTO history_flashcards (topic_id, term, definition, sort_order) VALUES ('hist-p2-cold-fc-2', 'What was the Berlin Airlift?', 'For 11 months (June 1948 - May 1949), Western Allies flew supplies into West Berlin: over 2 million tons of food, fuel, and supplies in 278,000 flights. It demonstrated Western resolve and was a major Cold War propaganda victory.', 2);
INSERT INTO history_flashcards (topic_id, term, definition, sort_order) VALUES ('hist-p2-cold-fc-2', 'What was the significance of the Berlin Blockade?', 'It solidified the division of Germany (FRG created May 1949, GDR created October 1949), led to the creation of NATO (April 1949), demonstrated the Cold War''s potential for confrontation, and made Berlin a symbol of Cold War tension.', 3);
INSERT INTO history_flashcards (topic_id, term, definition, sort_order) VALUES ('hist-p2-cold-fc-2', 'Why was the Berlin Wall built (August 1961)?', 'To stop the mass exodus of East Germans to the West through Berlin (3.5 million had left since 1945, draining skilled workers). Khrushchev approved the wall after failed ultimatums demanding Western withdrawal from Berlin.', 4);
INSERT INTO history_flashcards (topic_id, term, definition, sort_order) VALUES ('hist-p2-cold-fc-2', 'What was the impact of the Berlin Wall?', 'It physically divided families and a city, became the most powerful symbol of the Cold War, ended the Berlin crisis, stabilised the GDR (by stopping emigration), but was a propaganda disaster for communism worldwide.', 5);
INSERT OR IGNORE INTO history_flashcard_topics (id, label, color, unit, sort_order) VALUES ('hist-p2-cold-fc-3', '3. The Nuclear Arms Race and Deterrence', '#6B8BA3', 'P2-COLD', 3);
INSERT INTO history_flashcards (topic_id, term, definition, sort_order) VALUES ('hist-p2-cold-fc-3', 'How did the nuclear arms race develop?', 'US atomic bomb (1945), Soviet atomic bomb (1949), US hydrogen bomb (1952), Soviet H-bomb (1953), ICBMs (late 1950s), MIRVs (1970s). By the 1980s, both sides had enough weapons to destroy the world many times over (overkill).', 1);
INSERT INTO history_flashcards (topic_id, term, definition, sort_order) VALUES ('hist-p2-cold-fc-3', 'What is MAD (Mutually Assured Destruction)?', 'The Cold War doctrine that both superpowers possessed enough nuclear weapons to destroy each other completely, making nuclear war irrational for either side. MAD created a paradoxical stability: weapons too destructive to use.', 2);
INSERT INTO history_flashcards (topic_id, term, definition, sort_order) VALUES ('hist-p2-cold-fc-3', 'What was the significance of Sputnik (1957)?', 'The Soviet launch of the first satellite demonstrated ICBM capability and shocked the US (''Sputnik crisis''). It triggered the Space Race, increased US defence spending, created NASA, and intensified fears of a ''missile gap''.', 3);
INSERT INTO history_flashcards (topic_id, term, definition, sort_order) VALUES ('hist-p2-cold-fc-3', 'What arms control agreements were reached?', 'Limited Test Ban Treaty (1963, banned atmospheric testing), Non-Proliferation Treaty (NPT, 1968), SALT I (1972, limited ABM systems and froze ICBMs), SALT II (1979, limited warheads but never ratified), INF Treaty (1987, eliminated intermediate-range missiles).', 4);
INSERT OR IGNORE INTO history_flashcard_topics (id, label, color, unit, sort_order) VALUES ('hist-p2-cold-fc-4', '4. The Cuban Missile Crisis (1962)', '#6B8BA3', 'P2-COLD', 4);
INSERT INTO history_flashcards (topic_id, term, definition, sort_order) VALUES ('hist-p2-cold-fc-4', 'What caused the Cuban Missile Crisis?', 'Soviet decision to place nuclear missiles in Cuba (90 miles from US), motivated by: defending Cuba from US invasion (Bay of Pigs 1961), redressing nuclear imbalance (US had more ICBMs + Jupiter missiles in Turkey), and Khrushchev''s desire to score a Cold War victory.', 1);
INSERT INTO history_flashcards (topic_id, term, definition, sort_order) VALUES ('hist-p2-cold-fc-4', 'What was the Bay of Pigs (April 1961)?', 'A failed CIA-backed invasion of Cuba by Cuban exiles. Its failure embarrassed the US, strengthened Castro, pushed Cuba closer to the USSR, and convinced Khrushchev that Kennedy was weak - contributing to the missile crisis.', 2);
INSERT INTO history_flashcards (topic_id, term, definition, sort_order) VALUES ('hist-p2-cold-fc-4', 'How was the crisis resolved?', 'After 13 days of intense confrontation (16-28 October 1962): Kennedy imposed a naval ''quarantine'' (blockade), exchanged letters with Khrushchev, and agreed a deal: USSR removed missiles from Cuba; US pledged not to invade Cuba and secretly removed Jupiter missiles from Turkey.', 3);
INSERT INTO history_flashcards (topic_id, term, definition, sort_order) VALUES ('hist-p2-cold-fc-4', 'What were the consequences of the crisis?', 'Moscow-Washington hotline established (1963), Limited Test Ban Treaty (1963), beginning of detente, both sides recognised the danger of nuclear brinkmanship, Khrushchev weakened (contributed to his 1964 removal), and Cuba''s security was guaranteed.', 4);
INSERT INTO history_flashcards (topic_id, term, definition, sort_order) VALUES ('hist-p2-cold-fc-4', 'How close did the world come to nuclear war?', 'Extremely close: Soviet submarine captain Vasili Arkhipov refused to authorise a nuclear torpedo; US reconnaissance aircraft were shot at; communication delays risked miscalculation. It was likely the closest the Cold War came to nuclear war.', 5);
INSERT OR IGNORE INTO history_flashcard_topics (id, label, color, unit, sort_order) VALUES ('hist-p2-cold-fc-5', '5. Detente (1969-1979)', '#6B8BA3', 'P2-COLD', 5);
INSERT INTO history_flashcards (topic_id, term, definition, sort_order) VALUES ('hist-p2-cold-fc-5', 'What was detente?', 'A period of reduced Cold War tensions characterised by increased diplomacy, arms control, and trade between the superpowers (roughly 1969-1979). It was driven by mutual exhaustion, nuclear danger awareness, economic pressures, and Sino-Soviet split opportunities.', 1);
INSERT INTO history_flashcards (topic_id, term, definition, sort_order) VALUES ('hist-p2-cold-fc-5', 'What were the key events of detente?', 'Nixon''s visit to China (1972), SALT I (1972), Helsinki Accords (1975), Apollo-Soyuz mission (1975), increased US-Soviet trade, and various diplomatic summits. It represented a pragmatic approach to managing superpower competition.', 2);
INSERT INTO history_flashcards (topic_id, term, definition, sort_order) VALUES ('hist-p2-cold-fc-5', 'What was Nixon''s ''triangular diplomacy''?', 'Nixon and Kissinger exploited the Sino-Soviet Split by opening relations with China (1972), creating a strategic triangle. This gave the US leverage: both communist powers competed for better relations with Washington.', 3);
INSERT INTO history_flashcards (topic_id, term, definition, sort_order) VALUES ('hist-p2-cold-fc-5', 'What were the Helsinki Accords (1975)?', 'Agreements signed by 35 states at the CSCE: recognised post-WWII European borders (Soviet aim), committed to human rights and freedoms (Western aim, later used by dissidents in Eastern Europe), and promoted economic cooperation.', 4);
INSERT INTO history_flashcards (topic_id, term, definition, sort_order) VALUES ('hist-p2-cold-fc-5', 'Why did detente collapse?', 'Soviet invasion of Afghanistan (1979), continued Soviet military build-up, human rights concerns (Jackson-Vanik Amendment), Soviet support for Third World movements, US domestic opposition (neoconservatives), and Reagan''s election (1980) ending detente.', 5);
INSERT OR IGNORE INTO history_flashcard_topics (id, label, color, unit, sort_order) VALUES ('hist-p2-cold-fc-6', '6. Cold War in Asia, Latin America, and Africa (Proxy Conflicts)', '#6B8BA3', 'P2-COLD', 6);
INSERT INTO history_flashcards (topic_id, term, definition, sort_order) VALUES ('hist-p2-cold-fc-6', 'What were Cold War proxy wars?', 'Conflicts in the Third World where superpowers supported opposing sides without directly fighting each other: Korea (1950-53), Vietnam (1955-75), Angola (1975-2002), Afghanistan (1979-89), and various others in Latin America, Africa, and the Middle East.', 1);
INSERT INTO history_flashcards (topic_id, term, definition, sort_order) VALUES ('hist-p2-cold-fc-6', 'How did the Cold War affect Latin America?', 'US intervention to prevent communist influence: CIA-backed coups (Guatemala 1954, Chile 1973), support for anti-communist dictators, Alliance for Progress aid, Cuban Missile Crisis, support for Contras in Nicaragua, and invasion of Grenada (1983).', 2);
INSERT INTO history_flashcards (topic_id, term, definition, sort_order) VALUES ('hist-p2-cold-fc-6', 'What was the Soviet-Afghan War (1979-1989)?', 'Soviet invasion to support a communist government facing Islamist insurgency. The US armed the Mujahideen (including Stinger missiles). It became the USSR''s ''Vietnam'': costly, unwinnable, and contributing to Soviet collapse. ~1 million Afghans died.', 3);
INSERT INTO history_flashcards (topic_id, term, definition, sort_order) VALUES ('hist-p2-cold-fc-6', 'How did the Cold War affect Africa?', 'Both superpowers competed for influence: supported opposing factions in Angola, Mozambique, Ethiopia, Somalia; backed friendly regimes regardless of human rights; and complicated decolonisation by importing ideological rivalries.', 4);
INSERT INTO history_flashcards (topic_id, term, definition, sort_order) VALUES ('hist-p2-cold-fc-6', 'What was the Non-Aligned Movement?', 'Founded in 1961 by Nehru, Nasser, Tito, Sukarno, and Nkrumah. NAM states refused to align with either superpower bloc, seeking independent foreign policies. In practice, alignment often shifted, and both superpowers courted NAM members.', 5);
INSERT OR IGNORE INTO history_flashcard_topics (id, label, color, unit, sort_order) VALUES ('hist-p2-cold-fc-7', '7. The Second Cold War and Reagan (1979-1985)', '#6B8BA3', 'P2-COLD', 7);
INSERT INTO history_flashcards (topic_id, term, definition, sort_order) VALUES ('hist-p2-cold-fc-7', 'What was the ''Second Cold War''?', 'The period of renewed US-Soviet tension (roughly 1979-85) characterised by: Soviet invasion of Afghanistan, Reagan''s aggressive anti-communist rhetoric (''Evil Empire''), military build-up, SDI, NATO Euromissile deployments, and collapse of arms control dialogue.', 1);
INSERT INTO history_flashcards (topic_id, term, definition, sort_order) VALUES ('hist-p2-cold-fc-7', 'What was Reagan''s approach to the Cold War?', 'Reagan pursued ''peace through strength'': massive military spending increase, SDI (''Star Wars''), support for anti-communist insurgencies worldwide (Reagan Doctrine), aggressive rhetoric (''Evil Empire''), and refusal to negotiate from perceived weakness.', 2);
INSERT INTO history_flashcards (topic_id, term, definition, sort_order) VALUES ('hist-p2-cold-fc-7', 'What was the Reagan Doctrine?', 'US policy of supporting anti-communist guerrillas and movements worldwide: Mujahideen in Afghanistan, Contras in Nicaragua, UNITA in Angola, and others. It represented a shift from containment to actively ''rolling back'' communism.', 3);
INSERT INTO history_flashcards (topic_id, term, definition, sort_order) VALUES ('hist-p2-cold-fc-7', 'What was the Euromissile Crisis?', 'In 1977, the USSR deployed SS-20 intermediate-range missiles targeting Western Europe. NATO responded with a ''dual-track'' decision (1979): negotiate removal while deploying US Pershing II and cruise missiles. This triggered massive peace protests and heightened tensions.', 4);
INSERT OR IGNORE INTO history_flashcard_topics (id, label, color, unit, sort_order) VALUES ('hist-p2-cold-fc-8', '8. Gorbachev and the End of the Cold War (1985-1991)', '#6B8BA3', 'P2-COLD', 8);
INSERT INTO history_flashcards (topic_id, term, definition, sort_order) VALUES ('hist-p2-cold-fc-8', 'What was Glasnost?', 'Gorbachev''s policy of ''openness'' (from 1986): allowing greater freedom of speech, press freedom, release of political prisoners, and public discussion of Soviet problems. Intended to revitalise the system, it unleashed forces that ultimately destroyed it.', 1);
INSERT INTO history_flashcards (topic_id, term, definition, sort_order) VALUES ('hist-p2-cold-fc-8', 'What was Perestroika?', 'Gorbachev''s policy of ''restructuring'' the Soviet economy: introducing limited market mechanisms, reducing central planning, allowing cooperatives, and encouraging enterprise autonomy. It failed to deliver economic improvement and created chaos as the old system collapsed without a new one replacing it.', 2);
INSERT INTO history_flashcards (topic_id, term, definition, sort_order) VALUES ('hist-p2-cold-fc-8', 'What was the Sinatra Doctrine?', 'Gorbachev''s foreign policy spokesman Gennady Gerasimov declared (1989) that Eastern European states could choose their own path - ''doing it their way'' (referencing Frank Sinatra). It signalled Soviet non-intervention, enabling the 1989 revolutions.', 3);
INSERT INTO history_flashcards (topic_id, term, definition, sort_order) VALUES ('hist-p2-cold-fc-8', 'What happened in 1989?', 'The ''Year of Miracles'': Poland (Solidarity wins elections), Hungary (opens border to Austria), East Germany (Berlin Wall falls, 9 November), Czechoslovakia (Velvet Revolution), Romania (violent overthrow of Ceausescu), Bulgaria (communist leadership replaced).', 4);
INSERT INTO history_flashcards (topic_id, term, definition, sort_order) VALUES ('hist-p2-cold-fc-8', 'Why did the Berlin Wall fall?', 'East German government miscommunication (Schabowski''s press conference, 9 Nov 1989), mass protests, Gorbachev''s refusal to use force, opening of Hungarian border allowing East German emigration, and general collapse of communist authority.', 5);
INSERT INTO history_flashcards (topic_id, term, definition, sort_order) VALUES ('hist-p2-cold-fc-8', 'What caused the collapse of the USSR (December 1991)?', 'Gorbachev''s reforms (glasnost/perestroika) unleashed nationalist movements, the failed August 1991 coup weakened central authority, Boris Yeltsin''s Russian Republic asserted sovereignty, and Soviet republics declared independence. The USSR was formally dissolved on 25 December 1991.', 6);
INSERT INTO history_flashcards (topic_id, term, definition, sort_order) VALUES ('hist-p2-cold-fc-8', 'What was the INF Treaty (1987)?', 'Signed by Reagan and Gorbachev, it eliminated all intermediate-range nuclear missiles (500-5500 km). It was the first treaty to actually reduce nuclear arsenals rather than limit growth, and marked a breakthrough in arms control.', 7);
INSERT OR IGNORE INTO history_flashcard_topics (id, label, color, unit, sort_order) VALUES ('hist-p2-cold-fc-9', '9. Cold War Crises in Europe: Hungary, Czechoslovakia, Poland', '#6B8BA3', 'P2-COLD', 9);
INSERT INTO history_flashcards (topic_id, term, definition, sort_order) VALUES ('hist-p2-cold-fc-9', 'What was the Hungarian Uprising (1956)?', 'Hungarian people rose against Soviet-imposed communist rule, demanding reforms. Prime Minister Imre Nagy declared neutrality and withdrawal from the Warsaw Pact. The USSR invaded with 200,000 troops and 4,000 tanks, killing ~2,500 Hungarians. Nagy was executed in 1958.', 1);
INSERT INTO history_flashcards (topic_id, term, definition, sort_order) VALUES ('hist-p2-cold-fc-9', 'What was the Prague Spring (1968)?', 'Czechoslovak leader Alexander Dubcek introduced ''socialism with a human face'': press freedom, political liberalisation, economic reform. The USSR and Warsaw Pact invaded in August 1968, ending the reforms and installing a compliant government.', 2);
INSERT INTO history_flashcards (topic_id, term, definition, sort_order) VALUES ('hist-p2-cold-fc-9', 'What was the Brezhnev Doctrine?', 'Declared after the Prague Spring invasion: the USSR had the right to intervene in any socialist state where socialism was threatened. It justified Soviet control over Eastern Europe until Gorbachev effectively abandoned it (Sinatra Doctrine).', 3);
INSERT INTO history_flashcards (topic_id, term, definition, sort_order) VALUES ('hist-p2-cold-fc-9', 'What was Solidarity (Poland)?', 'Founded in 1980 by Lech Walesa at the Gdansk shipyard, Solidarity was the first independent trade union in the Soviet bloc. It represented a mass movement of 10 million members. Martial law was imposed (1981) but Solidarity survived underground and won elections in 1989.', 4);
INSERT OR IGNORE INTO history_flashcard_topics (id, label, color, unit, sort_order) VALUES ('hist-p2-cold-fc-10', '10. The Sino-Soviet Split and Cold War Alliances', '#6B8BA3', 'P2-COLD', 10);
INSERT INTO history_flashcards (topic_id, term, definition, sort_order) VALUES ('hist-p2-cold-fc-10', 'What caused the Sino-Soviet Split?', 'Ideological disagreements (Mao vs. Khrushchev over de-Stalinisation, peaceful coexistence), national rivalry (border disputes), Chinese resentment of Soviet patronage, competition for leadership of the communist world, and personal animosity between leaders.', 1);
INSERT INTO history_flashcards (topic_id, term, definition, sort_order) VALUES ('hist-p2-cold-fc-10', 'What was the significance of the Sino-Soviet Split?', 'It shattered communist unity, created a strategic triangle (US-USSR-China), enabled Nixon''s China opening (1972), complicated Cold War alliances, led to Sino-Soviet border clashes (1969), and benefited US diplomacy.', 2);
INSERT INTO history_flashcards (topic_id, term, definition, sort_order) VALUES ('hist-p2-cold-fc-10', 'What was NATO?', 'North Atlantic Treaty Organisation (est. 1949): Western military alliance based on collective defence (Article 5). Original 12 members grew to include West Germany (1955). It was the cornerstone of Western defence against the Soviet bloc.', 3);
INSERT INTO history_flashcards (topic_id, term, definition, sort_order) VALUES ('hist-p2-cold-fc-10', 'What was the Warsaw Pact?', 'Eastern bloc military alliance (est. 1955) in response to West German NATO membership. Led by the USSR, it included Poland, East Germany, Czechoslovakia, Hungary, Romania, Bulgaria, and Albania. It was dissolved in 1991.', 4);
INSERT OR IGNORE INTO history_flashcard_topics (id, label, color, unit, sort_order) VALUES ('hist-p2-cold-fc-11', '11. Social, Cultural, and Ideological Dimensions of the Cold War', '#6B8BA3', 'P2-COLD', 11);
INSERT INTO history_flashcards (topic_id, term, definition, sort_order) VALUES ('hist-p2-cold-fc-11', 'How did the Cold War affect domestic politics?', 'McCarthyism in the US (Red Scare, blacklisting), Soviet ideological conformity, loyalty oaths, censorship, surveillance (FBI, KGB), nuclear anxiety, civil defence (duck and cover), and political polarisation in both blocs.', 1);
INSERT INTO history_flashcards (topic_id, term, definition, sort_order) VALUES ('hist-p2-cold-fc-11', 'What was the Space Race?', 'US-Soviet competition in space exploration: Sputnik (1957), Gagarin first in space (1961), Kennedy''s moon pledge, Apollo 11 moon landing (1969). It was both a propaganda tool and genuine scientific achievement, demonstrating technological superiority.', 2);
INSERT INTO history_flashcards (topic_id, term, definition, sort_order) VALUES ('hist-p2-cold-fc-11', 'How was the Cold War fought culturally?', 'Through propaganda, cultural diplomacy (jazz tours, ballet exchanges), sports competition (Olympics boycotts 1980/1984), film, literature, radio broadcasting (Voice of America, Radio Free Europe), and competing visions of modernity and progress.', 3);
INSERT INTO history_flashcards (topic_id, term, definition, sort_order) VALUES ('hist-p2-cold-fc-11', 'What was the ''Kitchen Debate'' (1959)?', 'An impromptu exchange between Nixon and Khrushchev at a Moscow exhibition over the merits of capitalism vs. communism, using a model American kitchen as the setting. It symbolised the Cold War''s ideological competition extending to consumer goods and daily life.', 4);

-- MCQ questions
INSERT OR IGNORE INTO history_mcq_questions (id, category, difficulty, unit, question_text, option_a, option_b, option_c, option_d, correct_option, explanation, sort_order) VALUES ('hist-p2-mcq-279', '1. Origins of the Cold War (1945-1947)', 'SL/HL', 'P2-COLD', 'The Yalta Conference took place in:', 'February 1943', 'February 1945', 'July 1945', 'March 1946', 1, 'See mark scheme for detailed explanation.', 280);
INSERT OR IGNORE INTO history_mcq_questions (id, category, difficulty, unit, question_text, option_a, option_b, option_c, option_d, correct_option, explanation, sort_order) VALUES ('hist-p2-mcq-280', '1. Origins of the Cold War (1945-1947)', 'SL/HL', 'P2-COLD', 'The Truman Doctrine was primarily a policy of:', 'Isolationism', 'Appeasement', 'Containment of communism', 'Nuclear deterrence', 2, 'See mark scheme for detailed explanation.', 281);
INSERT OR IGNORE INTO history_mcq_questions (id, category, difficulty, unit, question_text, option_a, option_b, option_c, option_d, correct_option, explanation, sort_order) VALUES ('hist-p2-mcq-281', '1. Origins of the Cold War (1945-1947)', 'SL/HL', 'P2-COLD', 'The Marshall Plan provided approximately:', '$1 billion', '$5 billion', '$13 billion', '$50 billion', 2, 'See mark scheme for detailed explanation.', 282);
INSERT OR IGNORE INTO history_mcq_questions (id, category, difficulty, unit, question_text, option_a, option_b, option_c, option_d, correct_option, explanation, sort_order) VALUES ('hist-p2-mcq-282', '1. Origins of the Cold War (1945-1947)', 'SL/HL', 'P2-COLD', 'The Prague Coup (1948) established communist control in:', 'Poland', 'Hungary', 'Czechoslovakia', 'Romania', 2, 'See mark scheme for detailed explanation.', 283);
INSERT OR IGNORE INTO history_mcq_questions (id, category, difficulty, unit, question_text, option_a, option_b, option_c, option_d, correct_option, explanation, sort_order) VALUES ('hist-p2-mcq-283', '1. Origins of the Cold War (1945-1947)', 'SL/HL', 'P2-COLD', 'Churchill''s ''Iron Curtain'' speech was delivered at:', 'Yalta', 'Potsdam', 'Fulton, Missouri', 'Westminster, London', 2, 'See mark scheme for detailed explanation.', 284);
INSERT OR IGNORE INTO history_mcq_questions (id, category, difficulty, unit, question_text, option_a, option_b, option_c, option_d, correct_option, explanation, sort_order) VALUES ('hist-p2-mcq-284', '2. Berlin and the German Question (1948-1961)', 'SL/HL', 'P2-COLD', 'The Berlin Blockade began in:', '1945', '1947', '1948', '1950', 2, 'See mark scheme for detailed explanation.', 285);
INSERT OR IGNORE INTO history_mcq_questions (id, category, difficulty, unit, question_text, option_a, option_b, option_c, option_d, correct_option, explanation, sort_order) VALUES ('hist-p2-mcq-285', '2. Berlin and the German Question (1948-1961)', 'SL/HL', 'P2-COLD', 'NATO was established in:', '1945', '1947', '1949', '1955', 2, 'See mark scheme for detailed explanation.', 286);
INSERT OR IGNORE INTO history_mcq_questions (id, category, difficulty, unit, question_text, option_a, option_b, option_c, option_d, correct_option, explanation, sort_order) VALUES ('hist-p2-mcq-286', '2. Berlin and the German Question (1948-1961)', 'SL/HL', 'P2-COLD', 'The Berlin Wall was built in:', '1949', '1953', '1958', '1961', 3, 'See mark scheme for detailed explanation.', 287);
INSERT OR IGNORE INTO history_mcq_questions (id, category, difficulty, unit, question_text, option_a, option_b, option_c, option_d, correct_option, explanation, sort_order) VALUES ('hist-p2-mcq-287', '2. Berlin and the German Question (1948-1961)', 'SL/HL', 'P2-COLD', 'Approximately how many East Germans fled to the West before the Wall?', '500,000', '1.5 million', '3.5 million', '10 million', 2, 'See mark scheme for detailed explanation.', 288);
INSERT OR IGNORE INTO history_mcq_questions (id, category, difficulty, unit, question_text, option_a, option_b, option_c, option_d, correct_option, explanation, sort_order) VALUES ('hist-p2-mcq-288', '3. The Nuclear Arms Race and Deterrence', 'SL/HL', 'P2-COLD', 'The Soviet Union tested its first atomic bomb in:', '1945', '1947', '1949', '1953', 2, 'See mark scheme for detailed explanation.', 289);
INSERT OR IGNORE INTO history_mcq_questions (id, category, difficulty, unit, question_text, option_a, option_b, option_c, option_d, correct_option, explanation, sort_order) VALUES ('hist-p2-mcq-289', '3. The Nuclear Arms Race and Deterrence', 'SL/HL', 'P2-COLD', 'MAD stands for:', 'Military Alliance for Defence', 'Mutually Assured Destruction', 'Maximum Atomic Deployment', 'Military Assistance Doctrine', 1, 'See mark scheme for detailed explanation.', 290);
INSERT OR IGNORE INTO history_mcq_questions (id, category, difficulty, unit, question_text, option_a, option_b, option_c, option_d, correct_option, explanation, sort_order) VALUES ('hist-p2-mcq-290', '3. The Nuclear Arms Race and Deterrence', 'SL/HL', 'P2-COLD', 'SALT I (1972) primarily:', 'Eliminated all nuclear weapons', 'Limited ABM systems and froze ICBM numbers', 'Banned nuclear testing', 'Created a joint space program', 1, 'See mark scheme for detailed explanation.', 291);
INSERT OR IGNORE INTO history_mcq_questions (id, category, difficulty, unit, question_text, option_a, option_b, option_c, option_d, correct_option, explanation, sort_order) VALUES ('hist-p2-mcq-291', '3. The Nuclear Arms Race and Deterrence', 'SL/HL', 'P2-COLD', 'SDI (''Star Wars'') was proposed by:', 'Kennedy', 'Nixon', 'Carter', 'Reagan', 3, 'See mark scheme for detailed explanation.', 292);
INSERT OR IGNORE INTO history_mcq_questions (id, category, difficulty, unit, question_text, option_a, option_b, option_c, option_d, correct_option, explanation, sort_order) VALUES ('hist-p2-mcq-292', '4. The Cuban Missile Crisis (1962)', 'SL/HL', 'P2-COLD', 'US surveillance discovered Soviet missiles in Cuba on:', 'April 1961', 'October 1962', 'November 1963', 'August 1964', 1, 'See mark scheme for detailed explanation.', 293);
INSERT OR IGNORE INTO history_mcq_questions (id, category, difficulty, unit, question_text, option_a, option_b, option_c, option_d, correct_option, explanation, sort_order) VALUES ('hist-p2-mcq-293', '4. The Cuban Missile Crisis (1962)', 'SL/HL', 'P2-COLD', 'The Bay of Pigs invasion was:', 'A successful US operation', 'A failed CIA-backed invasion of Cuba', 'A Soviet naval exercise', 'A Cuban attack on the US', 1, 'See mark scheme for detailed explanation.', 294);
INSERT OR IGNORE INTO history_mcq_questions (id, category, difficulty, unit, question_text, option_a, option_b, option_c, option_d, correct_option, explanation, sort_order) VALUES ('hist-p2-mcq-294', '4. The Cuban Missile Crisis (1962)', 'SL/HL', 'P2-COLD', 'A consequence of the crisis was:', 'The fall of the Berlin Wall', 'The establishment of a Moscow-Washington hotline', 'US invasion of Cuba', 'Khrushchev''s immediate removal', 1, 'See mark scheme for detailed explanation.', 295);
INSERT OR IGNORE INTO history_mcq_questions (id, category, difficulty, unit, question_text, option_a, option_b, option_c, option_d, correct_option, explanation, sort_order) VALUES ('hist-p2-mcq-295', '4. The Cuban Missile Crisis (1962)', 'SL/HL', 'P2-COLD', 'The US secretly agreed to remove missiles from:', 'Britain', 'West Germany', 'Turkey', 'Italy', 2, 'See mark scheme for detailed explanation.', 296);
INSERT OR IGNORE INTO history_mcq_questions (id, category, difficulty, unit, question_text, option_a, option_b, option_c, option_d, correct_option, explanation, sort_order) VALUES ('hist-p2-mcq-296', '5. Detente (1969-1979)', 'SL/HL', 'P2-COLD', 'Nixon''s historic visit to China occurred in:', '1969', '1971', '1972', '1975', 2, 'See mark scheme for detailed explanation.', 297);
INSERT OR IGNORE INTO history_mcq_questions (id, category, difficulty, unit, question_text, option_a, option_b, option_c, option_d, correct_option, explanation, sort_order) VALUES ('hist-p2-mcq-297', '5. Detente (1969-1979)', 'SL/HL', 'P2-COLD', 'The Helsinki Accords (1975) included commitments to:', 'Nuclear disarmament', 'Human rights and recognition of European borders', 'Military alliance between NATO and Warsaw Pact', 'German reunification', 1, 'See mark scheme for detailed explanation.', 298);
INSERT OR IGNORE INTO history_mcq_questions (id, category, difficulty, unit, question_text, option_a, option_b, option_c, option_d, correct_option, explanation, sort_order) VALUES ('hist-p2-mcq-298', '5. Detente (1969-1979)', 'SL/HL', 'P2-COLD', 'Detente collapsed primarily due to:', 'The Berlin Wall crisis', 'The Soviet invasion of Afghanistan (1979)', 'The Cuban Missile Crisis', 'The fall of the Berlin Wall', 1, 'See mark scheme for detailed explanation.', 299);
INSERT OR IGNORE INTO history_mcq_questions (id, category, difficulty, unit, question_text, option_a, option_b, option_c, option_d, correct_option, explanation, sort_order) VALUES ('hist-p2-mcq-299', '5. Detente (1969-1979)', 'SL/HL', 'P2-COLD', 'SALT I was signed in:', '1968', '1972', '1975', '1979', 1, 'See mark scheme for detailed explanation.', 300);
INSERT OR IGNORE INTO history_mcq_questions (id, category, difficulty, unit, question_text, option_a, option_b, option_c, option_d, correct_option, explanation, sort_order) VALUES ('hist-p2-mcq-300', '6. Cold War in Asia, Latin America, and Africa (Proxy Conflicts)', 'SL/HL', 'P2-COLD', 'The CIA-backed coup in Chile (1973) overthrew:', 'Batista', 'Allende', 'Castro', 'Pinochet', 1, 'See mark scheme for detailed explanation.', 301);
INSERT OR IGNORE INTO history_mcq_questions (id, category, difficulty, unit, question_text, option_a, option_b, option_c, option_d, correct_option, explanation, sort_order) VALUES ('hist-p2-mcq-301', '6. Cold War in Asia, Latin America, and Africa (Proxy Conflicts)', 'SL/HL', 'P2-COLD', 'The Soviet-Afghan War lasted from:', '1975-1982', '1979-1989', '1980-1991', '1985-1995', 1, 'See mark scheme for detailed explanation.', 302);
INSERT OR IGNORE INTO history_mcq_questions (id, category, difficulty, unit, question_text, option_a, option_b, option_c, option_d, correct_option, explanation, sort_order) VALUES ('hist-p2-mcq-302', '6. Cold War in Asia, Latin America, and Africa (Proxy Conflicts)', 'SL/HL', 'P2-COLD', 'The Non-Aligned Movement was founded in:', '1945', '1955', '1961', '1975', 2, 'See mark scheme for detailed explanation.', 303);
INSERT OR IGNORE INTO history_mcq_questions (id, category, difficulty, unit, question_text, option_a, option_b, option_c, option_d, correct_option, explanation, sort_order) VALUES ('hist-p2-mcq-303', '6. Cold War in Asia, Latin America, and Africa (Proxy Conflicts)', 'SL/HL', 'P2-COLD', 'US support for the Mujahideen in Afghanistan included:', 'Nuclear weapons', 'Stinger missiles', 'Ground troops', 'Naval support', 1, 'See mark scheme for detailed explanation.', 304);
INSERT OR IGNORE INTO history_mcq_questions (id, category, difficulty, unit, question_text, option_a, option_b, option_c, option_d, correct_option, explanation, sort_order) VALUES ('hist-p2-mcq-304', '7. The Second Cold War and Reagan (1979-1985)', 'SL/HL', 'P2-COLD', 'Reagan described the Soviet Union as:', 'A strategic partner', 'An Evil Empire', 'A declining power', 'A potential ally', 1, 'See mark scheme for detailed explanation.', 305);
INSERT OR IGNORE INTO history_mcq_questions (id, category, difficulty, unit, question_text, option_a, option_b, option_c, option_d, correct_option, explanation, sort_order) VALUES ('hist-p2-mcq-305', '7. The Second Cold War and Reagan (1979-1985)', 'SL/HL', 'P2-COLD', 'The Reagan Doctrine involved:', 'Negotiating arms reductions', 'Supporting anti-communist movements worldwide', 'Withdrawing from NATO', 'Cutting military spending', 1, 'See mark scheme for detailed explanation.', 306);
INSERT OR IGNORE INTO history_mcq_questions (id, category, difficulty, unit, question_text, option_a, option_b, option_c, option_d, correct_option, explanation, sort_order) VALUES ('hist-p2-mcq-306', '7. The Second Cold War and Reagan (1979-1985)', 'SL/HL', 'P2-COLD', 'The Euromissile Crisis involved deployment of:', 'Nuclear submarines', 'SS-20 missiles and NATO Pershing II/cruise missiles', 'Aircraft carriers', 'Biological weapons', 1, 'See mark scheme for detailed explanation.', 307);
INSERT OR IGNORE INTO history_mcq_questions (id, category, difficulty, unit, question_text, option_a, option_b, option_c, option_d, correct_option, explanation, sort_order) VALUES ('hist-p2-mcq-307', '8. Gorbachev and the End of the Cold War (1985-1991)', 'SL/HL', 'P2-COLD', 'The Berlin Wall fell on:', '9 October 1989', '9 November 1989', '25 December 1989', '3 October 1990', 1, 'See mark scheme for detailed explanation.', 308);
INSERT OR IGNORE INTO history_mcq_questions (id, category, difficulty, unit, question_text, option_a, option_b, option_c, option_d, correct_option, explanation, sort_order) VALUES ('hist-p2-mcq-308', '8. Gorbachev and the End of the Cold War (1985-1991)', 'SL/HL', 'P2-COLD', 'Glasnost means:', 'Restructuring', 'Openness', 'Revolution', 'Freedom', 1, 'See mark scheme for detailed explanation.', 309);
INSERT OR IGNORE INTO history_mcq_questions (id, category, difficulty, unit, question_text, option_a, option_b, option_c, option_d, correct_option, explanation, sort_order) VALUES ('hist-p2-mcq-309', '8. Gorbachev and the End of the Cold War (1985-1991)', 'SL/HL', 'P2-COLD', 'The USSR was formally dissolved on:', '9 November 1989', '3 October 1990', '19 August 1991', '25 December 1991', 3, 'See mark scheme for detailed explanation.', 310);
INSERT OR IGNORE INTO history_mcq_questions (id, category, difficulty, unit, question_text, option_a, option_b, option_c, option_d, correct_option, explanation, sort_order) VALUES ('hist-p2-mcq-310', '8. Gorbachev and the End of the Cold War (1985-1991)', 'SL/HL', 'P2-COLD', 'The INF Treaty (1987) was significant because it:', 'Froze nuclear arsenals', 'Was the first treaty to actually reduce nuclear weapons', 'Created NATO', 'Ended the Vietnam War', 1, 'See mark scheme for detailed explanation.', 311);
INSERT OR IGNORE INTO history_mcq_questions (id, category, difficulty, unit, question_text, option_a, option_b, option_c, option_d, correct_option, explanation, sort_order) VALUES ('hist-p2-mcq-311', '8. Gorbachev and the End of the Cold War (1985-1991)', 'SL/HL', 'P2-COLD', 'The ''Sinatra Doctrine'' meant:', 'The USSR would invade Eastern Europe', 'Eastern European states could choose their own path', 'The US would withdraw from NATO', 'Nuclear weapons would be eliminated', 1, 'See mark scheme for detailed explanation.', 312);
INSERT OR IGNORE INTO history_mcq_questions (id, category, difficulty, unit, question_text, option_a, option_b, option_c, option_d, correct_option, explanation, sort_order) VALUES ('hist-p2-mcq-312', '9. Cold War Crises in Europe: Hungary, Czechoslovakia, Poland', 'SL/HL', 'P2-COLD', 'The Hungarian Uprising occurred in:', '1953', '1956', '1961', '1968', 1, 'See mark scheme for detailed explanation.', 313);
INSERT OR IGNORE INTO history_mcq_questions (id, category, difficulty, unit, question_text, option_a, option_b, option_c, option_d, correct_option, explanation, sort_order) VALUES ('hist-p2-mcq-313', '9. Cold War Crises in Europe: Hungary, Czechoslovakia, Poland', 'SL/HL', 'P2-COLD', 'The Prague Spring was led by:', 'Lech Walesa', 'Imre Nagy', 'Alexander Dubcek', 'Vaclav Havel', 2, 'See mark scheme for detailed explanation.', 314);
INSERT OR IGNORE INTO history_mcq_questions (id, category, difficulty, unit, question_text, option_a, option_b, option_c, option_d, correct_option, explanation, sort_order) VALUES ('hist-p2-mcq-314', '9. Cold War Crises in Europe: Hungary, Czechoslovakia, Poland', 'SL/HL', 'P2-COLD', 'The Brezhnev Doctrine stated that:', 'Eastern European states were free to leave the Warsaw Pact', 'The USSR could intervene where socialism was threatened', 'Nuclear weapons would be used to defend socialism', 'Detente was the primary policy goal', 1, 'See mark scheme for detailed explanation.', 315);
INSERT OR IGNORE INTO history_mcq_questions (id, category, difficulty, unit, question_text, option_a, option_b, option_c, option_d, correct_option, explanation, sort_order) VALUES ('hist-p2-mcq-315', '9. Cold War Crises in Europe: Hungary, Czechoslovakia, Poland', 'SL/HL', 'P2-COLD', 'Solidarity was founded by:', 'Vaclav Havel', 'Alexander Dubcek', 'Lech Walesa', 'Imre Nagy', 2, 'See mark scheme for detailed explanation.', 316);
INSERT OR IGNORE INTO history_mcq_questions (id, category, difficulty, unit, question_text, option_a, option_b, option_c, option_d, correct_option, explanation, sort_order) VALUES ('hist-p2-mcq-316', '10. The Sino-Soviet Split and Cold War Alliances', 'SL/HL', 'P2-COLD', 'The Sino-Soviet Split became public in the:', 'Late 1940s', 'Late 1950s', 'Late 1960s', 'Late 1970s', 1, 'See mark scheme for detailed explanation.', 317);
INSERT OR IGNORE INTO history_mcq_questions (id, category, difficulty, unit, question_text, option_a, option_b, option_c, option_d, correct_option, explanation, sort_order) VALUES ('hist-p2-mcq-317', '10. The Sino-Soviet Split and Cold War Alliances', 'SL/HL', 'P2-COLD', 'NATO''s collective defence is enshrined in:', 'Article 1', 'Article 3', 'Article 5', 'Article 10', 2, 'See mark scheme for detailed explanation.', 318);
INSERT OR IGNORE INTO history_mcq_questions (id, category, difficulty, unit, question_text, option_a, option_b, option_c, option_d, correct_option, explanation, sort_order) VALUES ('hist-p2-mcq-318', '10. The Sino-Soviet Split and Cold War Alliances', 'SL/HL', 'P2-COLD', 'The Warsaw Pact was established in:', '1945', '1949', '1955', '1961', 2, 'See mark scheme for detailed explanation.', 319);
INSERT OR IGNORE INTO history_mcq_questions (id, category, difficulty, unit, question_text, option_a, option_b, option_c, option_d, correct_option, explanation, sort_order) VALUES ('hist-p2-mcq-319', '10. The Sino-Soviet Split and Cold War Alliances', 'SL/HL', 'P2-COLD', 'Sino-Soviet border clashes occurred in:', '1956', '1962', '1969', '1975', 2, 'See mark scheme for detailed explanation.', 320);
INSERT OR IGNORE INTO history_mcq_questions (id, category, difficulty, unit, question_text, option_a, option_b, option_c, option_d, correct_option, explanation, sort_order) VALUES ('hist-p2-mcq-320', '11. Social, Cultural, and Ideological Dimensions of the Cold War', 'SL/HL', 'P2-COLD', 'The first human in space was:', 'Neil Armstrong', 'John Glenn', 'Yuri Gagarin', 'Valentina Tereshkova', 2, 'See mark scheme for detailed explanation.', 321);
INSERT OR IGNORE INTO history_mcq_questions (id, category, difficulty, unit, question_text, option_a, option_b, option_c, option_d, correct_option, explanation, sort_order) VALUES ('hist-p2-mcq-321', '11. Social, Cultural, and Ideological Dimensions of the Cold War', 'SL/HL', 'P2-COLD', 'Apollo 11''s moon landing occurred in:', '1965', '1967', '1969', '1971', 2, 'See mark scheme for detailed explanation.', 322);
INSERT OR IGNORE INTO history_mcq_questions (id, category, difficulty, unit, question_text, option_a, option_b, option_c, option_d, correct_option, explanation, sort_order) VALUES ('hist-p2-mcq-322', '11. Social, Cultural, and Ideological Dimensions of the Cold War', 'SL/HL', 'P2-COLD', 'The US boycotted the Moscow Olympics in:', '1972', '1976', '1980', '1984', 2, 'See mark scheme for detailed explanation.', 323);
INSERT OR IGNORE INTO history_mcq_questions (id, category, difficulty, unit, question_text, option_a, option_b, option_c, option_d, correct_option, explanation, sort_order) VALUES ('hist-p2-mcq-323', '11. Social, Cultural, and Ideological Dimensions of the Cold War', 'SL/HL', 'P2-COLD', 'The ''Kitchen Debate'' took place between:', 'Kennedy and Khrushchev', 'Nixon and Khrushchev', 'Reagan and Gorbachev', 'Truman and Stalin', 1, 'See mark scheme for detailed explanation.', 324);

-- Written questions (15 marks)
INSERT OR IGNORE INTO history_written_questions (id, category, difficulty, question_type, unit, marks, question_text, mark_scheme, sort_order) VALUES ('hist-p2-wq-126', '1. Origins of the Cold War (1945-1947)', 'SL/HL', 'short_answer', 'P2-COLD', 15, 'Evaluate the relative importance of ideological differences and geopolitical interests in the origins of the Cold War.', '• Band 5 (13-15): Balanced evaluation of ideology (capitalism vs. communism, democracy vs. one-party rule) vs. geopolitics (security concerns, spheres of influence, balance of power) with specific evidence. Ideological: incompatible visions of post-war order, mutual demonisation, propaganda, universalist claims of both systems. Geopolitical: Soviet security concerns (buffer states after two German invasions), US economic interests (open markets), power vacuum in Europe, atomic monopoly.
• Must consider historiographical perspectives: orthodox (Soviet aggression), revisionist (US economic imperialism), post-revisionist (mutual responsibility).
• Band 3 (7-9): Some analysis but may overemphasise one factor.
• Band 1 (1-3): Vague generalisations without specific evidence.', 127);
INSERT OR IGNORE INTO history_written_questions (id, category, difficulty, question_type, unit, marks, question_text, mark_scheme, sort_order) VALUES ('hist-p2-wq-127', '1. Origins of the Cold War (1945-1947)', 'SL/HL', 'short_answer', 'P2-COLD', 15, 'To what extent was the Cold War inevitable by 1947?', '• Band 5 (13-15): Evaluative argument considering structural factors (ideological incompatibility, power vacuum) vs. contingent decisions (Truman Doctrine, Marshall Plan rejection, Berlin). Arguments for inevitability: deep ideological divide, mutual suspicion since 1917, wartime alliance was temporary. Arguments against: cooperation at Yalta showed compromise was possible, different leaders might have acted differently, economic interdependence could have been developed.
• Must reach clear, substantiated judgement.
• Band 3 (7-9): Narrative of events without clear evaluation of inevitability.
• Band 1 (1-3): Minimal relevant knowledge.', 128);
INSERT OR IGNORE INTO history_written_questions (id, category, difficulty, question_type, unit, marks, question_text, mark_scheme, sort_order) VALUES ('hist-p2-wq-128', '2. Berlin and the German Question (1948-1961)', 'SL/HL', 'short_answer', 'P2-COLD', 15, 'Evaluate the significance of Berlin as a source of Cold War tension between 1948 and 1961.', '• Band 5 (13-15): Chronological analysis of Berlin crises (Blockade 1948-49, Khrushchev''s ultimatum 1958, Wall 1961) with evaluation of their significance for broader Cold War dynamics. Blockade: led to NATO, solidified German division, demonstrated Western resolve. 1958 ultimatum: Khrushchev demanded Western withdrawal; raised tensions but no resolution. Wall (1961): ended crisis but became propaganda disaster; symbol of Cold War; stabilised GDR.
• Must evaluate: Was Berlin the most dangerous flashpoint? How did it shape Cold War dynamics?
• Band 3 (7-9): Narrative of events without full evaluation of significance.
• Band 1 (1-3): Vague; cannot detail specific Berlin crises.', 129);
INSERT OR IGNORE INTO history_written_questions (id, category, difficulty, question_type, unit, marks, question_text, mark_scheme, sort_order) VALUES ('hist-p2-wq-129', '3. The Nuclear Arms Race and Deterrence', 'SL/HL', 'short_answer', 'P2-COLD', 15, 'To what extent did the nuclear arms race increase or decrease the risk of war during the Cold War?', '• Band 5 (13-15): Balanced evaluation of stabilising effects (MAD deterrence, avoiding direct conflict) vs. destabilising effects (arms race, near-misses, proliferation, proxy wars) with specific evidence. Stabilising: MAD prevented direct superpower war, crises were resolved without nuclear use, arms control negotiations. Destabilising: Cuban Missile Crisis near-miss, accidental launch risks, arms race costs, nuclear proliferation, proxy wars as substitute.
• Must weigh evidence and reach a clear judgement.
• Band 3 (7-9): Some relevant analysis but may be one-sided.
• Band 1 (1-3): Vague with no specific evidence.', 130);
INSERT OR IGNORE INTO history_written_questions (id, category, difficulty, question_type, unit, marks, question_text, mark_scheme, sort_order) VALUES ('hist-p2-wq-130', '4. The Cuban Missile Crisis (1962)', 'SL/HL', 'short_answer', 'P2-COLD', 15, 'Evaluate the significance of the Cuban Missile Crisis for the development of the Cold War.', '• Band 5 (13-15): Detailed evaluation of the crisis''s impact on superpower relations, nuclear policy, and Cold War dynamics with specific evidence. Immediate: hotline, LTBT, recognition of mutual vulnerability, crisis management protocols. Longer-term: contributed to detente, arms control negotiations, both sides more cautious, Khrushchev weakened. Limitations: Cold War continued, arms race accelerated (both sides built up after the scare), proxy conflicts continued.
• Must evaluate the extent to which the crisis was a genuine turning point.
• Band 3 (7-9): Some relevant analysis but limited evaluation of long-term significance.
• Band 1 (1-3): Minimal knowledge of consequences.', 131);
INSERT OR IGNORE INTO history_written_questions (id, category, difficulty, question_type, unit, marks, question_text, mark_scheme, sort_order) VALUES ('hist-p2-wq-131', '5. Detente (1969-1979)', 'SL/HL', 'short_answer', 'P2-COLD', 15, 'To what extent was detente a success in reducing Cold War tensions?', '• Band 5 (13-15): Balanced evaluation of achievements and limitations of detente with specific evidence. Successes: SALT I, improved communications, reduced nuclear risk, trade expansion, Helsinki process, China opening. Limitations: arms race continued (qualitative improvements), proxy conflicts persisted (Angola, Horn of Africa), human rights violations continued, detente''s collapse showed fragility, mistrust never fully overcome.
• Must offer clear judgement on ''to what extent''.
• Band 3 (7-9): Some relevant analysis but may not fully evaluate.
• Band 1 (1-3): Vague; cannot identify specific achievements or failures.', 132);
INSERT OR IGNORE INTO history_written_questions (id, category, difficulty, question_type, unit, marks, question_text, mark_scheme, sort_order) VALUES ('hist-p2-wq-132', '6. Cold War in Asia, Latin America, and Africa (Proxy Conflicts)', 'SL/HL', 'short_answer', 'P2-COLD', 15, 'Evaluate the impact of the Cold War on one region of the developing world.', '• Band 5 (13-15): Detailed evaluation of superpower competition''s impact on a specific region (Latin America, Southeast Asia, Africa, Middle East) with specific examples.
• For Latin America: US interventions (Guatemala, Chile, Nicaragua), Cuban Revolution, Alliance for Progress, support for dictators, economic impact.
• For Africa: proxy wars (Angola, Ethiopia), support for regimes, complication of decolonisation, economic aid with strings.
• Must evaluate both positive (aid, development) and negative (conflict, instability, authoritarianism) impacts.
• Band 3 (7-9): Some relevant examples but limited evaluation.
• Band 1 (1-3): Vague; cannot identify specific regional impacts.', 133);
INSERT OR IGNORE INTO history_written_questions (id, category, difficulty, question_type, unit, marks, question_text, mark_scheme, sort_order) VALUES ('hist-p2-wq-133', '7. The Second Cold War and Reagan (1979-1985)', 'SL/HL', 'short_answer', 'P2-COLD', 15, 'To what extent was Reagan responsible for ending the Cold War?', '• Band 5 (13-15): Balanced evaluation of Reagan''s role against other factors with specific evidence. Reagan''s contribution: military pressure forced USSR to overspend, SDI threat, rhetoric challenged Soviet legitimacy, willingness to negotiate with Gorbachev.
• Other factors: inherent Soviet economic/political weaknesses, Gorbachev''s reforms (glasnost, perestroika), Eastern European peoples'' agency, long-term structural decline of communism.
• Must weigh multiple factors and reach clear judgement.
• Band 3 (7-9): May overemphasise Reagan or neglect other factors.
• Band 1 (1-3): One-sided or factually inaccurate.', 134);
INSERT OR IGNORE INTO history_written_questions (id, category, difficulty, question_type, unit, marks, question_text, mark_scheme, sort_order) VALUES ('hist-p2-wq-134', '8. Gorbachev and the End of the Cold War (1985-1991)', 'SL/HL', 'short_answer', 'P2-COLD', 15, 'Evaluate the reasons for the end of the Cold War.', '• Band 5 (13-15): Multi-factor evaluation including Gorbachev, Reagan, structural Soviet weakness, Eastern European agency, and economic factors. Gorbachev: glasnost, perestroika, Sinatra Doctrine, willingness to negotiate, personal chemistry with Reagan/Bush. Reagan: military pressure, SDI, rhetoric, but also willingness to negotiate. Structural factors: Soviet economic stagnation, technology gap, Afghan War costs, nationalist movements. Eastern European agency: Solidarity, mass protests, civil society, 1989 revolutions.
• Must weigh multiple factors and reach a clear judgement.
• Band 3 (7-9): May focus on one factor (usually Gorbachev or Reagan).
• Band 1 (1-3): Oversimplified one-cause explanation.', 135);
INSERT OR IGNORE INTO history_written_questions (id, category, difficulty, question_type, unit, marks, question_text, mark_scheme, sort_order) VALUES ('hist-p2-wq-135', '8. Gorbachev and the End of the Cold War (1985-1991)', 'SL/HL', 'short_answer', 'P2-COLD', 15, 'To what extent were the 1989 revolutions in Eastern Europe the result of Gorbachev''s policies?', '• Band 5 (13-15): Balanced evaluation of Gorbachev''s role (glasnost, Sinatra Doctrine, non-intervention) vs. domestic factors (popular movements, economic failure, dissident networks) with specific evidence from multiple countries. Gorbachev''s role: signalled non-intervention, glasnost inspired reformers, perestroika model encouraged change. Domestic factors: Solidarity in Poland (founded 1980), Hungarian reform communists, East German mass protests, Czechoslovak Charter 77/Vaclav Havel, Romanian anti-Ceausescu uprising. Long-term factors: communist systems'' inherent weaknesses, economic stagnation, loss of ideological legitimacy.
• Must evaluate using evidence from specific 1989 revolutions.
• Band 3 (7-9): Some relevant analysis but may not evaluate multiple countries.
• Band 1 (1-3): Vague; cannot discuss specific revolutions.', 136);
INSERT OR IGNORE INTO history_written_questions (id, category, difficulty, question_type, unit, marks, question_text, mark_scheme, sort_order) VALUES ('hist-p2-wq-136', '9. Cold War Crises in Europe: Hungary, Czechoslovakia, Poland', 'SL/HL', 'short_answer', 'P2-COLD', 15, 'Compare Soviet responses to challenges to its authority in Eastern Europe during the Cold War.', '• Band 5 (13-15): Systematic comparison of at least two crises (Hungary 1956, Czechoslovakia 1968, Poland 1980-81, 1989) analysing methods, motivations, and outcomes. 1956: military invasion, execution of Nagy, restoration of hardline rule. 1968: Warsaw Pact invasion, Brezhnev Doctrine, normalisation. 1980-81: martial law (Polish army, not Soviet), Solidarity suppressed but survived. 1989: Gorbachev''s non-intervention, peaceful revolutions.
• Must analyse WHY responses differed and their significance.
• Band 3 (7-9): Some comparison but may not fully analyse differences.
• Band 1 (1-3): Cannot detail specific crises.', 137);
INSERT OR IGNORE INTO history_written_questions (id, category, difficulty, question_type, unit, marks, question_text, mark_scheme, sort_order) VALUES ('hist-p2-wq-137', '10. The Sino-Soviet Split and Cold War Alliances', 'SL/HL', 'short_answer', 'P2-COLD', 15, 'Evaluate the impact of the Sino-Soviet Split on the development of the Cold War.', '• Band 5 (13-15): Detailed evaluation of how the Split changed Cold War dynamics (alliance structures, US diplomacy, proxy conflicts, arms race) with specific evidence. Impact: shattered communist unity, enabled Nixon''s China opening, created triangular diplomacy, complicated Third World conflicts (China and USSR backed different factions), border clashes raised new tensions. Limitations: Cold War continued as bipolar contest; Split did not end superpower rivalry; detente had other causes too.
• Must evaluate the relative significance of the Split.
• Band 3 (7-9): Some relevant analysis but may not fully evaluate impact.
• Band 1 (1-3): Vague; cannot explain the Split''s consequences.', 138);
INSERT OR IGNORE INTO history_written_questions (id, category, difficulty, question_type, unit, marks, question_text, mark_scheme, sort_order) VALUES ('hist-p2-wq-138', '11. Social, Cultural, and Ideological Dimensions of the Cold War', 'SL/HL', 'short_answer', 'P2-COLD', 15, 'To what extent was the Cold War an ideological conflict rather than a geopolitical one?', '• Band 5 (13-15): Balanced evaluation considering both ideological dimensions (capitalism vs. communism, propaganda, cultural competition) and geopolitical dimensions (balance of power, spheres of influence, resource competition). Ideological: competing universalist claims, propaganda, cultural diplomacy, domestic political impact (McCarthyism), Space Race as ideological competition. Geopolitical: security concerns, power projection, proxy wars for strategic advantage, economic competition, alliance systems.
• Strong answers argue these dimensions were inseparable: ideology shaped geopolitical interests and vice versa.
• Band 3 (7-9): May overemphasise one dimension.
• Band 1 (1-3): Cannot distinguish between ideological and geopolitical factors.', 139);

-- ══ Democratic States (unit = 'P2-DEMO') ═══════════════════════════════════

-- Category colors
INSERT OR IGNORE INTO history_category_colors (category, color) VALUES ('1. Conditions for the Emergence of Democratic States', '#6BA37B');
INSERT OR IGNORE INTO history_category_colors (category, color) VALUES ('2. Case Study: The Weimar Republic (1919-1933)', '#6BA37B');
INSERT OR IGNORE INTO history_category_colors (category, color) VALUES ('3. Case Study: India''s Democratic Development', '#6BA37B');
INSERT OR IGNORE INTO history_category_colors (category, color) VALUES ('4. Case Study: USA - Expansion of Democracy', '#6BA37B');
INSERT OR IGNORE INTO history_category_colors (category, color) VALUES ('5. Case Study: Post-WWII Japan''s Democratisation', '#6BA37B');
INSERT OR IGNORE INTO history_category_colors (category, color) VALUES ('6. Case Study: South Africa''s Transition to Democracy', '#6BA37B');
INSERT OR IGNORE INTO history_category_colors (category, color) VALUES ('7. Democratic Principles: Suffrage, Representation, and Rights', '#6BA37B');
INSERT OR IGNORE INTO history_category_colors (category, color) VALUES ('8. Role of Political Parties, Elections, and Civil Society', '#6BA37B');
INSERT OR IGNORE INTO history_category_colors (category, color) VALUES ('9. Economic and Social Policies in Democratic States', '#6BA37B');
INSERT OR IGNORE INTO history_category_colors (category, color) VALUES ('10. Consolidation, Erosion, and Threats to Democracy', '#6BA37B');
INSERT OR IGNORE INTO history_category_colors (category, color) VALUES ('11. Comparative Analysis: Democratic Transitions', '#6BA37B');
INSERT OR IGNORE INTO history_category_colors (category, color) VALUES ('12. Media, Gender, and Minority Rights in Democracies', '#6BA37B');

-- Checklist sections & items
INSERT OR IGNORE INTO history_checklist_sections (id, title, color, unit, sort_order) VALUES ('hist-p2-demo-cl-1', '1. Conditions for the Emergence of Democratic States', '#6BA37B', 'P2-DEMO', 133);
INSERT INTO history_checklist_items (section_id, text, sort_order) VALUES ('hist-p2-demo-cl-1', 'I can explain at least 4 conditions favouring democratic emergence', 1);
INSERT INTO history_checklist_items (section_id, text, sort_order) VALUES ('hist-p2-demo-cl-1', 'I can discuss Lipset''s modernisation theory and its critics', 2);
INSERT INTO history_checklist_items (section_id, text, sort_order) VALUES ('hist-p2-demo-cl-1', 'I can explain how WWI and WWII created conditions for democracy', 3);
INSERT INTO history_checklist_items (section_id, text, sort_order) VALUES ('hist-p2-demo-cl-1', 'I can analyse the role of constitutions in establishing democracies', 4);
INSERT INTO history_checklist_items (section_id, text, sort_order) VALUES ('hist-p2-demo-cl-1', 'I can discuss the importance of civil society and education for democracy', 5);
INSERT INTO history_checklist_items (section_id, text, sort_order) VALUES ('hist-p2-demo-cl-1', 'I can compare conditions in at least 2 case studies (e.g., Weimar Germany, post-WWII Japan)', 6);
INSERT INTO history_checklist_items (section_id, text, sort_order) VALUES ('hist-p2-demo-cl-1', 'I can evaluate whether economic development is necessary for democracy', 7);
INSERT OR IGNORE INTO history_checklist_sections (id, title, color, unit, sort_order) VALUES ('hist-p2-demo-cl-2', '2. Case Study: The Weimar Republic (1919-1933)', '#6BA37B', 'P2-DEMO', 134);
INSERT INTO history_checklist_items (section_id, text, sort_order) VALUES ('hist-p2-demo-cl-2', 'I can explain the origins and key features of the Weimar Constitution', 1);
INSERT INTO history_checklist_items (section_id, text, sort_order) VALUES ('hist-p2-demo-cl-2', 'I can identify and analyse at least 3 weaknesses of Weimar democracy', 2);
INSERT INTO history_checklist_items (section_id, text, sort_order) VALUES ('hist-p2-demo-cl-2', 'I can explain the significance of Article 48', 3);
INSERT INTO history_checklist_items (section_id, text, sort_order) VALUES ('hist-p2-demo-cl-2', 'I can discuss the impact of hyperinflation (1923) and the Great Depression (1929)', 4);
INSERT INTO history_checklist_items (section_id, text, sort_order) VALUES ('hist-p2-demo-cl-2', 'I can explain the ''stab in the back'' myth and its political consequences', 5);
INSERT INTO history_checklist_items (section_id, text, sort_order) VALUES ('hist-p2-demo-cl-2', 'I can trace Hitler''s legal path to power (1930-33)', 6);
INSERT INTO history_checklist_items (section_id, text, sort_order) VALUES ('hist-p2-demo-cl-2', 'I can evaluate the relative importance of economic vs. political factors in Weimar''s collapse', 7);
INSERT INTO history_checklist_items (section_id, text, sort_order) VALUES ('hist-p2-demo-cl-2', 'I can explain the significance of the Dawes Plan and the ''Golden Age''', 8);
INSERT INTO history_checklist_items (section_id, text, sort_order) VALUES ('hist-p2-demo-cl-2', 'I can discuss the role of proportional representation in political instability', 9);
INSERT OR IGNORE INTO history_checklist_sections (id, title, color, unit, sort_order) VALUES ('hist-p2-demo-cl-3', '3. Case Study: India''s Democratic Development', '#6BA37B', 'P2-DEMO', 135);
INSERT INTO history_checklist_items (section_id, text, sort_order) VALUES ('hist-p2-demo-cl-3', 'I can explain the key features of India''s 1950 Constitution', 1);
INSERT INTO history_checklist_items (section_id, text, sort_order) VALUES ('hist-p2-demo-cl-3', 'I can discuss Nehru''s role in establishing democratic norms', 2);
INSERT INTO history_checklist_items (section_id, text, sort_order) VALUES ('hist-p2-demo-cl-3', 'I can identify at least 4 challenges to Indian democracy', 3);
INSERT INTO history_checklist_items (section_id, text, sort_order) VALUES ('hist-p2-demo-cl-3', 'I can explain the Emergency (1975-77) and its significance', 4);
INSERT INTO history_checklist_items (section_id, text, sort_order) VALUES ('hist-p2-demo-cl-3', 'I can evaluate whether India''s democracy has been successful', 5);
INSERT INTO history_checklist_items (section_id, text, sort_order) VALUES ('hist-p2-demo-cl-3', 'I can discuss the role of universal suffrage in the world''s largest democracy', 6);
INSERT INTO history_checklist_items (section_id, text, sort_order) VALUES ('hist-p2-demo-cl-3', 'I can analyse tensions between secularism and communalism in India', 7);
INSERT INTO history_checklist_items (section_id, text, sort_order) VALUES ('hist-p2-demo-cl-3', 'I can compare Indian democracy with another democratic state', 8);
INSERT OR IGNORE INTO history_checklist_sections (id, title, color, unit, sort_order) VALUES ('hist-p2-demo-cl-4', '4. Case Study: USA - Expansion of Democracy', '#6BA37B', 'P2-DEMO', 136);
INSERT INTO history_checklist_items (section_id, text, sort_order) VALUES ('hist-p2-demo-cl-4', 'I can explain the key democratic features of the US Constitution', 1);
INSERT INTO history_checklist_items (section_id, text, sort_order) VALUES ('hist-p2-demo-cl-4', 'I can trace the expansion of suffrage through constitutional amendments', 2);
INSERT INTO history_checklist_items (section_id, text, sort_order) VALUES ('hist-p2-demo-cl-4', 'I can discuss the Civil Rights Movement and its impact on democracy', 3);
INSERT INTO history_checklist_items (section_id, text, sort_order) VALUES ('hist-p2-demo-cl-4', 'I can explain the New Deal and its democratic significance', 4);
INSERT INTO history_checklist_items (section_id, text, sort_order) VALUES ('hist-p2-demo-cl-4', 'I can analyse McCarthyism as a threat to democratic freedoms', 5);
INSERT INTO history_checklist_items (section_id, text, sort_order) VALUES ('hist-p2-demo-cl-4', 'I can evaluate the tension between security and liberty in US democracy', 6);
INSERT INTO history_checklist_items (section_id, text, sort_order) VALUES ('hist-p2-demo-cl-4', 'I can compare US democratic development with another case study', 7);
INSERT OR IGNORE INTO history_checklist_sections (id, title, color, unit, sort_order) VALUES ('hist-p2-demo-cl-5', '5. Case Study: Post-WWII Japan''s Democratisation', '#6BA37B', 'P2-DEMO', 137);
INSERT INTO history_checklist_items (section_id, text, sort_order) VALUES ('hist-p2-demo-cl-5', 'I can explain the key features of the 1947 Japanese Constitution', 1);
INSERT INTO history_checklist_items (section_id, text, sort_order) VALUES ('hist-p2-demo-cl-5', 'I can discuss the role of US occupation in Japan''s democratisation', 2);
INSERT INTO history_checklist_items (section_id, text, sort_order) VALUES ('hist-p2-demo-cl-5', 'I can analyse the significance of Article 9', 3);
INSERT INTO history_checklist_items (section_id, text, sort_order) VALUES ('hist-p2-demo-cl-5', 'I can explain how land reform supported democratic development', 4);
INSERT INTO history_checklist_items (section_id, text, sort_order) VALUES ('hist-p2-demo-cl-5', 'I can evaluate whether Japan achieved genuine democracy or just the appearance of it', 5);
INSERT INTO history_checklist_items (section_id, text, sort_order) VALUES ('hist-p2-demo-cl-5', 'I can discuss the ''1955 System'' and one-party dominance within democracy', 6);
INSERT OR IGNORE INTO history_checklist_sections (id, title, color, unit, sort_order) VALUES ('hist-p2-demo-cl-6', '6. Case Study: South Africa''s Transition to Democracy', '#6BA37B', 'P2-DEMO', 138);
INSERT INTO history_checklist_items (section_id, text, sort_order) VALUES ('hist-p2-demo-cl-6', 'I can explain the apartheid system and its key policies', 1);
INSERT INTO history_checklist_items (section_id, text, sort_order) VALUES ('hist-p2-demo-cl-6', 'I can discuss the factors that led to apartheid''s end', 2);
INSERT INTO history_checklist_items (section_id, text, sort_order) VALUES ('hist-p2-demo-cl-6', 'I can analyse Mandela''s role in the democratic transition', 3);
INSERT INTO history_checklist_items (section_id, text, sort_order) VALUES ('hist-p2-demo-cl-6', 'I can explain the significance of the TRC', 4);
INSERT INTO history_checklist_items (section_id, text, sort_order) VALUES ('hist-p2-demo-cl-6', 'I can evaluate the successes and challenges of South African democracy since 1994', 5);
INSERT INTO history_checklist_items (section_id, text, sort_order) VALUES ('hist-p2-demo-cl-6', 'I can compare South Africa''s transition with another case study', 6);
INSERT OR IGNORE INTO history_checklist_sections (id, title, color, unit, sort_order) VALUES ('hist-p2-demo-cl-7', '7. Democratic Principles: Suffrage, Representation, and Rights', '#6BA37B', 'P2-DEMO', 139);
INSERT INTO history_checklist_items (section_id, text, sort_order) VALUES ('hist-p2-demo-cl-7', 'I can define and explain at least 5 key democratic principles', 1);
INSERT INTO history_checklist_items (section_id, text, sort_order) VALUES ('hist-p2-demo-cl-7', 'I can trace the expansion of suffrage globally with specific dates and examples', 2);
INSERT INTO history_checklist_items (section_id, text, sort_order) VALUES ('hist-p2-demo-cl-7', 'I can distinguish between direct and representative democracy', 3);
INSERT INTO history_checklist_items (section_id, text, sort_order) VALUES ('hist-p2-demo-cl-7', 'I can explain the role of the judiciary in protecting democracy', 4);
INSERT INTO history_checklist_items (section_id, text, sort_order) VALUES ('hist-p2-demo-cl-7', 'I can identify and analyse at least 3 threats to democratic systems', 5);
INSERT INTO history_checklist_items (section_id, text, sort_order) VALUES ('hist-p2-demo-cl-7', 'I can compare democratic practices across different states', 6);
INSERT INTO history_checklist_items (section_id, text, sort_order) VALUES ('hist-p2-demo-cl-7', 'I can evaluate whether formal democratic institutions guarantee genuine democracy', 7);
INSERT OR IGNORE INTO history_checklist_sections (id, title, color, unit, sort_order) VALUES ('hist-p2-demo-cl-8', '8. Role of Political Parties, Elections, and Civil Society', '#6BA37B', 'P2-DEMO', 140);
INSERT INTO history_checklist_items (section_id, text, sort_order) VALUES ('hist-p2-demo-cl-8', 'I can explain the functions of political parties in a democracy', 1);
INSERT INTO history_checklist_items (section_id, text, sort_order) VALUES ('hist-p2-demo-cl-8', 'I can compare two-party and multi-party systems with examples', 2);
INSERT INTO history_checklist_items (section_id, text, sort_order) VALUES ('hist-p2-demo-cl-8', 'I can define civil society and explain its democratic functions', 3);
INSERT INTO history_checklist_items (section_id, text, sort_order) VALUES ('hist-p2-demo-cl-8', 'I can compare FPTP and PR electoral systems', 4);
INSERT INTO history_checklist_items (section_id, text, sort_order) VALUES ('hist-p2-demo-cl-8', 'I can evaluate the impact of electoral systems on democratic outcomes', 5);
INSERT INTO history_checklist_items (section_id, text, sort_order) VALUES ('hist-p2-demo-cl-8', 'I can discuss the role of opposition parties in democratic accountability', 6);
INSERT OR IGNORE INTO history_checklist_sections (id, title, color, unit, sort_order) VALUES ('hist-p2-demo-cl-9', '9. Economic and Social Policies in Democratic States', '#6BA37B', 'P2-DEMO', 141);
INSERT INTO history_checklist_items (section_id, text, sort_order) VALUES ('hist-p2-demo-cl-9', 'I can explain the development of the welfare state with specific examples', 1);
INSERT INTO history_checklist_items (section_id, text, sort_order) VALUES ('hist-p2-demo-cl-9', 'I can discuss the Great Society and its impact on American democracy', 2);
INSERT INTO history_checklist_items (section_id, text, sort_order) VALUES ('hist-p2-demo-cl-9', 'I can analyse how democracies have addressed economic inequality', 3);
INSERT INTO history_checklist_items (section_id, text, sort_order) VALUES ('hist-p2-demo-cl-9', 'I can evaluate tensions between free-market capitalism and democratic principles', 4);
INSERT INTO history_checklist_items (section_id, text, sort_order) VALUES ('hist-p2-demo-cl-9', 'I can compare economic/social policies in at least 2 democratic states', 5);
INSERT INTO history_checklist_items (section_id, text, sort_order) VALUES ('hist-p2-demo-cl-9', 'I can discuss the role of education and healthcare in sustaining democracy', 6);
INSERT OR IGNORE INTO history_checklist_sections (id, title, color, unit, sort_order) VALUES ('hist-p2-demo-cl-10', '10. Consolidation, Erosion, and Threats to Democracy', '#6BA37B', 'P2-DEMO', 142);
INSERT INTO history_checklist_items (section_id, text, sort_order) VALUES ('hist-p2-demo-cl-10', 'I can define and explain democratic consolidation', 1);
INSERT INTO history_checklist_items (section_id, text, sort_order) VALUES ('hist-p2-demo-cl-10', 'I can identify at least 4 factors that can erode democracy', 2);
INSERT INTO history_checklist_items (section_id, text, sort_order) VALUES ('hist-p2-demo-cl-10', 'I can explain Huntington''s ''third wave'' of democratisation', 3);
INSERT INTO history_checklist_items (section_id, text, sort_order) VALUES ('hist-p2-demo-cl-10', 'I can discuss the impact of the Cold War''s end on global democracy', 4);
INSERT INTO history_checklist_items (section_id, text, sort_order) VALUES ('hist-p2-demo-cl-10', 'I can evaluate whether democracy is currently in crisis or consolidating', 5);
INSERT INTO history_checklist_items (section_id, text, sort_order) VALUES ('hist-p2-demo-cl-10', 'I can compare democratic consolidation across different regions', 6);
INSERT OR IGNORE INTO history_checklist_sections (id, title, color, unit, sort_order) VALUES ('hist-p2-demo-cl-11', '11. Comparative Analysis: Democratic Transitions', '#6BA37B', 'P2-DEMO', 143);
INSERT INTO history_checklist_items (section_id, text, sort_order) VALUES ('hist-p2-demo-cl-11', 'I can identify and compare different types of democratic transitions', 1);
INSERT INTO history_checklist_items (section_id, text, sort_order) VALUES ('hist-p2-demo-cl-11', 'I can compare at least 2 transitions from different regions', 2);
INSERT INTO history_checklist_items (section_id, text, sort_order) VALUES ('hist-p2-demo-cl-11', 'I can evaluate the role of leadership vs. structural factors in transitions', 3);
INSERT INTO history_checklist_items (section_id, text, sort_order) VALUES ('hist-p2-demo-cl-11', 'I can discuss whether imposed democracy can be as durable as organic democracy', 4);
INSERT INTO history_checklist_items (section_id, text, sort_order) VALUES ('hist-p2-demo-cl-11', 'I can analyse the factors that make democratic transitions succeed or fail', 5);
INSERT OR IGNORE INTO history_checklist_sections (id, title, color, unit, sort_order) VALUES ('hist-p2-demo-cl-12', '12. Media, Gender, and Minority Rights in Democracies', '#6BA37B', 'P2-DEMO', 144);
INSERT INTO history_checklist_items (section_id, text, sort_order) VALUES ('hist-p2-demo-cl-12', 'I can explain why a free press is essential for democracy', 1);
INSERT INTO history_checklist_items (section_id, text, sort_order) VALUES ('hist-p2-demo-cl-12', 'I can trace the expansion of gender equality in at least 2 democracies', 2);
INSERT INTO history_checklist_items (section_id, text, sort_order) VALUES ('hist-p2-demo-cl-12', 'I can discuss how democracies have addressed minority rights', 3);
INSERT INTO history_checklist_items (section_id, text, sort_order) VALUES ('hist-p2-demo-cl-12', 'I can analyse the tension between majority rule and minority rights', 4);
INSERT INTO history_checklist_items (section_id, text, sort_order) VALUES ('hist-p2-demo-cl-12', 'I can evaluate how effectively democracies have protected civil liberties', 5);
INSERT INTO history_checklist_items (section_id, text, sort_order) VALUES ('hist-p2-demo-cl-12', 'I can compare approaches to media freedom across different democratic states', 6);

-- Flashcard topics & cards
INSERT OR IGNORE INTO history_flashcard_topics (id, label, color, unit, sort_order) VALUES ('hist-p2-demo-fc-1', '1. Conditions for the Emergence of Democratic States', '#6BA37B', 'P2-DEMO', 1);
INSERT INTO history_flashcards (topic_id, term, definition, sort_order) VALUES ('hist-p2-demo-fc-1', 'What conditions favour the emergence of democracy?', 'Economic development and a strong middle class, literacy and education, a tradition of rule of law, experience with civil society organisations, weakened authoritarian regimes, and external pressure or support for democratisation.', 1);
INSERT INTO history_flashcards (topic_id, term, definition, sort_order) VALUES ('hist-p2-demo-fc-1', 'What is Lipset''s modernisation theory?', 'Seymour Martin Lipset argued that economic development (urbanisation, industrialisation, education) creates conditions favourable for democracy by expanding the middle class and promoting political participation.', 2);
INSERT INTO history_flashcards (topic_id, term, definition, sort_order) VALUES ('hist-p2-demo-fc-1', 'How did WWI contribute to democratisation?', 'The collapse of empires (Ottoman, Austro-Hungarian, Russian, German) created new states, many initially adopting democratic constitutions. Wilson''s Fourteen Points promoted self-determination and democratic governance.', 3);
INSERT INTO history_flashcards (topic_id, term, definition, sort_order) VALUES ('hist-p2-demo-fc-1', 'How did WWII affect democratisation?', 'The defeat of fascist regimes led to democratisation in Germany, Italy, and Japan under Allied occupation. The war discredited authoritarian ideologies and strengthened democratic norms internationally.', 4);
INSERT INTO history_flashcards (topic_id, term, definition, sort_order) VALUES ('hist-p2-demo-fc-1', 'What role do constitutions play in democratic emergence?', 'Constitutions establish the framework for democratic governance: separation of powers, protection of rights, rule of law, electoral processes, and limits on executive authority. The Weimar Constitution (1919) and India''s Constitution (1950) are key examples.', 5);
INSERT OR IGNORE INTO history_flashcard_topics (id, label, color, unit, sort_order) VALUES ('hist-p2-demo-fc-2', '2. Case Study: The Weimar Republic (1919-1933)', '#6BA37B', 'P2-DEMO', 2);
INSERT INTO history_flashcards (topic_id, term, definition, sort_order) VALUES ('hist-p2-demo-fc-2', 'Why was the Weimar Republic established?', 'After Germany''s defeat in WWI and the abdication of Kaiser Wilhelm II in November 1918, a republic was proclaimed. The Weimar Constitution (August 1919) created a democratic parliamentary system with proportional representation.', 1);
INSERT INTO history_flashcards (topic_id, term, definition, sort_order) VALUES ('hist-p2-demo-fc-2', 'What were the weaknesses of the Weimar Constitution?', 'Article 48 (emergency powers for the President), proportional representation (leading to coalition instability), the ''stab in the back'' myth undermining legitimacy, and lack of democratic tradition in Germany.', 2);
INSERT INTO history_flashcards (topic_id, term, definition, sort_order) VALUES ('hist-p2-demo-fc-2', 'What was the ''stab in the back'' myth?', 'The false belief promoted by right-wing nationalists that Germany''s WWI defeat was caused by treasonous civilians (Jews, socialists, democrats) rather than military failure. It delegitimised the Weimar government as ''November criminals''.', 3);
INSERT INTO history_flashcards (topic_id, term, definition, sort_order) VALUES ('hist-p2-demo-fc-2', 'How did economic crises threaten Weimar democracy?', 'Hyperinflation (1923) destroyed middle-class savings; the brief Golden Age (1924-29) brought stability via US loans; the Great Depression (1929) caused mass unemployment (6 million by 1932) and radicalised politics.', 4);
INSERT INTO history_flashcards (topic_id, term, definition, sort_order) VALUES ('hist-p2-demo-fc-2', 'What was the Dawes Plan (1924)?', 'An American-brokered plan that restructured Germany''s reparations payments, provided US loans, and stabilised the German economy, ushering in the ''Golden Age'' of Weimar (1924-29).', 5);
INSERT INTO history_flashcards (topic_id, term, definition, sort_order) VALUES ('hist-p2-demo-fc-2', 'How did Hitler come to power legally?', 'Through electoral gains (NSDAP became largest party by July 1932), backroom political deals (Papen and Hindenburg appointed Hitler Chancellor on 30 Jan 1933), and subsequent use of the Reichstag Fire and Enabling Act to dismantle democracy.', 6);
INSERT INTO history_flashcards (topic_id, term, definition, sort_order) VALUES ('hist-p2-demo-fc-2', 'What was the Enabling Act (March 1933)?', 'Passed after the Reichstag Fire, it gave Hitler power to enact laws without Reichstag approval for four years, effectively ending Weimar democracy and establishing Nazi dictatorship.', 7);
INSERT OR IGNORE INTO history_flashcard_topics (id, label, color, unit, sort_order) VALUES ('hist-p2-demo-fc-3', '3. Case Study: India''s Democratic Development', '#6BA37B', 'P2-DEMO', 3);
INSERT INTO history_flashcards (topic_id, term, definition, sort_order) VALUES ('hist-p2-demo-fc-3', 'What were the key features of India''s 1950 Constitution?', 'Federal structure with strong centre, parliamentary democracy, universal adult suffrage, fundamental rights, directive principles of state policy, independent judiciary, and secular state. It was the world''s longest written constitution.', 1);
INSERT INTO history_flashcards (topic_id, term, definition, sort_order) VALUES ('hist-p2-demo-fc-3', 'How did Nehru shape Indian democracy (1947-64)?', 'Nehru established democratic norms, promoted secularism, built institutions (Planning Commission, IITs), pursued non-alignment, implemented Five-Year Plans for economic development, and maintained parliamentary governance despite pressures.', 2);
INSERT INTO history_flashcards (topic_id, term, definition, sort_order) VALUES ('hist-p2-demo-fc-3', 'What challenges did Indian democracy face?', 'Communal violence (Hindu-Muslim tensions), linguistic diversity (States Reorganisation Act 1956), caste discrimination, poverty, regional separatism, and balancing centralisation with federalism.', 3);
INSERT INTO history_flashcards (topic_id, term, definition, sort_order) VALUES ('hist-p2-demo-fc-3', 'What was the Emergency (1975-77)?', 'Prime Minister Indira Gandhi declared a state of emergency, suspending civil liberties, censoring the press, imprisoning political opponents, and ruling by decree. It was the most serious threat to Indian democracy and ended with her electoral defeat in 1977.', 4);
INSERT INTO history_flashcards (topic_id, term, definition, sort_order) VALUES ('hist-p2-demo-fc-3', 'How did India''s democracy survive the Emergency?', 'Free elections were held in 1977 despite authoritarian rule; voters rejected Indira Gandhi decisively; the judiciary maintained some independence; press resistance and civil society mobilised; democratic norms proved resilient.', 5);
INSERT OR IGNORE INTO history_flashcard_topics (id, label, color, unit, sort_order) VALUES ('hist-p2-demo-fc-4', '4. Case Study: USA - Expansion of Democracy', '#6BA37B', 'P2-DEMO', 4);
INSERT INTO history_flashcards (topic_id, term, definition, sort_order) VALUES ('hist-p2-demo-fc-4', 'How did the US Constitution establish democracy?', 'The 1787 Constitution created a federal republic with separation of powers (executive, legislative, judicial), checks and balances, Bill of Rights (1791), and limited government. However, suffrage was initially restricted to white male property owners.', 1);
INSERT INTO history_flashcards (topic_id, term, definition, sort_order) VALUES ('hist-p2-demo-fc-4', 'How was suffrage expanded in the USA?', '15th Amendment (1870) - race; 19th Amendment (1920) - women; 24th Amendment (1964) - abolished poll taxes; Voting Rights Act (1965) - enforcement of Black voting rights; 26th Amendment (1971) - lowered voting age to 18.', 2);
INSERT INTO history_flashcards (topic_id, term, definition, sort_order) VALUES ('hist-p2-demo-fc-4', 'What was the Civil Rights Movement?', 'A mass movement (1950s-60s) led by figures like Martin Luther King Jr., Rosa Parks, and others that used non-violent protest to end racial segregation and secure voting rights for African Americans, culminating in the Civil Rights Act (1964) and Voting Rights Act (1965).', 3);
INSERT INTO history_flashcards (topic_id, term, definition, sort_order) VALUES ('hist-p2-demo-fc-4', 'What was the New Deal?', 'FDR''s program (1933-39) of government intervention to combat the Great Depression through relief, recovery, and reform. It expanded federal power, created the welfare state, and reshaped American democracy by bringing government closer to citizens'' economic lives.', 4);
INSERT INTO history_flashcards (topic_id, term, definition, sort_order) VALUES ('hist-p2-demo-fc-4', 'What was McCarthyism?', 'Senator Joseph McCarthy''s anti-communist campaign (1950-54) that led to widespread persecution of suspected communists, blacklisting, and violations of civil liberties. It represented a significant threat to democratic freedoms during the Cold War.', 5);
INSERT OR IGNORE INTO history_flashcard_topics (id, label, color, unit, sort_order) VALUES ('hist-p2-demo-fc-5', '5. Case Study: Post-WWII Japan''s Democratisation', '#6BA37B', 'P2-DEMO', 5);
INSERT INTO history_flashcards (topic_id, term, definition, sort_order) VALUES ('hist-p2-demo-fc-5', 'How was Japan democratised after WWII?', 'Under US occupation led by General MacArthur (1945-52), Japan adopted a new constitution (1947) that established parliamentary democracy, renounced war (Article 9), guaranteed civil liberties, instituted land reform, broke up zaibatsu, and reduced the Emperor to a symbolic role.', 1);
INSERT INTO history_flashcards (topic_id, term, definition, sort_order) VALUES ('hist-p2-demo-fc-5', 'What was Article 9 of the Japanese Constitution?', 'The ''peace clause'' by which Japan renounced war as a sovereign right and pledged not to maintain military forces. It was a unique democratic experiment, though later reinterpreted to allow Self-Defense Forces.', 2);
INSERT INTO history_flashcards (topic_id, term, definition, sort_order) VALUES ('hist-p2-demo-fc-5', 'How did land reform support democracy?', 'MacArthur''s land reform (1946-50) redistributed land from absentee landlords to tenant farmers, creating a rural middle class with a stake in the democratic system and reducing the power of the old elite.', 3);
INSERT INTO history_flashcards (topic_id, term, definition, sort_order) VALUES ('hist-p2-demo-fc-5', 'What was the ''1955 System''?', 'The dominance of the Liberal Democratic Party (LDP) from 1955 onwards, creating essentially one-party rule within a democratic framework. The LDP governed Japan almost continuously until the 1990s.', 4);
INSERT OR IGNORE INTO history_flashcard_topics (id, label, color, unit, sort_order) VALUES ('hist-p2-demo-fc-6', '6. Case Study: South Africa''s Transition to Democracy', '#6BA37B', 'P2-DEMO', 6);
INSERT INTO history_flashcards (topic_id, term, definition, sort_order) VALUES ('hist-p2-demo-fc-6', 'What was apartheid?', 'A system of institutionalised racial segregation in South Africa (1948-1994) enforced by the National Party. It classified people by race, restricted non-white rights, created bantustans, and maintained white minority rule.', 1);
INSERT INTO history_flashcards (topic_id, term, definition, sort_order) VALUES ('hist-p2-demo-fc-6', 'How did apartheid end?', 'Through a combination of internal resistance (ANC, UDF, township uprisings), international sanctions, economic pressure, the end of the Cold War (removing communist threat justification), and negotiations led by de Klerk and Mandela from 1990.', 2);
INSERT INTO history_flashcards (topic_id, term, definition, sort_order) VALUES ('hist-p2-demo-fc-6', 'What was the role of Nelson Mandela?', 'ANC leader imprisoned 1964-1990, Mandela became the symbol of anti-apartheid resistance. After release, he negotiated the transition to democracy, won the 1994 election (first fully democratic), and promoted reconciliation over retribution.', 3);
INSERT INTO history_flashcards (topic_id, term, definition, sort_order) VALUES ('hist-p2-demo-fc-6', 'What challenges did post-apartheid South Africa face?', 'Massive economic inequality, high unemployment, HIV/AIDS crisis, crime, corruption, land reform debates, service delivery failures, and maintaining racial reconciliation while addressing historical injustice.', 4);
INSERT OR IGNORE INTO history_flashcard_topics (id, label, color, unit, sort_order) VALUES ('hist-p2-demo-fc-7', '7. Democratic Principles: Suffrage, Representation, and Rights', '#6BA37B', 'P2-DEMO', 7);
INSERT INTO history_flashcards (topic_id, term, definition, sort_order) VALUES ('hist-p2-demo-fc-7', 'What are the key principles of liberal democracy?', 'Free and fair elections, universal suffrage, rule of law, protection of individual rights and civil liberties, separation of powers, independent judiciary, free press, multi-party system, and accountability of government to citizens.', 1);
INSERT INTO history_flashcards (topic_id, term, definition, sort_order) VALUES ('hist-p2-demo-fc-7', 'How has suffrage expanded globally in the 20th century?', 'From restricted (property-owning males) to universal: women''s suffrage (NZ 1893, UK 1928, France 1944, Switzerland 1971); racial inclusion (US Voting Rights Act 1965, SA 1994); age lowered (18 in most democracies by 1970s).', 2);
INSERT INTO history_flashcards (topic_id, term, definition, sort_order) VALUES ('hist-p2-demo-fc-7', 'What is the difference between direct and representative democracy?', 'Direct democracy: citizens vote directly on laws (referendums, Swiss cantons). Representative democracy: citizens elect representatives to make decisions (most modern democracies). Most states use a combination.', 3);
INSERT INTO history_flashcards (topic_id, term, definition, sort_order) VALUES ('hist-p2-demo-fc-7', 'What role does the judiciary play in democracy?', 'An independent judiciary protects constitutional rights, checks executive/legislative power, resolves disputes, ensures rule of law, and can strike down unconstitutional laws (judicial review). Examples: US Supreme Court, Indian Supreme Court.', 4);
INSERT INTO history_flashcards (topic_id, term, definition, sort_order) VALUES ('hist-p2-demo-fc-7', 'What are threats to democracy?', 'Populism, erosion of press freedom, corruption, voter suppression, gerrymandering, economic inequality limiting political participation, concentration of media ownership, and the rise of authoritarian tendencies within democratic systems.', 5);
INSERT OR IGNORE INTO history_flashcard_topics (id, label, color, unit, sort_order) VALUES ('hist-p2-demo-fc-8', '8. Role of Political Parties, Elections, and Civil Society', '#6BA37B', 'P2-DEMO', 8);
INSERT INTO history_flashcards (topic_id, term, definition, sort_order) VALUES ('hist-p2-demo-fc-8', 'What role do political parties play in democracy?', 'Parties aggregate interests, present policy platforms, mobilise voters, recruit leaders, form governments, provide opposition/accountability, and give citizens structured political choices. Multi-party systems are considered essential for healthy democracy.', 1);
INSERT INTO history_flashcards (topic_id, term, definition, sort_order) VALUES ('hist-p2-demo-fc-8', 'What is the difference between a two-party and multi-party system?', 'Two-party (US, UK): two dominant parties compete; tends to produce stable majority governments but limits voter choice. Multi-party (India, Germany): many parties compete; often requires coalition governments but offers broader representation.', 2);
INSERT INTO history_flashcards (topic_id, term, definition, sort_order) VALUES ('hist-p2-demo-fc-8', 'What is civil society and why is it important for democracy?', 'Civil society consists of voluntary associations, NGOs, trade unions, religious organisations, and community groups that operate independently of government. They hold government accountable, promote participation, and protect citizens'' interests.', 3);
INSERT INTO history_flashcards (topic_id, term, definition, sort_order) VALUES ('hist-p2-demo-fc-8', 'How do electoral systems affect democracy?', 'First-past-the-post (FPTP): simple, produces strong governments but underrepresents minorities. Proportional representation (PR): more representative but can cause coalition instability. Mixed systems attempt to combine benefits of both.', 4);
INSERT OR IGNORE INTO history_flashcard_topics (id, label, color, unit, sort_order) VALUES ('hist-p2-demo-fc-9', '9. Economic and Social Policies in Democratic States', '#6BA37B', 'P2-DEMO', 9);
INSERT INTO history_flashcards (topic_id, term, definition, sort_order) VALUES ('hist-p2-demo-fc-9', 'How did the welfare state develop in democracies?', 'Post-WWII, many democracies established welfare states providing healthcare, education, pensions, unemployment benefits, and housing. Key examples: UK (Beveridge Report, NHS 1948), USA (New Deal, Great Society), Scandinavian social democracy.', 1);
INSERT INTO history_flashcards (topic_id, term, definition, sort_order) VALUES ('hist-p2-demo-fc-9', 'What was the Great Society program?', 'President Lyndon Johnson''s domestic agenda (1964-68) that expanded welfare, created Medicare and Medicaid, passed civil rights legislation, and launched the ''War on Poverty''. It represented a major expansion of government''s role in addressing social inequality.', 2);
INSERT INTO history_flashcards (topic_id, term, definition, sort_order) VALUES ('hist-p2-demo-fc-9', 'How have democracies addressed inequality?', 'Through progressive taxation, welfare programs, education expansion, affirmative action, minimum wage laws, healthcare provision, and civil rights legislation. Success has varied significantly between states.', 3);
INSERT INTO history_flashcards (topic_id, term, definition, sort_order) VALUES ('hist-p2-demo-fc-9', 'What tensions exist between capitalism and democracy?', 'Economic inequality can undermine political equality (wealth buys influence); market failures may require government intervention; citizens may demand redistribution through democratic processes; corporate power may override democratic will.', 4);
INSERT OR IGNORE INTO history_flashcard_topics (id, label, color, unit, sort_order) VALUES ('hist-p2-demo-fc-10', '10. Consolidation, Erosion, and Threats to Democracy', '#6BA37B', 'P2-DEMO', 10);
INSERT INTO history_flashcards (topic_id, term, definition, sort_order) VALUES ('hist-p2-demo-fc-10', 'What is democratic consolidation?', 'The process by which a democracy becomes stable and self-sustaining, where democratic norms are widely accepted, institutions are strong, no significant groups seek to overthrow the system, and democracy becomes ''the only game in town'' (Linz and Stepan).', 1);
INSERT INTO history_flashcards (topic_id, term, definition, sort_order) VALUES ('hist-p2-demo-fc-10', 'What factors can lead to democratic erosion?', 'Economic crises, populist leaders undermining institutions, corruption, weakening of press freedom, politicisation of the judiciary, ethnic/religious polarisation, external threats, and gradual dismantling of checks and balances.', 2);
INSERT INTO history_flashcards (topic_id, term, definition, sort_order) VALUES ('hist-p2-demo-fc-10', 'What is the ''third wave'' of democratisation?', 'Samuel Huntington''s concept describing the wave of transitions to democracy beginning in the mid-1970s (Portugal 1974), spreading through Southern Europe, Latin America, East Asia, and Eastern Europe after the Cold War.', 3);
INSERT INTO history_flashcards (topic_id, term, definition, sort_order) VALUES ('hist-p2-demo-fc-10', 'How did the end of the Cold War affect democracy?', 'The collapse of communism (1989-91) led to democratic transitions across Eastern Europe and the former Soviet Union. Francis Fukuyama argued it represented the ''end of history'' with liberal democracy triumphant, though this proved premature.', 4);
INSERT OR IGNORE INTO history_flashcard_topics (id, label, color, unit, sort_order) VALUES ('hist-p2-demo-fc-11', '11. Comparative Analysis: Democratic Transitions', '#6BA37B', 'P2-DEMO', 11);
INSERT INTO history_flashcards (topic_id, term, definition, sort_order) VALUES ('hist-p2-demo-fc-11', 'What types of democratic transition exist?', 'Revolution from below (people overthrow regime), negotiated transition (elites and opposition agree on reforms, e.g., South Africa), reform from above (existing leaders initiate change, e.g., Gorbachev), and imposed democracy (foreign occupation, e.g., post-WWII Japan/Germany).', 1);
INSERT INTO history_flashcards (topic_id, term, definition, sort_order) VALUES ('hist-p2-demo-fc-11', 'How do transitions from authoritarian to democratic rule differ?', 'Key variables: whether the transition is violent or peaceful, negotiated or imposed, gradual or sudden, and whether the old regime''s elites retain power. These differences affect the quality and durability of the resulting democracy.', 2);
INSERT INTO history_flashcards (topic_id, term, definition, sort_order) VALUES ('hist-p2-demo-fc-11', 'What is the role of leadership in democratic transitions?', 'Visionary leaders can negotiate transitions (Mandela, de Klerk), build democratic institutions (Nehru), resist authoritarian temptations (Washington), or undermine democracy from within (Weimar politicians). Leadership quality is often cited as crucial.', 3);
INSERT OR IGNORE INTO history_flashcard_topics (id, label, color, unit, sort_order) VALUES ('hist-p2-demo-fc-12', '12. Media, Gender, and Minority Rights in Democracies', '#6BA37B', 'P2-DEMO', 12);
INSERT INTO history_flashcards (topic_id, term, definition, sort_order) VALUES ('hist-p2-demo-fc-12', 'Why is a free press essential for democracy?', 'A free press informs citizens, holds government accountable (watchdog function), provides a forum for debate, exposes corruption, and enables informed political participation. Restrictions on press freedom are a key indicator of democratic erosion.', 1);
INSERT INTO history_flashcards (topic_id, term, definition, sort_order) VALUES ('hist-p2-demo-fc-12', 'How have democracies addressed gender equality?', 'Through women''s suffrage (progressive expansion across 20th century), equal pay legislation, anti-discrimination laws, maternity protections, quotas for political representation, and addressing gender-based violence. Progress has been uneven across democracies.', 2);
INSERT INTO history_flashcards (topic_id, term, definition, sort_order) VALUES ('hist-p2-demo-fc-12', 'How have democracies addressed minority rights?', 'Through constitutional protections, anti-discrimination legislation (e.g., US Civil Rights Act 1964), affirmative action, multicultural policies, indigenous rights recognition, and international human rights frameworks. Tensions between majority rule and minority rights remain a core democratic challenge.', 3);
INSERT INTO history_flashcards (topic_id, term, definition, sort_order) VALUES ('hist-p2-demo-fc-12', 'What is the tension between majority rule and minority rights?', 'Democracy requires majority decision-making, but unchecked majority power can oppress minorities (tyranny of the majority). Constitutional protections, independent courts, and human rights norms aim to balance majority rule with minority rights.', 4);

-- MCQ questions
INSERT OR IGNORE INTO history_mcq_questions (id, category, difficulty, unit, question_text, option_a, option_b, option_c, option_d, correct_option, explanation, sort_order) VALUES ('hist-p2-mcq-324', '1. Conditions for the Emergence of Democratic States', 'SL/HL', 'P2-DEMO', 'Lipset''s modernisation theory argues that democracy is most likely when:', 'A strong military exists', 'Economic development creates a middle class', 'A single dominant party controls politics', 'Foreign powers impose democratic institutions', 1, 'See mark scheme for detailed explanation.', 325);
INSERT OR IGNORE INTO history_mcq_questions (id, category, difficulty, unit, question_text, option_a, option_b, option_c, option_d, correct_option, explanation, sort_order) VALUES ('hist-p2-mcq-325', '1. Conditions for the Emergence of Democratic States', 'SL/HL', 'P2-DEMO', 'Wilson''s Fourteen Points (1918) promoted:', 'Colonial expansion', 'Communist revolution', 'National self-determination and democracy', 'Military alliances', 2, 'See mark scheme for detailed explanation.', 326);
INSERT OR IGNORE INTO history_mcq_questions (id, category, difficulty, unit, question_text, option_a, option_b, option_c, option_d, correct_option, explanation, sort_order) VALUES ('hist-p2-mcq-326', '1. Conditions for the Emergence of Democratic States', 'SL/HL', 'P2-DEMO', 'Which was NOT a condition favouring democracy after WWII?', 'Discrediting of fascism', 'Allied occupation and reform', 'Economic devastation preventing recovery', 'New constitutions with rights protections', 2, 'See mark scheme for detailed explanation.', 327);
INSERT OR IGNORE INTO history_mcq_questions (id, category, difficulty, unit, question_text, option_a, option_b, option_c, option_d, correct_option, explanation, sort_order) VALUES ('hist-p2-mcq-327', '2. Case Study: The Weimar Republic (1919-1933)', 'SL/HL', 'P2-DEMO', 'Article 48 of the Weimar Constitution allowed:', 'Proportional representation', 'Presidential emergency powers', 'Freedom of speech', 'The right to form unions', 1, 'See mark scheme for detailed explanation.', 328);
INSERT OR IGNORE INTO history_mcq_questions (id, category, difficulty, unit, question_text, option_a, option_b, option_c, option_d, correct_option, explanation, sort_order) VALUES ('hist-p2-mcq-328', '2. Case Study: The Weimar Republic (1919-1933)', 'SL/HL', 'P2-DEMO', 'German hyperinflation peaked in:', '1919', '1923', '1929', '1933', 1, 'See mark scheme for detailed explanation.', 329);
INSERT OR IGNORE INTO history_mcq_questions (id, category, difficulty, unit, question_text, option_a, option_b, option_c, option_d, correct_option, explanation, sort_order) VALUES ('hist-p2-mcq-329', '2. Case Study: The Weimar Republic (1919-1933)', 'SL/HL', 'P2-DEMO', 'The Enabling Act (1933) was significant because it:', 'Restored the monarchy', 'Allowed Hitler to rule by decree', 'Abolished the army', 'Created a new constitution', 1, 'See mark scheme for detailed explanation.', 330);
INSERT OR IGNORE INTO history_mcq_questions (id, category, difficulty, unit, question_text, option_a, option_b, option_c, option_d, correct_option, explanation, sort_order) VALUES ('hist-p2-mcq-330', '2. Case Study: The Weimar Republic (1919-1933)', 'SL/HL', 'P2-DEMO', 'Which event ended the ''Golden Age'' of Weimar?', 'The Munich Putsch (1923)', 'The Wall Street Crash (1929)', 'Hitler''s appointment as Chancellor (1933)', 'The Treaty of Versailles (1919)', 1, 'See mark scheme for detailed explanation.', 331);
INSERT OR IGNORE INTO history_mcq_questions (id, category, difficulty, unit, question_text, option_a, option_b, option_c, option_d, correct_option, explanation, sort_order) VALUES ('hist-p2-mcq-331', '2. Case Study: The Weimar Republic (1919-1933)', 'SL/HL', 'P2-DEMO', 'The ''stab in the back'' myth blamed Germany''s WWI defeat on:', 'The military high command', 'Civilians including Jews and socialists', 'The Treaty of Versailles', 'British naval blockade', 1, 'See mark scheme for detailed explanation.', 332);
INSERT OR IGNORE INTO history_mcq_questions (id, category, difficulty, unit, question_text, option_a, option_b, option_c, option_d, correct_option, explanation, sort_order) VALUES ('hist-p2-mcq-332', '3. Case Study: India''s Democratic Development', 'SL/HL', 'P2-DEMO', 'India''s Constitution was adopted in:', '1947', '1948', '1950', '1952', 2, 'See mark scheme for detailed explanation.', 333);
INSERT OR IGNORE INTO history_mcq_questions (id, category, difficulty, unit, question_text, option_a, option_b, option_c, option_d, correct_option, explanation, sort_order) VALUES ('hist-p2-mcq-333', '3. Case Study: India''s Democratic Development', 'SL/HL', 'P2-DEMO', 'The Indian Emergency (1975-77) was declared by:', 'Jawaharlal Nehru', 'Indira Gandhi', 'Morarji Desai', 'Rajiv Gandhi', 1, 'See mark scheme for detailed explanation.', 334);
INSERT OR IGNORE INTO history_mcq_questions (id, category, difficulty, unit, question_text, option_a, option_b, option_c, option_d, correct_option, explanation, sort_order) VALUES ('hist-p2-mcq-334', '3. Case Study: India''s Democratic Development', 'SL/HL', 'P2-DEMO', 'The States Reorganisation Act (1956) addressed:', 'Religious tensions', 'Linguistic diversity and state boundaries', 'Economic inequality', 'Military reorganisation', 1, 'See mark scheme for detailed explanation.', 335);
INSERT OR IGNORE INTO history_mcq_questions (id, category, difficulty, unit, question_text, option_a, option_b, option_c, option_d, correct_option, explanation, sort_order) VALUES ('hist-p2-mcq-335', '3. Case Study: India''s Democratic Development', 'SL/HL', 'P2-DEMO', 'Which was a key feature of India''s democratic system?', 'One-party rule', 'Military-dominated government', 'Universal adult suffrage', 'Theocratic governance', 2, 'See mark scheme for detailed explanation.', 336);
INSERT OR IGNORE INTO history_mcq_questions (id, category, difficulty, unit, question_text, option_a, option_b, option_c, option_d, correct_option, explanation, sort_order) VALUES ('hist-p2-mcq-336', '4. Case Study: USA - Expansion of Democracy', 'SL/HL', 'P2-DEMO', 'The 19th Amendment (1920) granted:', 'Freedom of speech', 'Women''s suffrage', 'Abolition of slavery', 'Right to bear arms', 1, 'See mark scheme for detailed explanation.', 337);
INSERT OR IGNORE INTO history_mcq_questions (id, category, difficulty, unit, question_text, option_a, option_b, option_c, option_d, correct_option, explanation, sort_order) VALUES ('hist-p2-mcq-337', '4. Case Study: USA - Expansion of Democracy', 'SL/HL', 'P2-DEMO', 'The Voting Rights Act was passed in:', '1954', '1960', '1964', '1965', 3, 'See mark scheme for detailed explanation.', 338);
INSERT OR IGNORE INTO history_mcq_questions (id, category, difficulty, unit, question_text, option_a, option_b, option_c, option_d, correct_option, explanation, sort_order) VALUES ('hist-p2-mcq-338', '4. Case Study: USA - Expansion of Democracy', 'SL/HL', 'P2-DEMO', 'McCarthyism primarily threatened democracy by:', 'Expanding executive power', 'Violating civil liberties through anti-communist persecution', 'Reducing military spending', 'Promoting isolationism', 1, 'See mark scheme for detailed explanation.', 339);
INSERT OR IGNORE INTO history_mcq_questions (id, category, difficulty, unit, question_text, option_a, option_b, option_c, option_d, correct_option, explanation, sort_order) VALUES ('hist-p2-mcq-339', '4. Case Study: USA - Expansion of Democracy', 'SL/HL', 'P2-DEMO', 'The New Deal expanded democracy by:', 'Limiting government intervention', 'Bringing government into citizens'' economic lives', 'Abolishing the Supreme Court', 'Ending the two-party system', 1, 'See mark scheme for detailed explanation.', 340);
INSERT OR IGNORE INTO history_mcq_questions (id, category, difficulty, unit, question_text, option_a, option_b, option_c, option_d, correct_option, explanation, sort_order) VALUES ('hist-p2-mcq-340', '5. Case Study: Post-WWII Japan''s Democratisation', 'SL/HL', 'P2-DEMO', 'Japan''s post-war constitution was adopted in:', '1945', '1947', '1950', '1952', 1, 'See mark scheme for detailed explanation.', 341);
INSERT OR IGNORE INTO history_mcq_questions (id, category, difficulty, unit, question_text, option_a, option_b, option_c, option_d, correct_option, explanation, sort_order) VALUES ('hist-p2-mcq-341', '5. Case Study: Post-WWII Japan''s Democratisation', 'SL/HL', 'P2-DEMO', 'Article 9 of the Japanese Constitution:', 'Established the Emperor as head of state', 'Renounced war as a sovereign right', 'Created a two-party system', 'Abolished the Diet', 1, 'See mark scheme for detailed explanation.', 342);
INSERT OR IGNORE INTO history_mcq_questions (id, category, difficulty, unit, question_text, option_a, option_b, option_c, option_d, correct_option, explanation, sort_order) VALUES ('hist-p2-mcq-342', '5. Case Study: Post-WWII Japan''s Democratisation', 'SL/HL', 'P2-DEMO', 'The ''1955 System'' refers to:', 'Japan''s economic miracle', 'LDP political dominance', 'The US-Japan Security Treaty', 'Nuclear disarmament', 1, 'See mark scheme for detailed explanation.', 343);
INSERT OR IGNORE INTO history_mcq_questions (id, category, difficulty, unit, question_text, option_a, option_b, option_c, option_d, correct_option, explanation, sort_order) VALUES ('hist-p2-mcq-343', '6. Case Study: South Africa''s Transition to Democracy', 'SL/HL', 'P2-DEMO', 'South Africa''s first fully democratic election was held in:', '1990', '1993', '1994', '1996', 2, 'See mark scheme for detailed explanation.', 344);
INSERT OR IGNORE INTO history_mcq_questions (id, category, difficulty, unit, question_text, option_a, option_b, option_c, option_d, correct_option, explanation, sort_order) VALUES ('hist-p2-mcq-344', '6. Case Study: South Africa''s Transition to Democracy', 'SL/HL', 'P2-DEMO', 'The Truth and Reconciliation Commission was chaired by:', 'Nelson Mandela', 'F.W. de Klerk', 'Desmond Tutu', 'Thabo Mbeki', 2, 'See mark scheme for detailed explanation.', 345);
INSERT OR IGNORE INTO history_mcq_questions (id, category, difficulty, unit, question_text, option_a, option_b, option_c, option_d, correct_option, explanation, sort_order) VALUES ('hist-p2-mcq-345', '6. Case Study: South Africa''s Transition to Democracy', 'SL/HL', 'P2-DEMO', 'Which factor was NOT significant in ending apartheid?', 'International sanctions', 'Internal resistance movements', 'UN military intervention', 'End of the Cold War', 2, 'See mark scheme for detailed explanation.', 346);
INSERT OR IGNORE INTO history_mcq_questions (id, category, difficulty, unit, question_text, option_a, option_b, option_c, option_d, correct_option, explanation, sort_order) VALUES ('hist-p2-mcq-346', '7. Democratic Principles: Suffrage, Representation, and Rights', 'SL/HL', 'P2-DEMO', 'Which country was the first to grant women''s suffrage?', 'United Kingdom', 'United States', 'New Zealand', 'France', 2, 'See mark scheme for detailed explanation.', 347);
INSERT OR IGNORE INTO history_mcq_questions (id, category, difficulty, unit, question_text, option_a, option_b, option_c, option_d, correct_option, explanation, sort_order) VALUES ('hist-p2-mcq-347', '7. Democratic Principles: Suffrage, Representation, and Rights', 'SL/HL', 'P2-DEMO', 'Judicial review means:', 'The judiciary can strike down unconstitutional laws', 'Judges are elected by popular vote', 'Courts can declare war', 'The legislature appoints judges', 0, 'See mark scheme for detailed explanation.', 348);
INSERT OR IGNORE INTO history_mcq_questions (id, category, difficulty, unit, question_text, option_a, option_b, option_c, option_d, correct_option, explanation, sort_order) VALUES ('hist-p2-mcq-348', '7. Democratic Principles: Suffrage, Representation, and Rights', 'SL/HL', 'P2-DEMO', 'Which is a key difference between direct and representative democracy?', 'Only direct democracy has elections', 'In representative democracy, citizens elect legislators to make decisions', 'Direct democracy has no constitution', 'Representative democracy bans referendums', 1, 'See mark scheme for detailed explanation.', 349);
INSERT OR IGNORE INTO history_mcq_questions (id, category, difficulty, unit, question_text, option_a, option_b, option_c, option_d, correct_option, explanation, sort_order) VALUES ('hist-p2-mcq-349', '8. Role of Political Parties, Elections, and Civil Society', 'SL/HL', 'P2-DEMO', 'Proportional representation tends to:', 'Produce strong single-party governments', 'Give broader representation but may cause coalition instability', 'Eliminate small parties', 'Favour two dominant parties', 1, 'See mark scheme for detailed explanation.', 350);
INSERT OR IGNORE INTO history_mcq_questions (id, category, difficulty, unit, question_text, option_a, option_b, option_c, option_d, correct_option, explanation, sort_order) VALUES ('hist-p2-mcq-350', '8. Role of Political Parties, Elections, and Civil Society', 'SL/HL', 'P2-DEMO', 'Civil society is important for democracy because it:', 'Replaces the need for elections', 'Holds government accountable and promotes participation', 'Ensures military control of politics', 'Eliminates political opposition', 1, 'See mark scheme for detailed explanation.', 351);
INSERT OR IGNORE INTO history_mcq_questions (id, category, difficulty, unit, question_text, option_a, option_b, option_c, option_d, correct_option, explanation, sort_order) VALUES ('hist-p2-mcq-351', '9. Economic and Social Policies in Democratic States', 'SL/HL', 'P2-DEMO', 'The NHS (National Health Service) was established in the UK in:', '1942', '1945', '1948', '1951', 2, 'See mark scheme for detailed explanation.', 352);
INSERT OR IGNORE INTO history_mcq_questions (id, category, difficulty, unit, question_text, option_a, option_b, option_c, option_d, correct_option, explanation, sort_order) VALUES ('hist-p2-mcq-352', '9. Economic and Social Policies in Democratic States', 'SL/HL', 'P2-DEMO', 'Johnson''s Great Society programs included:', 'Medicare and Medicaid', 'The New Deal', 'The Marshall Plan', 'The Truman Doctrine', 0, 'See mark scheme for detailed explanation.', 353);
INSERT OR IGNORE INTO history_mcq_questions (id, category, difficulty, unit, question_text, option_a, option_b, option_c, option_d, correct_option, explanation, sort_order) VALUES ('hist-p2-mcq-353', '9. Economic and Social Policies in Democratic States', 'SL/HL', 'P2-DEMO', 'A key tension between capitalism and democracy is:', 'Both require monarchy', 'Economic inequality can undermine political equality', 'Democracy always opposes free markets', 'Capitalism eliminates poverty automatically', 1, 'See mark scheme for detailed explanation.', 354);
INSERT OR IGNORE INTO history_mcq_questions (id, category, difficulty, unit, question_text, option_a, option_b, option_c, option_d, correct_option, explanation, sort_order) VALUES ('hist-p2-mcq-354', '10. Consolidation, Erosion, and Threats to Democracy', 'SL/HL', 'P2-DEMO', 'Democratic consolidation means:', 'A single party dominates permanently', 'Democracy becomes stable and widely accepted as legitimate', 'The military controls the government', 'Elections are abolished', 1, 'See mark scheme for detailed explanation.', 355);
INSERT OR IGNORE INTO history_mcq_questions (id, category, difficulty, unit, question_text, option_a, option_b, option_c, option_d, correct_option, explanation, sort_order) VALUES ('hist-p2-mcq-355', '10. Consolidation, Erosion, and Threats to Democracy', 'SL/HL', 'P2-DEMO', 'Huntington''s ''third wave'' of democratisation began in:', '1945', '1960', 'Mid-1970s', '1991', 2, 'See mark scheme for detailed explanation.', 356);
INSERT OR IGNORE INTO history_mcq_questions (id, category, difficulty, unit, question_text, option_a, option_b, option_c, option_d, correct_option, explanation, sort_order) VALUES ('hist-p2-mcq-356', '10. Consolidation, Erosion, and Threats to Democracy', 'SL/HL', 'P2-DEMO', 'Which is a factor that can erode democracy?', 'Strong independent judiciary', 'Free and fair elections', 'Populist leaders undermining institutions', 'Vibrant civil society', 2, 'See mark scheme for detailed explanation.', 357);
INSERT OR IGNORE INTO history_mcq_questions (id, category, difficulty, unit, question_text, option_a, option_b, option_c, option_d, correct_option, explanation, sort_order) VALUES ('hist-p2-mcq-357', '11. Comparative Analysis: Democratic Transitions', 'SL/HL', 'P2-DEMO', 'South Africa''s transition to democracy is best described as:', 'A military coup', 'An imposed democracy', 'A negotiated transition', 'A revolution from below', 2, 'See mark scheme for detailed explanation.', 358);
INSERT OR IGNORE INTO history_mcq_questions (id, category, difficulty, unit, question_text, option_a, option_b, option_c, option_d, correct_option, explanation, sort_order) VALUES ('hist-p2-mcq-358', '11. Comparative Analysis: Democratic Transitions', 'SL/HL', 'P2-DEMO', 'Post-WWII Japan''s democracy was primarily:', 'A revolution from below', 'A negotiated transition', 'Imposed by foreign occupation', 'Reform initiated by the Emperor', 2, 'See mark scheme for detailed explanation.', 359);
INSERT OR IGNORE INTO history_mcq_questions (id, category, difficulty, unit, question_text, option_a, option_b, option_c, option_d, correct_option, explanation, sort_order) VALUES ('hist-p2-mcq-359', '12. Media, Gender, and Minority Rights in Democracies', 'SL/HL', 'P2-DEMO', 'The ''watchdog'' function of the press refers to:', 'Government censorship of media', 'Media holding government accountable', 'Media supporting government policies', 'Press acting as government spokesperson', 1, 'See mark scheme for detailed explanation.', 360);
INSERT OR IGNORE INTO history_mcq_questions (id, category, difficulty, unit, question_text, option_a, option_b, option_c, option_d, correct_option, explanation, sort_order) VALUES ('hist-p2-mcq-360', '12. Media, Gender, and Minority Rights in Democracies', 'SL/HL', 'P2-DEMO', 'The US Civil Rights Act (1964) primarily addressed:', 'Women''s suffrage', 'Racial discrimination', 'Freedom of the press', 'Immigration policy', 1, 'See mark scheme for detailed explanation.', 361);
INSERT OR IGNORE INTO history_mcq_questions (id, category, difficulty, unit, question_text, option_a, option_b, option_c, option_d, correct_option, explanation, sort_order) VALUES ('hist-p2-mcq-361', '12. Media, Gender, and Minority Rights in Democracies', 'SL/HL', 'P2-DEMO', 'The ''tyranny of the majority'' describes:', 'A dictatorship', 'Majority rule oppressing minority rights', 'Military rule', 'One-party dominance', 1, 'See mark scheme for detailed explanation.', 362);

-- Written questions (15 marks)
INSERT OR IGNORE INTO history_written_questions (id, category, difficulty, question_type, unit, marks, question_text, mark_scheme, sort_order) VALUES ('hist-p2-wq-139', '1. Conditions for the Emergence of Democratic States', 'SL/HL', 'short_answer', 'P2-DEMO', 15, 'Examine the conditions that led to the emergence of democracy in two states, each from a different region.', '• Band 5 (13-15): Detailed comparative analysis of conditions (political, economic, social, external) in two states from different regions with specific evidence.
• Examples: Weimar Germany (post-WWI collapse of monarchy, revolution, new constitution) vs. India (anti-colonial movement, educated elite, British parliamentary traditions, 1950 Constitution).
• Or: Post-WWII Japan (Allied occupation, MacArthur''s reforms, land reform) vs. South Africa (end of apartheid, Mandela, negotiated transition, 1996 Constitution).
• Must analyse WHY these conditions favoured democracy, not just list them.
• Band 3 (7-9): Descriptive account with some analysis; limited genuine comparison.
• Band 1 (1-3): Vague generalisations without specific case study evidence.', 140);
INSERT OR IGNORE INTO history_written_questions (id, category, difficulty, question_type, unit, marks, question_text, mark_scheme, sort_order) VALUES ('hist-p2-wq-140', '2. Case Study: The Weimar Republic (1919-1933)', 'SL/HL', 'short_answer', 'P2-DEMO', 15, 'To what extent was the collapse of the Weimar Republic inevitable?', '• Band 5 (13-15): Balanced evaluative argument considering structural weaknesses, economic crises, political failures, and contingent factors. Arguments for inevitability: constitutional flaws (Article 48, PR), lack of democratic tradition, Treaty of Versailles burden, ''stab in the back'' myth, anti-democratic elites. Arguments against: The Golden Age showed stability was possible; specific contingencies (Wall Street Crash, Hindenburg''s decisions, backroom deals) were not predetermined.
• Must provide specific evidence and reach a clear, substantiated judgement.
• Band 3 (7-9): Narrative of events with some analysis; may lack balanced evaluation.
• Band 1 (1-3): Generalised; no clear argument or specific evidence.', 141);
INSERT OR IGNORE INTO history_written_questions (id, category, difficulty, question_type, unit, marks, question_text, mark_scheme, sort_order) VALUES ('hist-p2-wq-141', '2. Case Study: The Weimar Republic (1919-1933)', 'SL/HL', 'short_answer', 'P2-DEMO', 15, 'Evaluate the impact of economic factors on the development of democracy in Weimar Germany.', '• Band 5 (13-15): Detailed analysis of economic factors (hyperinflation, Dawes Plan recovery, Great Depression) and their political consequences, evaluated against non-economic factors. Hyperinflation (1923): eroded middle-class trust; Dawes Plan/Golden Age (1924-29): brief democratic stability; Great Depression (1929+): mass unemployment, radicalisation, rise of extremism.
• Non-economic factors: constitutional weaknesses, political culture, role of elites, propaganda, leadership failures.
• Strong answers evaluate the RELATIVE importance of economic vs. other factors.
• Band 3 (7-9): Descriptive with some analysis; may not fully evaluate relative importance.
• Band 1 (1-3): Minimal relevant knowledge.', 142);
INSERT OR IGNORE INTO history_written_questions (id, category, difficulty, question_type, unit, marks, question_text, mark_scheme, sort_order) VALUES ('hist-p2-wq-142', '3. Case Study: India''s Democratic Development', 'SL/HL', 'short_answer', 'P2-DEMO', 15, 'To what extent has India been successful in maintaining democracy since independence?', '• Band 5 (13-15): Balanced evaluation weighing successes (regular elections, peaceful transfers of power, constitutional governance, vibrant civil society) against challenges (Emergency, communal violence, corruption, inequality). Successes: world''s largest democracy, regular free elections since 1952, peaceful transfer of power, independent judiciary, free press, multi-party system. Challenges: Emergency (1975-77), communal riots (1984 anti-Sikh, 2002 Gujarat), caste discrimination, corruption, regional separatism, poverty limiting political participation.
• Must reach a clear judgement on ''to what extent'' with specific evidence.
• Band 3 (7-9): Some relevant analysis but may be one-sided or lack specific evidence.
• Band 1 (1-3): Generalised claims without substantiation.', 143);
INSERT OR IGNORE INTO history_written_questions (id, category, difficulty, question_type, unit, marks, question_text, mark_scheme, sort_order) VALUES ('hist-p2-wq-143', '4. Case Study: USA - Expansion of Democracy', 'SL/HL', 'short_answer', 'P2-DEMO', 15, 'Evaluate the extent to which the USA achieved full democracy by 1970.', '• Band 5 (13-15): Evaluative argument weighing democratic achievements against persistent limitations with specific evidence. Achievements: universal suffrage (19th, 24th, 26th Amendments), Civil Rights Act, Voting Rights Act, free press, separation of powers, New Deal expansion of rights. Limitations: continued racial inequality, McCarthyism legacy, socio-economic barriers to participation, gerrymandering, Cold War security state, Vietnam War and trust in government.
• Must define ''full democracy'' and offer clear judgement on extent achieved.
• Band 3 (7-9): Some relevant knowledge but limited evaluation.
• Band 1 (1-3): Vague or inaccurate with no clear argument.', 144);
INSERT OR IGNORE INTO history_written_questions (id, category, difficulty, question_type, unit, marks, question_text, mark_scheme, sort_order) VALUES ('hist-p2-wq-144', '5. Case Study: Post-WWII Japan''s Democratisation', 'SL/HL', 'short_answer', 'P2-DEMO', 15, 'To what extent was Japan''s post-WWII democratisation imposed from outside rather than emerging from within?', '• Band 5 (13-15): Balanced evaluation of external (US occupation, constitution-writing, reforms) vs. internal (pre-war democratic traditions, Taisho democracy, Japanese agency) factors. External: MacArthur''s directives, new constitution drafted by Americans, land reform, zaibatsu dissolution, war crimes trials, educational reforms. Internal: Taisho-era democratic movements, Japanese officials'' role in adapting reforms, popular support for peace constitution, pre-existing parliamentary traditions (Diet since 1890).
• Must offer clear judgement on ''to what extent'' with specific evidence.
• Band 3 (7-9): Descriptive with limited evaluation of the external/internal balance.
• Band 1 (1-3): Minimal knowledge; no clear argument.', 145);
INSERT OR IGNORE INTO history_written_questions (id, category, difficulty, question_type, unit, marks, question_text, mark_scheme, sort_order) VALUES ('hist-p2-wq-145', '6. Case Study: South Africa''s Transition to Democracy', 'SL/HL', 'short_answer', 'P2-DEMO', 15, 'Evaluate the role of leadership in the transition to democracy in South Africa.', '• Band 5 (13-15): Detailed evaluation of leadership (Mandela, de Klerk, Tutu) balanced against structural/external factors. Leadership: Mandela''s moral authority, reconciliation approach, willingness to negotiate; de Klerk''s decision to release Mandela and unban ANC; Tutu and the TRC.
• Other factors: mass resistance, economic sanctions, Cold War end, international pressure, economic crisis for white South Africans.
• Must evaluate the RELATIVE importance of leadership vs. other factors.
• Band 3 (7-9): Narrative of events with some analysis of leadership.
• Band 1 (1-3): Generalised; no specific evidence.', 146);
INSERT OR IGNORE INTO history_written_questions (id, category, difficulty, question_type, unit, marks, question_text, mark_scheme, sort_order) VALUES ('hist-p2-wq-146', '7. Democratic Principles: Suffrage, Representation, and Rights', 'SL/HL', 'short_answer', 'P2-DEMO', 15, 'Discuss the challenges to maintaining democratic rights and freedoms in the 20th century with reference to two states.', '• Band 5 (13-15): Detailed comparative discussion of challenges (internal and external) with specific evidence from two states. Challenges may include: McCarthyism in the USA, the Emergency in India, apartheid in South Africa, Weimar''s collapse, threats to press freedom, corruption, populism.
• Must discuss how states responded to these challenges and evaluate success.
• Strong answers consider whether challenges were overcome or remain ongoing.
• Band 3 (7-9): Some relevant analysis but limited comparison or specific evidence.
• Band 1 (1-3): Vague with no case study evidence.', 147);
INSERT OR IGNORE INTO history_written_questions (id, category, difficulty, question_type, unit, marks, question_text, mark_scheme, sort_order) VALUES ('hist-p2-wq-147', '8. Role of Political Parties, Elections, and Civil Society', 'SL/HL', 'short_answer', 'P2-DEMO', 15, 'Evaluate the role of political parties in the development of democracy in one state.', '• Band 5 (13-15): Detailed evaluation of how parties contributed to (or undermined) democratic development, with specific evidence. May discuss: party formation, opposition role, coalition dynamics, dominant party systems, party ideology and policies.
• Examples: INC in India (democratic consolidation but Emergency under Indira Gandhi); LDP in Japan (stability but one-party dominance); ANC in South Africa (democratic transition but corruption concerns).
• Must evaluate both positive and negative impacts of party politics.
• Band 3 (7-9): Some analysis but may be descriptive or one-sided.
• Band 1 (1-3): Minimal relevant knowledge.', 148);
INSERT OR IGNORE INTO history_written_questions (id, category, difficulty, question_type, unit, marks, question_text, mark_scheme, sort_order) VALUES ('hist-p2-wq-148', '9. Economic and Social Policies in Democratic States', 'SL/HL', 'short_answer', 'P2-DEMO', 15, 'Compare and contrast the social and economic policies of two democratic states.', '• Band 5 (13-15): Detailed, systematic comparison of policies (welfare, taxation, education, healthcare) with specific evidence and evaluation of effectiveness.
• Examples: USA (New Deal, Great Society, market-oriented) vs. UK (Beveridge welfare state, NHS, post-war consensus); or India (mixed economy, Five-Year Plans) vs. Japan (economic miracle, state-guided capitalism).
• Must show genuine comparison with similarities and differences.
• Strong answers evaluate the democratic implications of economic/social policies.
• Band 3 (7-9): Some comparison but may be descriptive or focus only on one state.
• Band 1 (1-3): Vague with no specific policy evidence.', 149);
INSERT OR IGNORE INTO history_written_questions (id, category, difficulty, question_type, unit, marks, question_text, mark_scheme, sort_order) VALUES ('hist-p2-wq-149', '10. Consolidation, Erosion, and Threats to Democracy', 'SL/HL', 'short_answer', 'P2-DEMO', 15, 'To what extent has democracy been successfully consolidated in one state you have studied?', '• Band 5 (13-15): Detailed evaluation of consolidation using specific criteria (free elections, peaceful transfers, rule of law, civil liberties, democratic norms) with evidence. May discuss: India (sustained democracy but challenges), Japan (stable but dominated by LDP), South Africa (democratic but inequality persists), Germany (strong post-war consolidation).
• Must consider both indicators of success and ongoing challenges.
• Strong answers define consolidation criteria and evaluate systematically.
• Band 3 (7-9): Some relevant analysis but may not define consolidation clearly.
• Band 1 (1-3): Generalised with no specific evidence.', 150);
INSERT OR IGNORE INTO history_written_questions (id, category, difficulty, question_type, unit, marks, question_text, mark_scheme, sort_order) VALUES ('hist-p2-wq-150', '11. Comparative Analysis: Democratic Transitions', 'SL/HL', 'short_answer', 'P2-DEMO', 15, 'Compare and contrast the transitions to democracy in two states, each from a different region.', '• Band 5 (13-15): Systematic comparison of transition type, process, key actors, and outcomes with specific evidence from two regions.
• Examples: South Africa (negotiated) vs. Japan (imposed); India (anti-colonial movement to democracy) vs. Germany (post-authoritarian reconstruction).
• Must compare: causes of transition, methods, role of leadership, constitutional frameworks, and outcomes.
• Strong answers evaluate which transition was more successful and why.
• Band 3 (7-9): Some comparison but may be implicit or focus disproportionately on one case.
• Band 1 (1-3): Vague; no genuine comparison.', 151);
INSERT OR IGNORE INTO history_written_questions (id, category, difficulty, question_type, unit, marks, question_text, mark_scheme, sort_order) VALUES ('hist-p2-wq-151', '12. Media, Gender, and Minority Rights in Democracies', 'SL/HL', 'short_answer', 'P2-DEMO', 15, 'Evaluate the extent to which democratic states have successfully protected the rights of minorities.', '• Band 5 (13-15): Evaluative argument with specific examples from at least two states, weighing successes against failures. Successes: Constitutional protections, civil rights legislation, affirmative action, multicultural policies, international human rights frameworks. Failures: Persistent discrimination, apartheid (South Africa pre-1994), Jim Crow (USA), indigenous dispossession, anti-minority violence.
• Must offer clear judgement on ''to what extent'' with specific evidence.
• Band 3 (7-9): Some relevant examples but limited evaluation.
• Band 1 (1-3): Generalised without specific evidence.', 152);

-- ══ Independence Movements (unit = 'P2-INDP') ═══════════════════════════════════

-- Category colors
INSERT OR IGNORE INTO history_category_colors (category, color) VALUES ('1. Origins and Rise of Independence Movements', '#A39B6B');
INSERT OR IGNORE INTO history_category_colors (category, color) VALUES ('2. Methods Used and Reasons for Success', '#A39B6B');
INSERT OR IGNORE INTO history_category_colors (category, color) VALUES ('3. Challenges Faced in the First 10 Years', '#A39B6B');
INSERT OR IGNORE INTO history_category_colors (category, color) VALUES ('4. Responses to Challenges', '#A39B6B');

-- Checklist sections & items
INSERT OR IGNORE INTO history_checklist_sections (id, title, color, unit, sort_order) VALUES ('hist-p2-indp-cl-1', '1. Origins and Rise of Independence Movements', '#A39B6B', 'P2-INDP', 145);
INSERT INTO history_checklist_items (section_id, text, sort_order) VALUES ('hist-p2-indp-cl-1', 'I can identify at least 3 intellectual/ideological causes of independence movements', 1);
INSERT INTO history_checklist_items (section_id, text, sort_order) VALUES ('hist-p2-indp-cl-1', 'I can explain the impact of the Napoleonic Wars on Latin American independence', 2);
INSERT INTO history_checklist_items (section_id, text, sort_order) VALUES ('hist-p2-indp-cl-1', 'I can discuss how WWI and WWII weakened colonial powers', 3);
INSERT INTO history_checklist_items (section_id, text, sort_order) VALUES ('hist-p2-indp-cl-1', 'I can compare the origins of at least 2 movements from different regions', 4);
INSERT INTO history_checklist_items (section_id, text, sort_order) VALUES ('hist-p2-indp-cl-1', 'I can explain the role of socio-economic grievances in independence movements', 5);
INSERT INTO history_checklist_items (section_id, text, sort_order) VALUES ('hist-p2-indp-cl-1', 'I can discuss the role of colonial education in fostering nationalism', 6);
INSERT INTO history_checklist_items (section_id, text, sort_order) VALUES ('hist-p2-indp-cl-1', 'I can explain the significance of key early events (e.g., Grito de Dolores, founding of INC)', 7);
INSERT INTO history_checklist_items (section_id, text, sort_order) VALUES ('hist-p2-indp-cl-1', 'I can analyse the impact of international developments (Atlantic Charter, UN Charter) on independence', 8);
INSERT INTO history_checklist_items (section_id, text, sort_order) VALUES ('hist-p2-indp-cl-1', 'I can distinguish between elite-led and mass-based independence movements', 9);
INSERT INTO history_checklist_items (section_id, text, sort_order) VALUES ('hist-p2-indp-cl-1', 'I can use specific examples from at least 2 case studies to illustrate origins', 10);
INSERT OR IGNORE INTO history_checklist_sections (id, title, color, unit, sort_order) VALUES ('hist-p2-indp-cl-2', '2. Methods Used and Reasons for Success', '#A39B6B', 'P2-INDP', 146);
INSERT INTO history_checklist_items (section_id, text, sort_order) VALUES ('hist-p2-indp-cl-2', 'I can compare violent and non-violent methods across at least 2 movements', 1);
INSERT INTO history_checklist_items (section_id, text, sort_order) VALUES ('hist-p2-indp-cl-2', 'I can explain Gandhi''s Satyagraha and its effectiveness', 2);
INSERT INTO history_checklist_items (section_id, text, sort_order) VALUES ('hist-p2-indp-cl-2', 'I can discuss the role of guerrilla warfare with specific examples', 3);
INSERT INTO history_checklist_items (section_id, text, sort_order) VALUES ('hist-p2-indp-cl-2', 'I can analyse why certain methods succeeded in particular contexts', 4);
INSERT INTO history_checklist_items (section_id, text, sort_order) VALUES ('hist-p2-indp-cl-2', 'I can evaluate the importance of international support for independence', 5);
INSERT INTO history_checklist_items (section_id, text, sort_order) VALUES ('hist-p2-indp-cl-2', 'I can explain the role of the UN in decolonisation', 6);
INSERT INTO history_checklist_items (section_id, text, sort_order) VALUES ('hist-p2-indp-cl-2', 'I can discuss the role of leadership in movement success', 7);
INSERT INTO history_checklist_items (section_id, text, sort_order) VALUES ('hist-p2-indp-cl-2', 'I can assess the impact of WWII on weakening colonial powers', 8);
INSERT INTO history_checklist_items (section_id, text, sort_order) VALUES ('hist-p2-indp-cl-2', 'I can compare methods used in Africa vs. Asia vs. Latin America', 9);
INSERT INTO history_checklist_items (section_id, text, sort_order) VALUES ('hist-p2-indp-cl-2', 'I can explain how economic methods (boycotts, strikes) contributed to independence', 10);
INSERT OR IGNORE INTO history_checklist_sections (id, title, color, unit, sort_order) VALUES ('hist-p2-indp-cl-3', '3. Challenges Faced in the First 10 Years', '#A39B6B', 'P2-INDP', 147);
INSERT INTO history_checklist_items (section_id, text, sort_order) VALUES ('hist-p2-indp-cl-3', 'I can identify at least 3 political challenges faced by new states', 1);
INSERT INTO history_checklist_items (section_id, text, sort_order) VALUES ('hist-p2-indp-cl-3', 'I can explain economic challenges of post-colonial states with examples', 2);
INSERT INTO history_checklist_items (section_id, text, sort_order) VALUES ('hist-p2-indp-cl-3', 'I can discuss the impact of Partition on India and Pakistan', 3);
INSERT INTO history_checklist_items (section_id, text, sort_order) VALUES ('hist-p2-indp-cl-3', 'I can analyse ethnic/religious tensions as a challenge in at least 2 states', 4);
INSERT INTO history_checklist_items (section_id, text, sort_order) VALUES ('hist-p2-indp-cl-3', 'I can explain how colonial legacies created post-independence difficulties', 5);
INSERT INTO history_checklist_items (section_id, text, sort_order) VALUES ('hist-p2-indp-cl-3', 'I can discuss the impact of Cold War interference on new states', 6);
INSERT INTO history_checklist_items (section_id, text, sort_order) VALUES ('hist-p2-indp-cl-3', 'I can evaluate whether political or economic challenges were more severe', 7);
INSERT INTO history_checklist_items (section_id, text, sort_order) VALUES ('hist-p2-indp-cl-3', 'I can compare challenges faced by states in different regions', 8);
INSERT INTO history_checklist_items (section_id, text, sort_order) VALUES ('hist-p2-indp-cl-3', 'I can explain the problem of arbitrary colonial borders in Africa', 9);
INSERT INTO history_checklist_items (section_id, text, sort_order) VALUES ('hist-p2-indp-cl-3', 'I can use specific case studies to illustrate post-independence challenges', 10);
INSERT OR IGNORE INTO history_checklist_sections (id, title, color, unit, sort_order) VALUES ('hist-p2-indp-cl-4', '4. Responses to Challenges', '#A39B6B', 'P2-INDP', 148);
INSERT INTO history_checklist_items (section_id, text, sort_order) VALUES ('hist-p2-indp-cl-4', 'I can explain India''s constitutional and economic responses to challenges', 1);
INSERT INTO history_checklist_items (section_id, text, sort_order) VALUES ('hist-p2-indp-cl-4', 'I can discuss the Non-Aligned Movement and its significance', 2);
INSERT INTO history_checklist_items (section_id, text, sort_order) VALUES ('hist-p2-indp-cl-4', 'I can evaluate one-party states as a response to ethnic divisions', 3);
INSERT INTO history_checklist_items (section_id, text, sort_order) VALUES ('hist-p2-indp-cl-4', 'I can explain Ujamaa and its successes/failures in Tanzania', 4);
INSERT INTO history_checklist_items (section_id, text, sort_order) VALUES ('hist-p2-indp-cl-4', 'I can discuss land reform and nationalisation as economic responses', 5);
INSERT INTO history_checklist_items (section_id, text, sort_order) VALUES ('hist-p2-indp-cl-4', 'I can compare responses to challenges across at least 2 different states', 6);
INSERT INTO history_checklist_items (section_id, text, sort_order) VALUES ('hist-p2-indp-cl-4', 'I can evaluate which responses were most effective and why', 7);
INSERT INTO history_checklist_items (section_id, text, sort_order) VALUES ('hist-p2-indp-cl-4', 'I can explain how Cold War dynamics influenced state responses', 8);
INSERT INTO history_checklist_items (section_id, text, sort_order) VALUES ('hist-p2-indp-cl-4', 'I can discuss the role of constitutions in addressing challenges', 9);
INSERT INTO history_checklist_items (section_id, text, sort_order) VALUES ('hist-p2-indp-cl-4', 'I can assess whether authoritarian responses were justified by the challenges faced', 10);

-- Flashcard topics & cards
INSERT OR IGNORE INTO history_flashcard_topics (id, label, color, unit, sort_order) VALUES ('hist-p2-indp-fc-1', '1. Origins and Rise of Independence Movements', '#A39B6B', 'P2-INDP', 1);
INSERT INTO history_flashcards (topic_id, term, definition, sort_order) VALUES ('hist-p2-indp-fc-1', 'What were the main intellectual influences on independence movements?', 'Enlightenment ideas (liberty, equality, natural rights), the American Revolution (1776), the French Revolution (1789), and nationalist philosophies emphasising self-determination.', 1);
INSERT INTO history_flashcards (topic_id, term, definition, sort_order) VALUES ('hist-p2-indp-fc-1', 'How did the Napoleonic Wars contribute to Latin American independence?', 'Napoleon''s 1808 invasion of Spain destabilised the Spanish monarchy, creating a power vacuum in the colonies. Creole elites seized the opportunity to establish juntas and assert autonomy.', 2);
INSERT INTO history_flashcards (topic_id, term, definition, sort_order) VALUES ('hist-p2-indp-fc-1', 'What role did socio-economic grievances play?', 'Colonial economic restrictions (mercantilist trade policies, heavy taxation), exclusion of Creoles from top political posts, and racial caste systems fuelled resentment against imperial rule.', 3);
INSERT INTO history_flashcards (topic_id, term, definition, sort_order) VALUES ('hist-p2-indp-fc-1', 'What was the Grito de Dolores (1810)?', 'Father Miguel Hidalgo''s call to arms in Mexico that launched the Mexican War of Independence. It rallied mestizos and indigenous people against Spanish colonial rule.', 4);
INSERT INTO history_flashcards (topic_id, term, definition, sort_order) VALUES ('hist-p2-indp-fc-1', 'How did colonial education contribute to nationalism?', 'Western-educated colonial elites encountered ideas of self-governance, democracy, and nationalism, which they applied to their own colonial contexts (e.g., Indian National Congress leaders, Ho Chi Minh).', 5);
INSERT INTO history_flashcards (topic_id, term, definition, sort_order) VALUES ('hist-p2-indp-fc-1', 'How did WWI and WWII affect independence movements?', 'The wars weakened European powers economically and militarily, exposed the hypocrisy of colonial empires fighting for freedom abroad while denying it to colonies, and created opportunities for nationalist movements to press demands.', 6);
INSERT INTO history_flashcards (topic_id, term, definition, sort_order) VALUES ('hist-p2-indp-fc-1', 'What was the impact of the Atlantic Charter (1941)?', 'Churchill and Roosevelt declared the right of all peoples to choose their own government. Colonised peoples used this to legitimise independence demands, even though the Allies did not intend it for colonies.', 7);
INSERT OR IGNORE INTO history_flashcard_topics (id, label, color, unit, sort_order) VALUES ('hist-p2-indp-fc-2', '2. Methods Used and Reasons for Success', '#A39B6B', 'P2-INDP', 2);
INSERT INTO history_flashcards (topic_id, term, definition, sort_order) VALUES ('hist-p2-indp-fc-2', 'What were the main methods used by independence movements?', 'Armed struggle/guerrilla warfare, non-violent resistance (boycotts, civil disobedience), political negotiation, propaganda/media campaigns, strikes and economic disruption, and diplomatic appeals to international community.', 1);
INSERT INTO history_flashcards (topic_id, term, definition, sort_order) VALUES ('hist-p2-indp-fc-2', 'What was Gandhi''s concept of Satyagraha?', 'A philosophy and practice of non-violent resistance meaning ''truth-force'' or ''soul-force''. It involved civil disobedience, non-cooperation, boycotts, and peaceful protest to resist British rule in India.', 2);
INSERT INTO history_flashcards (topic_id, term, definition, sort_order) VALUES ('hist-p2-indp-fc-2', 'How did guerrilla warfare contribute to independence?', 'Used by movements like Vietnam (Viet Minh), Cuba, Algeria (FLN), and Zimbabwe (ZANLA/ZIPRA). It was effective against stronger conventional forces by using terrain, local knowledge, and attrition to exhaust colonial powers.', 3);
INSERT INTO history_flashcards (topic_id, term, definition, sort_order) VALUES ('hist-p2-indp-fc-2', 'What was the role of international support?', 'External support was often crucial: Cold War superpowers backed different sides; the UN provided a forum for anti-colonial advocacy; diaspora communities provided funding; neighbouring states offered refuge and supply routes.', 4);
INSERT INTO history_flashcards (topic_id, term, definition, sort_order) VALUES ('hist-p2-indp-fc-2', 'Why did the British leave India in 1947?', 'Post-WWII economic exhaustion, the Quit India Movement, the Indian National Army, growing unrest (including the Royal Indian Navy mutiny), Labour government''s sympathy for decolonisation, and American/international pressure.', 5);
INSERT INTO history_flashcards (topic_id, term, definition, sort_order) VALUES ('hist-p2-indp-fc-2', 'What was the Mau Mau Uprising (1952-1960)?', 'An armed insurgency by the Kikuyu people against British colonial rule in Kenya. While militarily suppressed, the brutality of the British response drew international criticism and accelerated negotiations for Kenyan independence (1963).', 6);
INSERT INTO history_flashcards (topic_id, term, definition, sort_order) VALUES ('hist-p2-indp-fc-2', 'How did propaganda and media help movements?', 'Newspapers, pamphlets, radio, and later TV helped build nationalist consciousness, disseminate ideology, counter colonial narratives, and garner international sympathy (e.g., Ho Chi Minh''s appeals, Indian press during Salt March).', 7);
INSERT INTO history_flashcards (topic_id, term, definition, sort_order) VALUES ('hist-p2-indp-fc-2', 'What was the role of the United Nations in decolonisation?', 'The UN General Assembly Resolution 1514 (1960) declared colonialism a denial of human rights. The UN provided a global platform for colonised peoples to present their case and apply diplomatic pressure on colonial powers.', 8);
INSERT OR IGNORE INTO history_flashcard_topics (id, label, color, unit, sort_order) VALUES ('hist-p2-indp-fc-3', '3. Challenges Faced in the First 10 Years', '#A39B6B', 'P2-INDP', 3);
INSERT INTO history_flashcards (topic_id, term, definition, sort_order) VALUES ('hist-p2-indp-fc-3', 'What were common political challenges?', 'Building state institutions from scratch, managing ethnic/religious/regional divisions, choosing between democracy and authoritarian rule, writing constitutions, establishing legitimacy, and handling power struggles among independence leaders.', 1);
INSERT INTO history_flashcards (topic_id, term, definition, sort_order) VALUES ('hist-p2-indp-fc-3', 'What economic challenges did new states face?', 'Inherited colonial economic structures (mono-crop/resource dependency), lack of infrastructure, capital flight, need to diversify economies, brain drain, poverty, and often unfavourable trade terms with former colonial powers.', 2);
INSERT INTO history_flashcards (topic_id, term, definition, sort_order) VALUES ('hist-p2-indp-fc-3', 'Why was the Partition of India (1947) so devastating?', 'It caused the largest mass migration in history (10-15 million displaced), communal violence killing up to 2 million, the Kashmir conflict, economic disruption, and lasting India-Pakistan hostility.', 3);
INSERT INTO history_flashcards (topic_id, term, definition, sort_order) VALUES ('hist-p2-indp-fc-3', 'What were the challenges of nation-building in Africa?', 'Arbitrary colonial borders cut across ethnic groups, creating multi-ethnic states with weak national identity. This led to ethnic tensions, secessionist movements (e.g., Biafra in Nigeria), and difficulty building cohesive governance.', 4);
INSERT INTO history_flashcards (topic_id, term, definition, sort_order) VALUES ('hist-p2-indp-fc-3', 'How did Cold War dynamics challenge new states?', 'Superpowers competed for influence in newly independent states, funding rival factions, sometimes supporting authoritarian rulers, and creating proxy conflicts that destabilised new nations.', 5);
INSERT INTO history_flashcards (topic_id, term, definition, sort_order) VALUES ('hist-p2-indp-fc-3', 'What social challenges emerged after independence?', 'Addressing inequality (land reform, education, healthcare), managing expectations of populations who expected rapid improvement, dealing with refugee crises, and overcoming deep social divisions left by colonialism.', 6);
INSERT OR IGNORE INTO history_flashcard_topics (id, label, color, unit, sort_order) VALUES ('hist-p2-indp-fc-4', '4. Responses to Challenges', '#A39B6B', 'P2-INDP', 4);
INSERT INTO history_flashcards (topic_id, term, definition, sort_order) VALUES ('hist-p2-indp-fc-4', 'How did India respond to post-independence challenges?', 'Adopted a secular democratic constitution (1950), implemented Five-Year Plans for economic development, pursued non-alignment in Cold War, integrated princely states, and addressed communal tensions through federal structures.', 1);
INSERT INTO history_flashcards (topic_id, term, definition, sort_order) VALUES ('hist-p2-indp-fc-4', 'What was the Non-Aligned Movement (NAM)?', 'Founded in 1961, NAM was a group of newly independent states (led by Nehru, Nasser, Tito, Sukarno, Nkrumah) that refused to align with either Cold War superpower bloc, seeking an independent foreign policy path.', 2);
INSERT INTO history_flashcards (topic_id, term, definition, sort_order) VALUES ('hist-p2-indp-fc-4', 'How did many African states respond to ethnic divisions?', 'Some adopted one-party states to promote unity (e.g., Nkrumah in Ghana, Nyerere in Tanzania), others adopted federalism (Nigeria), while some experienced military coups as the army stepped in to ''restore order''.', 3);
INSERT INTO history_flashcards (topic_id, term, definition, sort_order) VALUES ('hist-p2-indp-fc-4', 'What was Ujamaa in Tanzania?', 'Julius Nyerere''s policy of ''African socialism'' emphasising communal farming, self-reliance, and rural development through villagisation. It aimed to avoid both capitalist exploitation and Soviet-style communism.', 4);
INSERT INTO history_flashcards (topic_id, term, definition, sort_order) VALUES ('hist-p2-indp-fc-4', 'How did states address economic challenges?', 'Nationalisation of key industries, land reform, import-substitution industrialisation, seeking foreign aid, joining regional economic organisations, and diversifying exports. Success varied significantly.', 5);
INSERT INTO history_flashcards (topic_id, term, definition, sort_order) VALUES ('hist-p2-indp-fc-4', 'What constitutional arrangements were adopted?', 'Varied widely: India chose parliamentary democracy; many African states adopted one-party systems; some kept colonial legal frameworks; others created entirely new constitutions. Many faced constitutional crises within the first decade.', 6);

-- MCQ questions
INSERT OR IGNORE INTO history_mcq_questions (id, category, difficulty, unit, question_text, option_a, option_b, option_c, option_d, correct_option, explanation, sort_order) VALUES ('hist-p2-mcq-362', '1. Origins and Rise of Independence Movements', 'SL/HL', 'P2-INDP', 'Which event directly destabilised Spanish control over its American colonies?', 'The French Revolution (1789)', 'Napoleon''s invasion of Spain (1808)', 'The Congress of Vienna (1815)', 'The American Civil War (1861)', 1, 'See mark scheme for detailed explanation.', 363);
INSERT OR IGNORE INTO history_mcq_questions (id, category, difficulty, unit, question_text, option_a, option_b, option_c, option_d, correct_option, explanation, sort_order) VALUES ('hist-p2-mcq-363', '1. Origins and Rise of Independence Movements', 'SL/HL', 'P2-INDP', 'The Indian National Congress was founded in:', '1857', '1885', '1905', '1919', 1, 'See mark scheme for detailed explanation.', 364);
INSERT OR IGNORE INTO history_mcq_questions (id, category, difficulty, unit, question_text, option_a, option_b, option_c, option_d, correct_option, explanation, sort_order) VALUES ('hist-p2-mcq-364', '1. Origins and Rise of Independence Movements', 'SL/HL', 'P2-INDP', 'Which of the following was NOT a factor in the rise of independence movements?', 'Enlightenment philosophy', 'Mercantilist trade restrictions', 'The Industrial Revolution in the colonies', 'Exclusion of locals from political power', 2, 'See mark scheme for detailed explanation.', 365);
INSERT OR IGNORE INTO history_mcq_questions (id, category, difficulty, unit, question_text, option_a, option_b, option_c, option_d, correct_option, explanation, sort_order) VALUES ('hist-p2-mcq-365', '1. Origins and Rise of Independence Movements', 'SL/HL', 'P2-INDP', 'The Atlantic Charter (1941) was significant for independence movements because it:', 'Granted immediate independence to all colonies', 'Declared the right of peoples to self-government', 'Established the United Nations', 'Created the Non-Aligned Movement', 1, 'See mark scheme for detailed explanation.', 366);
INSERT OR IGNORE INTO history_mcq_questions (id, category, difficulty, unit, question_text, option_a, option_b, option_c, option_d, correct_option, explanation, sort_order) VALUES ('hist-p2-mcq-366', '1. Origins and Rise of Independence Movements', 'SL/HL', 'P2-INDP', 'Which leader issued the Grito de Dolores?', 'Simon Bolivar', 'Jose de San Martin', 'Miguel Hidalgo', 'Bernardo O''Higgins', 2, 'See mark scheme for detailed explanation.', 367);
INSERT OR IGNORE INTO history_mcq_questions (id, category, difficulty, unit, question_text, option_a, option_b, option_c, option_d, correct_option, explanation, sort_order) VALUES ('hist-p2-mcq-367', '2. Methods Used and Reasons for Success', 'SL/HL', 'P2-INDP', 'Gandhi''s Salt March (1930) was an example of:', 'Armed insurrection', 'Civil disobedience', 'Diplomatic negotiation', 'Military coup', 1, 'See mark scheme for detailed explanation.', 368);
INSERT OR IGNORE INTO history_mcq_questions (id, category, difficulty, unit, question_text, option_a, option_b, option_c, option_d, correct_option, explanation, sort_order) VALUES ('hist-p2-mcq-368', '2. Methods Used and Reasons for Success', 'SL/HL', 'P2-INDP', 'UN Resolution 1514 (1960) is significant because it:', 'Created the Non-Aligned Movement', 'Declared colonialism a denial of human rights', 'Imposed sanctions on all colonial powers', 'Granted independence to India', 1, 'See mark scheme for detailed explanation.', 369);
INSERT OR IGNORE INTO history_mcq_questions (id, category, difficulty, unit, question_text, option_a, option_b, option_c, option_d, correct_option, explanation, sort_order) VALUES ('hist-p2-mcq-369', '2. Methods Used and Reasons for Success', 'SL/HL', 'P2-INDP', 'Which of these movements primarily used guerrilla warfare?', 'Indian independence', 'Ghanaian independence', 'Algerian independence (FLN)', 'Canadian Confederation', 2, 'See mark scheme for detailed explanation.', 370);
INSERT OR IGNORE INTO history_mcq_questions (id, category, difficulty, unit, question_text, option_a, option_b, option_c, option_d, correct_option, explanation, sort_order) VALUES ('hist-p2-mcq-370', '2. Methods Used and Reasons for Success', 'SL/HL', 'P2-INDP', 'A key reason for the success of Indian independence was:', 'India defeating Britain in a major battle', 'Post-WWII British economic weakness', 'American military intervention', 'Soviet nuclear threats against Britain', 1, 'See mark scheme for detailed explanation.', 371);
INSERT OR IGNORE INTO history_mcq_questions (id, category, difficulty, unit, question_text, option_a, option_b, option_c, option_d, correct_option, explanation, sort_order) VALUES ('hist-p2-mcq-371', '2. Methods Used and Reasons for Success', 'SL/HL', 'P2-INDP', 'The Mau Mau Uprising took place in:', 'Algeria', 'Vietnam', 'Kenya', 'India', 2, 'See mark scheme for detailed explanation.', 372);
INSERT OR IGNORE INTO history_mcq_questions (id, category, difficulty, unit, question_text, option_a, option_b, option_c, option_d, correct_option, explanation, sort_order) VALUES ('hist-p2-mcq-372', '3. Challenges Faced in the First 10 Years', 'SL/HL', 'P2-INDP', 'Approximately how many people were displaced by the Partition of India?', '1-2 million', '5-7 million', '10-15 million', '25-30 million', 2, 'See mark scheme for detailed explanation.', 373);
INSERT OR IGNORE INTO history_mcq_questions (id, category, difficulty, unit, question_text, option_a, option_b, option_c, option_d, correct_option, explanation, sort_order) VALUES ('hist-p2-mcq-373', '3. Challenges Faced in the First 10 Years', 'SL/HL', 'P2-INDP', 'Which of the following was a key economic challenge for new states?', 'Excessive industrialisation', 'Over-diversified economies', 'Dependence on single export commodities', 'Too much foreign investment', 2, 'See mark scheme for detailed explanation.', 374);
INSERT OR IGNORE INTO history_mcq_questions (id, category, difficulty, unit, question_text, option_a, option_b, option_c, option_d, correct_option, explanation, sort_order) VALUES ('hist-p2-mcq-374', '3. Challenges Faced in the First 10 Years', 'SL/HL', 'P2-INDP', 'The Biafran War (1967-70) in Nigeria was caused primarily by:', 'Cold War proxy conflict', 'Ethnic and regional tensions', 'British military intervention', 'Religious persecution', 1, 'See mark scheme for detailed explanation.', 375);
INSERT OR IGNORE INTO history_mcq_questions (id, category, difficulty, unit, question_text, option_a, option_b, option_c, option_d, correct_option, explanation, sort_order) VALUES ('hist-p2-mcq-375', '3. Challenges Faced in the First 10 Years', 'SL/HL', 'P2-INDP', 'A common political challenge in newly independent states was:', 'Excessive democracy', 'Lack of established state institutions', 'Over-reliance on colonial advisors', 'Too many political parties', 1, 'See mark scheme for detailed explanation.', 376);
INSERT OR IGNORE INTO history_mcq_questions (id, category, difficulty, unit, question_text, option_a, option_b, option_c, option_d, correct_option, explanation, sort_order) VALUES ('hist-p2-mcq-376', '3. Challenges Faced in the First 10 Years', 'SL/HL', 'P2-INDP', 'How did Cold War dynamics affect newly independent states?', 'They were largely ignored by superpowers', 'Superpowers competed for influence, often destabilising them', 'They all joined NATO or the Warsaw Pact', 'The Cold War had no impact on decolonised states', 1, 'See mark scheme for detailed explanation.', 377);
INSERT OR IGNORE INTO history_mcq_questions (id, category, difficulty, unit, question_text, option_a, option_b, option_c, option_d, correct_option, explanation, sort_order) VALUES ('hist-p2-mcq-377', '4. Responses to Challenges', 'SL/HL', 'P2-INDP', 'The Non-Aligned Movement was founded in:', '1945', '1955', '1961', '1975', 2, 'See mark scheme for detailed explanation.', 378);
INSERT OR IGNORE INTO history_mcq_questions (id, category, difficulty, unit, question_text, option_a, option_b, option_c, option_d, correct_option, explanation, sort_order) VALUES ('hist-p2-mcq-378', '4. Responses to Challenges', 'SL/HL', 'P2-INDP', 'Ujamaa was a policy implemented in:', 'India', 'Ghana', 'Tanzania', 'Vietnam', 2, 'See mark scheme for detailed explanation.', 379);
INSERT OR IGNORE INTO history_mcq_questions (id, category, difficulty, unit, question_text, option_a, option_b, option_c, option_d, correct_option, explanation, sort_order) VALUES ('hist-p2-mcq-379', '4. Responses to Challenges', 'SL/HL', 'P2-INDP', 'Which was NOT a common economic response to post-independence challenges?', 'Nationalisation of industries', 'Import-substitution industrialisation', 'Immediate integration into global free trade', 'Five-Year Plans', 2, 'See mark scheme for detailed explanation.', 380);
INSERT OR IGNORE INTO history_mcq_questions (id, category, difficulty, unit, question_text, option_a, option_b, option_c, option_d, correct_option, explanation, sort_order) VALUES ('hist-p2-mcq-380', '4. Responses to Challenges', 'SL/HL', 'P2-INDP', 'Many African leaders adopted one-party states primarily to:', 'Impress Western donors', 'Promote national unity across ethnic lines', 'Copy the Soviet model exactly', 'Punish opposition groups', 1, 'See mark scheme for detailed explanation.', 381);
INSERT OR IGNORE INTO history_mcq_questions (id, category, difficulty, unit, question_text, option_a, option_b, option_c, option_d, correct_option, explanation, sort_order) VALUES ('hist-p2-mcq-381', '4. Responses to Challenges', 'SL/HL', 'P2-INDP', 'India''s response to the challenge of princely states was:', 'Military conquest of all states', 'Allowing complete autonomy', 'Integration through negotiation and the States Reorganisation Act', 'Ignoring the problem', 2, 'See mark scheme for detailed explanation.', 382);

-- Written questions (15 marks)
INSERT OR IGNORE INTO history_written_questions (id, category, difficulty, question_type, unit, marks, question_text, mark_scheme, sort_order) VALUES ('hist-p2-wq-152', '1. Origins and Rise of Independence Movements', 'SL/HL', 'short_answer', 'P2-INDP', 15, 'Examine the role of ideology in the origins of two independence movements, each from a different region.', '• Band 5 (13-15): Detailed, well-structured analysis of ideological factors in two movements from different regions, with consistent comparison and specific evidence.
• Key content may include: Enlightenment ideas (liberty, self-determination, republicanism), nationalism, socialism/Marxism, pan-Africanism, or religious identity.
• Case studies should come from different regions (e.g., Latin America + Asia, or Africa + Europe).
• Examples: Bolivar influenced by Enlightenment/republicanism; Ho Chi Minh influenced by Marxism-Leninism and anti-imperialism; Indian independence shaped by Gandhian philosophy and Hindu-Muslim nationalism.
• Strong answers will evaluate relative importance of ideology vs. other factors (economic, social, external).
• Band 3 (7-9): Narrative or descriptive account with some analysis; may focus on one movement or lack regional comparison.
• Band 1 (1-3): Generalised, vague, or inaccurate with minimal relevant knowledge.', 153);
INSERT OR IGNORE INTO history_written_questions (id, category, difficulty, question_type, unit, marks, question_text, mark_scheme, sort_order) VALUES ('hist-p2-wq-153', '1. Origins and Rise of Independence Movements', 'SL/HL', 'short_answer', 'P2-INDP', 15, 'To what extent were economic grievances the most important cause of independence movements?', '• Band 5 (13-15): Balanced, evaluative argument weighing economic factors against other causes (political, ideological, social, external). Uses detailed evidence from two or more movements.
• Economic factors: mercantilist restrictions, heavy taxation, exploitation of resources, exclusion from trade, land ownership issues. Counter-arguments: political exclusion, racial discrimination, ideological awakening, impact of world wars, role of charismatic leaders.
• Must refer to specific movements with detailed examples (e.g., Indian salt tax, Latin American trade monopolies).
• Strong responses offer a clear, well-supported judgement on ''to what extent''.
• Band 3 (7-9): Some analysis but may be descriptive; limited comparison across movements.
• Band 1 (1-3): Little relevant knowledge; generalised claims without supporting evidence.', 154);
INSERT OR IGNORE INTO history_written_questions (id, category, difficulty, question_type, unit, marks, question_text, mark_scheme, sort_order) VALUES ('hist-p2-wq-154', '2. Methods Used and Reasons for Success', 'SL/HL', 'short_answer', 'P2-INDP', 15, 'Compare and contrast the methods used by two independence movements, each from a different region.', '• Band 5 (13-15): Systematic comparison of methods (violent vs. non-violent, diplomatic, economic) with detailed evidence from two movements in different regions.
• Must show genuine comparison (not just two separate descriptions). Use linking language: ''similarly'', ''in contrast'', ''whereas''.
• Examples: India (non-violent civil disobedience under Gandhi) vs. Algeria (armed guerrilla warfare under FLN); or Vietnam (Viet Minh guerrilla + political) vs. Ghana (constitutional agitation under Nkrumah).
• Strong answers will explain WHY different methods were chosen (context-dependent) and evaluate which were more effective.
• Band 3 (7-9): Some comparison but may be implicit or narrative-driven; limited evaluation.
• Band 1 (1-3): Vague, generalised, or describes only one movement without comparison.', 155);
INSERT OR IGNORE INTO history_written_questions (id, category, difficulty, question_type, unit, marks, question_text, mark_scheme, sort_order) VALUES ('hist-p2-wq-155', '2. Methods Used and Reasons for Success', 'SL/HL', 'short_answer', 'P2-INDP', 15, 'Evaluate the importance of foreign intervention in the success of one independence movement.', '• Band 5 (13-15): Detailed evaluation weighing foreign intervention against domestic factors. Clear judgement on relative importance. Foreign intervention may include: military support, diplomatic recognition, economic aid, Cold War dynamics, UN resolutions, colonial power''s weakness. Domestic factors: quality of leadership, mass mobilisation, economic disruption, guerrilla effectiveness, ideology.
• Case-specific evidence required (e.g., French support for American Revolution; Chinese/Soviet support for Viet Minh; British support for Latin American independence).
• Band 3 (7-9): Narrative account with some analysis; may not fully evaluate relative importance.
• Band 1 (1-3): Minimal knowledge; no evaluation or judgement offered.', 156);
INSERT OR IGNORE INTO history_written_questions (id, category, difficulty, question_type, unit, marks, question_text, mark_scheme, sort_order) VALUES ('hist-p2-wq-156', '3. Challenges Faced in the First 10 Years', 'SL/HL', 'short_answer', 'P2-INDP', 15, 'Examine the political challenges faced in the first 10 years of independence by two states, each from a different region.', '• Band 5 (13-15): Detailed analysis of political challenges with comparison across two states from different regions. Specific evidence and evaluation. Political challenges: constitutional debates, one-party vs. multi-party systems, ethnic/religious divisions, power struggles, military coups, border disputes.
• Examples: India (Hindu-Muslim tensions, integration of princely states, democratic consolidation) vs. Ghana (Nkrumah''s drift to authoritarianism, ethnic tensions, economic mismanagement).
• Or: Vietnam (reunification challenges, communist consolidation) vs. Algeria (Ben Bella vs. Boumediene power struggle, FLN factionalism).
• Strong answers evaluate the severity and interconnection of challenges.
• Band 3 (7-9): Some analysis but may be descriptive; limited comparison.
• Band 1 (1-3): Generalised with minimal specific knowledge.', 157);
INSERT OR IGNORE INTO history_written_questions (id, category, difficulty, question_type, unit, marks, question_text, mark_scheme, sort_order) VALUES ('hist-p2-wq-157', '3. Challenges Faced in the First 10 Years', 'SL/HL', 'short_answer', 'P2-INDP', 15, 'To what extent were the challenges faced by newly independent states a result of their colonial past?', '• Band 5 (13-15): Evaluative argument weighing colonial legacy against post-independence decisions and external factors. Detailed evidence from specific case studies. Colonial legacy factors: arbitrary borders, mono-crop economies, weak institutions, racial/ethnic hierarchies, limited education systems, infrastructure gaps. Post-independence factors: leadership choices (corruption, authoritarianism), Cold War pressures, regional conflicts, economic policies.
• Must provide balanced judgement with clear ''to what extent'' evaluation.
• Band 3 (7-9): Some relevant knowledge but limited evaluation or balance.
• Band 1 (1-3): Vague generalisations; no clear argument.', 158);
INSERT OR IGNORE INTO history_written_questions (id, category, difficulty, question_type, unit, marks, question_text, mark_scheme, sort_order) VALUES ('hist-p2-wq-158', '4. Responses to Challenges', 'SL/HL', 'short_answer', 'P2-INDP', 15, 'Evaluate the effectiveness of the responses to economic challenges in the first 10 years of two states, each from a different region.', '• Band 5 (13-15): Evaluative comparison of economic responses with detailed evidence. Clear judgement on effectiveness.
• Economic responses may include: nationalisation, land reform, five-year plans, import-substitution, foreign aid, regional cooperation, agricultural policies.
• Examples: India (mixed economy, Five-Year Plans, Green Revolution foundations) vs. Tanzania (Ujamaa, villagisation, nationalisation) or Ghana (industrialisation under Nkrumah, Akosombo Dam).
• Must evaluate effectiveness: growth achieved? inequality addressed? sustainability? foreign dependency?
• Strong answers consider both short-term and long-term outcomes.
• Band 3 (7-9): Some relevant knowledge but limited evaluation or comparison.
• Band 1 (1-3): Vague; minimal specific evidence.', 159);
INSERT OR IGNORE INTO history_written_questions (id, category, difficulty, question_type, unit, marks, question_text, mark_scheme, sort_order) VALUES ('hist-p2-wq-159', '4. Responses to Challenges', 'SL/HL', 'short_answer', 'P2-INDP', 15, 'Discuss the extent to which the adoption of one-party states was an effective response to post-independence challenges in one state.', '• Band 5 (13-15): Detailed analysis of one-party rule as a response, weighing benefits against drawbacks with specific evidence. Arguments for: national unity, rapid decision-making, stability, overcoming ethnic divisions, focused economic planning. Arguments against: suppression of opposition, human rights abuses, corruption, lack of accountability, eventual instability.
• Case studies: Nkrumah''s Ghana (CPP dominance, Preventive Detention Act), Nyerere''s Tanzania (TANU/CCM), Kenyatta''s Kenya (KANU).
• Must offer clear judgement on ''effectiveness''.
• Band 3 (7-9): Narrative with some analysis; may not fully evaluate effectiveness.
• Band 1 (1-3): Generalised claims; no specific case study evidence.', 160);
