-- ════════════════════════════════════════════════════════════════════════════
-- 0043 · Paper 3 History Content (Americas + Europe)
--        flashcards, checklists, MCQ, written questions
-- ════════════════════════════════════════════════════════════════════════════

-- ══ Paper 3: History of the Americas (unit = 'P3-AME') ═══════════════════════════════════

-- Category colors
INSERT OR IGNORE INTO history_category_colors (category, color) VALUES ('1. Pre-Columbian & Colonial Americas', '#8B6B9E');
INSERT OR IGNORE INTO history_category_colors (category, color) VALUES ('2. Independence & Nation-Building', '#8B6B9E');
INSERT OR IGNORE INTO history_category_colors (category, color) VALUES ('3. US Civil War', '#8B6B9E');
INSERT OR IGNORE INTO history_category_colors (category, color) VALUES ('4. Modern Americas (1865–1929)', '#8B6B9E');
INSERT OR IGNORE INTO history_category_colors (category, color) VALUES ('5. Depression & World War II', '#8B6B9E');
INSERT OR IGNORE INTO history_category_colors (category, color) VALUES ('6. Post-War Americas (1945–1981)', '#8B6B9E');
INSERT OR IGNORE INTO history_category_colors (category, color) VALUES ('7. Civil Rights & Contemporary', '#8B6B9E');

INSERT OR IGNORE INTO history_checklist_sections (id, title, color, unit, sort_order) VALUES ('hist-p3-ame-cl-1', '1. Pre-Columbian & Colonial Americas', '#8B6B9E', 'P3-AME', 201);
INSERT INTO history_checklist_items (section_id, text, sort_order) VALUES ('hist-p3-ame-cl-1', 'Understand types of indigenous political organization', 1);
INSERT INTO history_checklist_items (section_id, text, sort_order) VALUES ('hist-p3-ame-cl-1', 'Compare Aztec and Inca imperial structures', 2);
INSERT INTO history_checklist_items (section_id, text, sort_order) VALUES ('hist-p3-ame-cl-1', 'Know economic systems: tribute, trade networks, agricultural techniques', 3);
INSERT INTO history_checklist_items (section_id, text, sort_order) VALUES ('hist-p3-ame-cl-1', 'Understand social hierarchies in at least two indigenous societies', 4);
INSERT INTO history_checklist_items (section_id, text, sort_order) VALUES ('hist-p3-ame-cl-1', 'Assess the role of religion and ritual in indigenous cultures', 5);
INSERT INTO history_checklist_items (section_id, text, sort_order) VALUES ('hist-p3-ame-cl-1', 'Know the role of warfare in political expansion', 6);
INSERT INTO history_checklist_items (section_id, text, sort_order) VALUES ('hist-p3-ame-cl-1', 'Compare gender roles across different indigenous societies', 7);
INSERT INTO history_checklist_items (section_id, text, sort_order) VALUES ('hist-p3-ame-cl-1', 'Understand cultural achievements (architecture, astronomy, art)', 8);
INSERT INTO history_checklist_items (section_id, text, sort_order) VALUES ('hist-p3-ame-cl-1', 'Evaluate the sophistication of indigenous political systems', 9);
INSERT INTO history_checklist_items (section_id, text, sort_order) VALUES ('hist-p3-ame-cl-1', 'Be prepared to compare two indigenous societies in detail', 10);
INSERT INTO history_checklist_items (section_id, text, sort_order) VALUES ('hist-p3-ame-cl-1', 'Know the motives for European exploration (economic, religious, technological)', 11);
INSERT INTO history_checklist_items (section_id, text, sort_order) VALUES ('hist-p3-ame-cl-1', 'Understand Cortes''s conquest of the Aztecs: strategies and reasons for success', 12);
INSERT INTO history_checklist_items (section_id, text, sort_order) VALUES ('hist-p3-ame-cl-1', 'Analyze Pizarro''s conquest of the Inca', 13);
INSERT INTO history_checklist_items (section_id, text, sort_order) VALUES ('hist-p3-ame-cl-1', 'Evaluate the impact of the Columbian Exchange', 14);
INSERT INTO history_checklist_items (section_id, text, sort_order) VALUES ('hist-p3-ame-cl-1', 'Assess the treatment of indigenous populations (encomienda, New Laws)', 15);
INSERT INTO history_checklist_items (section_id, text, sort_order) VALUES ('hist-p3-ame-cl-1', 'Understand European rivalries and their impact on the Americas', 16);
INSERT INTO history_checklist_items (section_id, text, sort_order) VALUES ('hist-p3-ame-cl-1', 'Know the economic exploitation of the Americas (gold, silver, fur)', 17);
INSERT INTO history_checklist_items (section_id, text, sort_order) VALUES ('hist-p3-ame-cl-1', 'Evaluate the demographic catastrophe caused by disease', 18);
INSERT INTO history_checklist_items (section_id, text, sort_order) VALUES ('hist-p3-ame-cl-1', 'Understand the social stratification created by colonialism', 19);
INSERT INTO history_checklist_items (section_id, text, sort_order) VALUES ('hist-p3-ame-cl-1', 'Assess the role of religion in exploration and conquest', 20);
INSERT INTO history_checklist_items (section_id, text, sort_order) VALUES ('hist-p3-ame-cl-1', 'Compare colonial governance systems: Spanish, British, French, Portuguese', 21);
INSERT INTO history_checklist_items (section_id, text, sort_order) VALUES ('hist-p3-ame-cl-1', 'Understand the viceroyalty system and Spanish colonial administration', 22);
INSERT INTO history_checklist_items (section_id, text, sort_order) VALUES ('hist-p3-ame-cl-1', 'Know the development of representative government in British colonies', 23);
INSERT INTO history_checklist_items (section_id, text, sort_order) VALUES ('hist-p3-ame-cl-1', 'Assess the role of mercantilism in shaping colonial economies', 24);
INSERT INTO history_checklist_items (section_id, text, sort_order) VALUES ('hist-p3-ame-cl-1', 'Evaluate social stratification in different colonial systems', 25);
INSERT INTO history_checklist_items (section_id, text, sort_order) VALUES ('hist-p3-ame-cl-1', 'Understand the role of the Church in colonial governance', 26);
INSERT INTO history_checklist_items (section_id, text, sort_order) VALUES ('hist-p3-ame-cl-1', 'Compare treatment of indigenous peoples across colonial systems', 27);
INSERT INTO history_checklist_items (section_id, text, sort_order) VALUES ('hist-p3-ame-cl-1', 'Know the economic development of different colonial regions', 28);
INSERT INTO history_checklist_items (section_id, text, sort_order) VALUES ('hist-p3-ame-cl-1', 'Assess the degree of colonial autonomy under different empires', 29);
INSERT INTO history_checklist_items (section_id, text, sort_order) VALUES ('hist-p3-ame-cl-1', 'Evaluate challenges facing colonial governments (distance, diversity, resistance)', 30);
INSERT INTO history_checklist_items (section_id, text, sort_order) VALUES ('hist-p3-ame-cl-1', 'Understand Catholic Church aims and influence in Spanish and Portuguese America', 31);
INSERT INTO history_checklist_items (section_id, text, sort_order) VALUES ('hist-p3-ame-cl-1', 'Know the roles of different religious orders (Jesuits, Franciscans, Dominicans)', 32);
INSERT INTO history_checklist_items (section_id, text, sort_order) VALUES ('hist-p3-ame-cl-1', 'Evaluate the Jesuit Reductions in Paraguay', 33);
INSERT INTO history_checklist_items (section_id, text, sort_order) VALUES ('hist-p3-ame-cl-1', 'Analyze the emergence of syncretism in the Americas', 34);
INSERT INTO history_checklist_items (section_id, text, sort_order) VALUES ('hist-p3-ame-cl-1', 'Understand the role of religion in British North American colonies', 35);
INSERT INTO history_checklist_items (section_id, text, sort_order) VALUES ('hist-p3-ame-cl-1', 'Assess the Great Awakening and its impact', 36);
INSERT INTO history_checklist_items (section_id, text, sort_order) VALUES ('hist-p3-ame-cl-1', 'Compare Catholic and Protestant approaches to colonization', 37);
INSERT INTO history_checklist_items (section_id, text, sort_order) VALUES ('hist-p3-ame-cl-1', 'Evaluate the impact of religion on indigenous populations', 38);
INSERT INTO history_checklist_items (section_id, text, sort_order) VALUES ('hist-p3-ame-cl-1', 'Know the role of the Church in New France', 39);
INSERT INTO history_checklist_items (section_id, text, sort_order) VALUES ('hist-p3-ame-cl-1', 'Assess the development of religious tolerance in the Americas', 40);
INSERT INTO history_checklist_items (section_id, text, sort_order) VALUES ('hist-p3-ame-cl-1', 'Understand the origins and development of the Atlantic slave trade', 41);
INSERT INTO history_checklist_items (section_id, text, sort_order) VALUES ('hist-p3-ame-cl-1', 'Know the triangular trade system and its components', 42);
INSERT INTO history_checklist_items (section_id, text, sort_order) VALUES ('hist-p3-ame-cl-1', 'Evaluate the conditions of the Middle Passage', 43);
INSERT INTO history_checklist_items (section_id, text, sort_order) VALUES ('hist-p3-ame-cl-1', 'Analyze the plantation system and its economic significance', 44);
INSERT INTO history_checklist_items (section_id, text, sort_order) VALUES ('hist-p3-ame-cl-1', 'Compare slavery in different colonial systems (Spanish, British, French, Portuguese)', 45);
INSERT INTO history_checklist_items (section_id, text, sort_order) VALUES ('hist-p3-ame-cl-1', 'Assess forms of slave resistance (everyday resistance, revolts, maroon communities)', 46);
INSERT INTO history_checklist_items (section_id, text, sort_order) VALUES ('hist-p3-ame-cl-1', 'Understand the legal frameworks governing slavery', 47);
INSERT INTO history_checklist_items (section_id, text, sort_order) VALUES ('hist-p3-ame-cl-1', 'Evaluate the cultural impact of African diaspora communities', 48);
INSERT INTO history_checklist_items (section_id, text, sort_order) VALUES ('hist-p3-ame-cl-1', 'Know the beginnings of abolitionist thought', 49);
INSERT INTO history_checklist_items (section_id, text, sort_order) VALUES ('hist-p3-ame-cl-1', 'Assess the long-term economic and social legacy of slavery', 50);
INSERT OR IGNORE INTO history_flashcard_topics (id, label, color, unit, sort_order) VALUES ('hist-p3-ame-fc-1', '1. Pre-Columbian & Colonial Americas', '#8B6B9E', 'P3-AME', 1);
INSERT INTO history_flashcards (topic_id, term, definition, sort_order) VALUES ('hist-p3-ame-fc-1', 'What were the main types of political organization among indigenous peoples?', 'Non-sedentary (nomadic hunters/gatherers), semi-sedentary (seasonal agriculture), confederations (e.g., Iroquois Confederacy), and empires (Aztec, Inca).', 1);
INSERT INTO history_flashcards (topic_id, term, definition, sort_order) VALUES ('hist-p3-ame-fc-1', 'What was the Aztec tribute system?', 'A system where conquered peoples paid tribute in goods, labor, or sacrificial victims to the Aztec Empire, forming the economic foundation of Tenochtitlan.', 2);
INSERT INTO history_flashcards (topic_id, term, definition, sort_order) VALUES ('hist-p3-ame-fc-1', 'What was the Inca road system (Qhapaq Nan)?', 'An extensive network of roads spanning over 30,000 km across the Andes, enabling communication, trade, and military movement throughout the Inca Empire.', 3);
INSERT INTO history_flashcards (topic_id, term, definition, sort_order) VALUES ('hist-p3-ame-fc-1', 'What was quipu?', 'A system of knotted strings used by the Inca for record-keeping, accounting, and communication in the absence of a written language.', 4);
INSERT INTO history_flashcards (topic_id, term, definition, sort_order) VALUES ('hist-p3-ame-fc-1', 'What was chinampas agriculture?', 'A form of Aztec agriculture using ''floating gardens'' built on lake beds, enabling intensive crop production to feed Tenochtitlan''s large population.', 5);
INSERT INTO history_flashcards (topic_id, term, definition, sort_order) VALUES ('hist-p3-ame-fc-1', 'What was the Iroquois Confederacy?', 'A political alliance of five (later six) Native American nations in northeastern North America, known for its sophisticated system of consensus-based governance.', 6);
INSERT INTO history_flashcards (topic_id, term, definition, sort_order) VALUES ('hist-p3-ame-fc-1', 'What was the role of religion in Aztec society?', 'Religion permeated all aspects of Aztec life; rituals including human sacrifice were believed necessary to sustain the cosmos and ensure agricultural fertility.', 7);
INSERT INTO history_flashcards (topic_id, term, definition, sort_order) VALUES ('hist-p3-ame-fc-1', 'What was mit''a labor?', 'An Inca system of mandatory public service where citizens contributed labor for state projects (roads, temples, military) in exchange for state-provided food and goods.', 8);
INSERT INTO history_flashcards (topic_id, term, definition, sort_order) VALUES ('hist-p3-ame-fc-1', 'Why did Columbus sail west in 1492?', 'Seeking a western sea route to Asia for the Spanish Crown, motivated by trade opportunities, religious zeal, and personal ambition.', 9);
INSERT INTO history_flashcards (topic_id, term, definition, sort_order) VALUES ('hist-p3-ame-fc-1', 'What was the conquest of the Aztecs?', 'Hernan Cortes led a small Spanish force that, with indigenous allies, disease, and superior weapons, conquered the Aztec Empire by 1521.', 10);
INSERT INTO history_flashcards (topic_id, term, definition, sort_order) VALUES ('hist-p3-ame-fc-1', 'What was the Columbian Exchange?', 'The transfer of plants (corn, potatoes to Europe; wheat, sugar to Americas), animals (horses, cattle to Americas), and diseases (smallpox to Americas) between hemispheres.', 11);
INSERT INTO history_flashcards (topic_id, term, definition, sort_order) VALUES ('hist-p3-ame-fc-1', 'What was the Treaty of Tordesillas (1494)?', 'A papal-mediated agreement dividing newly discovered lands between Spain and Portugal along a meridian in the Atlantic.', 12);
INSERT INTO history_flashcards (topic_id, term, definition, sort_order) VALUES ('hist-p3-ame-fc-1', 'What was the encomienda system?', 'A Spanish colonial labor system granting colonists the right to demand tribute and labor from indigenous people in exchange for ''protection'' and religious instruction.', 13);
INSERT INTO history_flashcards (topic_id, term, definition, sort_order) VALUES ('hist-p3-ame-fc-1', 'What was the Law of Burgos (1512)?', 'Spanish laws attempting to regulate the treatment of indigenous peoples, including limits on forced labor, though enforcement was weak.', 14);
INSERT INTO history_flashcards (topic_id, term, definition, sort_order) VALUES ('hist-p3-ame-fc-1', 'How did Pizarro conquer the Inca?', 'Francisco Pizarro exploited the Inca civil war, captured Emperor Atahualpa at Cajamarca (1532), and used disease, military technology, and indigenous divisions to conquer the empire.', 15);
INSERT INTO history_flashcards (topic_id, term, definition, sort_order) VALUES ('hist-p3-ame-fc-1', 'What was the ''Black Legend''?', 'The characterization of Spanish colonization as uniquely cruel, partly based on Bartolome de las Casas''s writings, used by rival colonial powers for propaganda.', 16);
INSERT INTO history_flashcards (topic_id, term, definition, sort_order) VALUES ('hist-p3-ame-fc-1', 'What was the viceroyalty system?', 'Spain''s system of colonial administration where viceroys governed large territories (New Spain, Peru) as representatives of the Spanish Crown.', 17);
INSERT INTO history_flashcards (topic_id, term, definition, sort_order) VALUES ('hist-p3-ame-fc-1', 'What was the cabildo?', 'A colonial Spanish town council that provided local governance and became an important institution for Creole political expression.', 18);
INSERT INTO history_flashcards (topic_id, term, definition, sort_order) VALUES ('hist-p3-ame-fc-1', 'What was mercantilism in colonial context?', 'The economic policy requiring colonies to trade exclusively with their mother country, serving as sources of raw materials and markets for manufactured goods.', 19);
INSERT INTO history_flashcards (topic_id, term, definition, sort_order) VALUES ('hist-p3-ame-fc-1', 'What was the House of Burgesses?', 'Established in Virginia in 1619, it was the first representative legislative assembly in British North America.', 20);
INSERT INTO history_flashcards (topic_id, term, definition, sort_order) VALUES ('hist-p3-ame-fc-1', 'What were the Navigation Acts?', 'British laws (1651 onwards) restricting colonial trade to English/British ships and ports, enforcing mercantilist policies.', 21);
INSERT INTO history_flashcards (topic_id, term, definition, sort_order) VALUES ('hist-p3-ame-fc-1', 'What was New France''s colonial administration?', 'A centralized system under a governor-general and intendant appointed by the French Crown, with limited local self-governance.', 22);
INSERT INTO history_flashcards (topic_id, term, definition, sort_order) VALUES ('hist-p3-ame-fc-1', 'What was the social hierarchy in Spanish colonies?', 'Peninsulares (Spanish-born) at top, then Creoles (American-born Spanish), Mestizos (mixed), Indigenous peoples, and enslaved Africans at the bottom.', 23);
INSERT INTO history_flashcards (topic_id, term, definition, sort_order) VALUES ('hist-p3-ame-fc-1', 'What was salutary neglect?', 'The British policy of loosely enforcing trade regulations in the American colonies, allowing them significant self-governance, which ended after 1763.', 24);
INSERT INTO history_flashcards (topic_id, term, definition, sort_order) VALUES ('hist-p3-ame-fc-1', 'What was the role of the Catholic Church in Spanish colonies?', 'The Church served as a tool of colonization, converting indigenous peoples, establishing missions and schools, and functioning as a major landowner and political force.', 25);
INSERT INTO history_flashcards (topic_id, term, definition, sort_order) VALUES ('hist-p3-ame-fc-1', 'What was syncretism?', 'The blending of indigenous religious beliefs and practices with Christianity, creating unique hybrid religious traditions (e.g., Day of the Dead, Vodou).', 26);
INSERT INTO history_flashcards (topic_id, term, definition, sort_order) VALUES ('hist-p3-ame-fc-1', 'Who were the Jesuits in the Americas?', 'Members of the Society of Jesus who established missions, particularly in South America (Reductions in Paraguay), protecting indigenous peoples while converting them.', 27);
INSERT INTO history_flashcards (topic_id, term, definition, sort_order) VALUES ('hist-p3-ame-fc-1', 'What was the Great Awakening?', 'A series of religious revivals in British North America (1730s--1740s) that increased religious participation, challenged established churches, and promoted individual spiritual experience.', 28);
INSERT INTO history_flashcards (topic_id, term, definition, sort_order) VALUES ('hist-p3-ame-fc-1', 'What was the role of Puritans in New England?', 'Puritans established colonies (Massachusetts Bay) as religious communities, creating theocratic governance, mandatory church attendance, and strict moral codes.', 29);
INSERT INTO history_flashcards (topic_id, term, definition, sort_order) VALUES ('hist-p3-ame-fc-1', 'What were the Jesuit Reductions?', 'Mission communities in South America (particularly Paraguay) where Jesuits organized indigenous peoples into self-governing agricultural communities with education and healthcare.', 30);
INSERT INTO history_flashcards (topic_id, term, definition, sort_order) VALUES ('hist-p3-ame-fc-1', 'What was the Inquisition in the Americas?', 'The extension of the Catholic Inquisition to the colonies, targeting heresy, crypto-Judaism, and indigenous religious practices, enforcing Catholic orthodoxy.', 31);
INSERT INTO history_flashcards (topic_id, term, definition, sort_order) VALUES ('hist-p3-ame-fc-1', 'What was religious tolerance in colonial America?', 'Some colonies (Rhode Island, Pennsylvania, Maryland) offered varying degrees of religious freedom, contrasting with the religious uniformity of other European colonies.', 32);
INSERT INTO history_flashcards (topic_id, term, definition, sort_order) VALUES ('hist-p3-ame-fc-1', 'What was the triangular trade?', 'A three-leg trading system: manufactured goods from Europe to Africa, enslaved Africans to the Americas (Middle Passage), and raw materials/cash crops back to Europe.', 33);
INSERT INTO history_flashcards (topic_id, term, definition, sort_order) VALUES ('hist-p3-ame-fc-1', 'What was the Middle Passage?', 'The forced transatlantic voyage of enslaved Africans to the Americas, characterized by horrific conditions, with mortality rates of 10--20% or higher.', 34);
INSERT INTO history_flashcards (topic_id, term, definition, sort_order) VALUES ('hist-p3-ame-fc-1', 'What was the plantation system?', 'Large-scale agricultural operations in the Americas using enslaved labor to produce cash crops (sugar, tobacco, cotton, coffee) for export.', 35);
INSERT INTO history_flashcards (topic_id, term, definition, sort_order) VALUES ('hist-p3-ame-fc-1', 'What was the Code Noir?', 'A French legal code (1685) regulating slavery in French colonies, defining the status of enslaved people and providing some minimal protections.', 36);
INSERT INTO history_flashcards (topic_id, term, definition, sort_order) VALUES ('hist-p3-ame-fc-1', 'What forms did slave resistance take?', 'Resistance included: work slowdowns, sabotage, maintaining cultural practices, running away (maroon communities), and armed revolts (e.g., Stono Rebellion 1739).', 37);
INSERT INTO history_flashcards (topic_id, term, definition, sort_order) VALUES ('hist-p3-ame-fc-1', 'What were maroon communities?', 'Settlements of escaped enslaved people who formed independent communities in remote areas, particularly in the Caribbean, Brazil, and Suriname.', 38);
INSERT INTO history_flashcards (topic_id, term, definition, sort_order) VALUES ('hist-p3-ame-fc-1', 'How did slavery differ across colonial systems?', 'Spanish law allowed some paths to freedom; British system was more rigidly racial; French Code Noir was codified but harsh; Portuguese system in Brazil was the largest in the Americas.', 39);
INSERT INTO history_flashcards (topic_id, term, definition, sort_order) VALUES ('hist-p3-ame-fc-1', 'What was the economic importance of slavery?', 'Enslaved labor was fundamental to colonial economies, producing sugar, tobacco, cotton, rice, and other commodities that generated enormous wealth for European powers.', 40);
INSERT OR IGNORE INTO history_mcq_questions (id, category, difficulty, unit, question_text, option_a, option_b, option_c, option_d, correct_option, explanation, sort_order) VALUES ('hist-p3-mcq-500', '1. Pre-Columbian & Colonial Americas', 'HL', 'P3-AME', 'The Aztec capital Tenochtitlan was built on:', 'A mountain plateau', 'An island in Lake Texcoco', 'A river delta', 'A coastal peninsula', 1, 'See mark scheme for detailed explanation.', 501);
INSERT OR IGNORE INTO history_mcq_questions (id, category, difficulty, unit, question_text, option_a, option_b, option_c, option_d, correct_option, explanation, sort_order) VALUES ('hist-p3-mcq-501', '1. Pre-Columbian & Colonial Americas', 'HL', 'P3-AME', 'The Inca used quipu for:', 'Writing literature', 'Religious ceremonies', 'Record-keeping and accounting', 'Navigation', 2, 'See mark scheme for detailed explanation.', 502);
INSERT OR IGNORE INTO history_mcq_questions (id, category, difficulty, unit, question_text, option_a, option_b, option_c, option_d, correct_option, explanation, sort_order) VALUES ('hist-p3-mcq-502', '1. Pre-Columbian & Colonial Americas', 'HL', 'P3-AME', 'The Iroquois Confederacy originally consisted of:', 'Three nations', 'Five nations', 'Seven nations', 'Twelve nations', 1, 'See mark scheme for detailed explanation.', 503);
INSERT OR IGNORE INTO history_mcq_questions (id, category, difficulty, unit, question_text, option_a, option_b, option_c, option_d, correct_option, explanation, sort_order) VALUES ('hist-p3-mcq-503', '1. Pre-Columbian & Colonial Americas', 'HL', 'P3-AME', 'Chinampas were:', 'Stone temples', 'Floating gardens', 'Military fortifications', 'Trade routes', 1, 'See mark scheme for detailed explanation.', 504);
INSERT OR IGNORE INTO history_mcq_questions (id, category, difficulty, unit, question_text, option_a, option_b, option_c, option_d, correct_option, explanation, sort_order) VALUES ('hist-p3-mcq-504', '1. Pre-Columbian & Colonial Americas', 'HL', 'P3-AME', 'The Inca mit''a system was a form of:', 'Slavery', 'Mandatory labor service', 'Monetary taxation', 'Military conscription only', 1, 'See mark scheme for detailed explanation.', 505);
INSERT OR IGNORE INTO history_mcq_questions (id, category, difficulty, unit, question_text, option_a, option_b, option_c, option_d, correct_option, explanation, sort_order) VALUES ('hist-p3-mcq-505', '1. Pre-Columbian & Colonial Americas', 'HL', 'P3-AME', 'B | 2. C | 3. B | 4. B | 5. B', '', '', '', '', 1, 'See mark scheme for detailed explanation.', 506);
INSERT OR IGNORE INTO history_mcq_questions (id, category, difficulty, unit, question_text, option_a, option_b, option_c, option_d, correct_option, explanation, sort_order) VALUES ('hist-p3-mcq-506', '1. Pre-Columbian & Colonial Americas', 'HL', 'P3-AME', 'Cortes conquered the Aztec Empire by:', '1510', '1521', '1533', '1545', 1, 'See mark scheme for detailed explanation.', 507);
INSERT OR IGNORE INTO history_mcq_questions (id, category, difficulty, unit, question_text, option_a, option_b, option_c, option_d, correct_option, explanation, sort_order) VALUES ('hist-p3-mcq-507', '1. Pre-Columbian & Colonial Americas', 'HL', 'P3-AME', 'The encomienda system granted Spanish colonists:', 'Land ownership only', 'The right to indigenous labor and tribute', 'Political independence from Spain', 'Trading monopolies with Asia', 1, 'See mark scheme for detailed explanation.', 508);
INSERT OR IGNORE INTO history_mcq_questions (id, category, difficulty, unit, question_text, option_a, option_b, option_c, option_d, correct_option, explanation, sort_order) VALUES ('hist-p3-mcq-508', '1. Pre-Columbian & Colonial Americas', 'HL', 'P3-AME', 'The main reason for the catastrophic decline of indigenous populations was:', 'Warfare with Europeans', 'Starvation', 'European diseases', 'Enslavement', 2, 'See mark scheme for detailed explanation.', 509);
INSERT OR IGNORE INTO history_mcq_questions (id, category, difficulty, unit, question_text, option_a, option_b, option_c, option_d, correct_option, explanation, sort_order) VALUES ('hist-p3-mcq-509', '1. Pre-Columbian & Colonial Americas', 'HL', 'P3-AME', 'Pizarro captured the Inca emperor at:', 'Cusco', 'Cajamarca', 'Quito', 'Machu Picchu', 1, 'See mark scheme for detailed explanation.', 510);
INSERT OR IGNORE INTO history_mcq_questions (id, category, difficulty, unit, question_text, option_a, option_b, option_c, option_d, correct_option, explanation, sort_order) VALUES ('hist-p3-mcq-510', '1. Pre-Columbian & Colonial Americas', 'HL', 'P3-AME', 'Bartolome de las Casas is known for:', 'Leading the conquest of Mexico', 'Advocating for indigenous rights', 'Establishing the encomienda system', 'Discovering the Pacific Ocean', 1, 'See mark scheme for detailed explanation.', 511);
INSERT OR IGNORE INTO history_mcq_questions (id, category, difficulty, unit, question_text, option_a, option_b, option_c, option_d, correct_option, explanation, sort_order) VALUES ('hist-p3-mcq-511', '1. Pre-Columbian & Colonial Americas', 'HL', 'P3-AME', 'B | 2. B | 3. C | 4. B | 5. B', '', '', '', '', 1, 'See mark scheme for detailed explanation.', 512);
INSERT OR IGNORE INTO history_mcq_questions (id, category, difficulty, unit, question_text, option_a, option_b, option_c, option_d, correct_option, explanation, sort_order) VALUES ('hist-p3-mcq-512', '1. Pre-Columbian & Colonial Americas', 'HL', 'P3-AME', 'The viceroyalty system was used by:', 'Britain', 'France', 'Spain', 'The Netherlands', 2, 'See mark scheme for detailed explanation.', 513);
INSERT OR IGNORE INTO history_mcq_questions (id, category, difficulty, unit, question_text, option_a, option_b, option_c, option_d, correct_option, explanation, sort_order) VALUES ('hist-p3-mcq-513', '1. Pre-Columbian & Colonial Americas', 'HL', 'P3-AME', 'The House of Burgesses was established in:', '1607', '1619', '1630', '1688', 1, 'See mark scheme for detailed explanation.', 514);
INSERT OR IGNORE INTO history_mcq_questions (id, category, difficulty, unit, question_text, option_a, option_b, option_c, option_d, correct_option, explanation, sort_order) VALUES ('hist-p3-mcq-514', '1. Pre-Columbian & Colonial Americas', 'HL', 'P3-AME', 'In the Spanish colonial social hierarchy, Creoles were:', 'Spanish-born colonists', 'American-born people of Spanish descent', 'People of mixed heritage', 'Indigenous leaders', 1, 'See mark scheme for detailed explanation.', 515);
INSERT OR IGNORE INTO history_mcq_questions (id, category, difficulty, unit, question_text, option_a, option_b, option_c, option_d, correct_option, explanation, sort_order) VALUES ('hist-p3-mcq-515', '1. Pre-Columbian & Colonial Americas', 'HL', 'P3-AME', 'The Navigation Acts were designed to:', 'Promote free trade', 'Restrict colonial trade to British vessels and ports', 'Encourage colonial manufacturing', 'Allow colonial self-governance', 1, 'See mark scheme for detailed explanation.', 516);
INSERT OR IGNORE INTO history_mcq_questions (id, category, difficulty, unit, question_text, option_a, option_b, option_c, option_d, correct_option, explanation, sort_order) VALUES ('hist-p3-mcq-516', '1. Pre-Columbian & Colonial Americas', 'HL', 'P3-AME', 'Salutary neglect refers to:', 'Spain''s harsh colonial policies', 'Britain''s loose enforcement of trade laws', 'France''s religious policies', 'Portuguese neglect of Brazil', 1, 'See mark scheme for detailed explanation.', 517);
INSERT OR IGNORE INTO history_mcq_questions (id, category, difficulty, unit, question_text, option_a, option_b, option_c, option_d, correct_option, explanation, sort_order) VALUES ('hist-p3-mcq-517', '1. Pre-Columbian & Colonial Americas', 'HL', 'P3-AME', 'C | 2. B | 3. B | 4. B | 5. B', '', '', '', '', 2, 'See mark scheme for detailed explanation.', 518);
INSERT OR IGNORE INTO history_mcq_questions (id, category, difficulty, unit, question_text, option_a, option_b, option_c, option_d, correct_option, explanation, sort_order) VALUES ('hist-p3-mcq-518', '1. Pre-Columbian & Colonial Americas', 'HL', 'P3-AME', 'The Jesuit Reductions were primarily located in:', 'Mexico', 'Paraguay', 'New England', 'Cuba', 1, 'See mark scheme for detailed explanation.', 519);
INSERT OR IGNORE INTO history_mcq_questions (id, category, difficulty, unit, question_text, option_a, option_b, option_c, option_d, correct_option, explanation, sort_order) VALUES ('hist-p3-mcq-519', '1. Pre-Columbian & Colonial Americas', 'HL', 'P3-AME', 'The Great Awakening occurred in the:', '1660s--1670s', '1700s--1710s', '1730s--1740s', '1780s--1790s', 2, 'See mark scheme for detailed explanation.', 520);
INSERT OR IGNORE INTO history_mcq_questions (id, category, difficulty, unit, question_text, option_a, option_b, option_c, option_d, correct_option, explanation, sort_order) VALUES ('hist-p3-mcq-520', '1. Pre-Columbian & Colonial Americas', 'HL', 'P3-AME', 'Syncretism in the Americas refers to:', 'The separation of Church and State', 'The blending of indigenous and Christian beliefs', 'Protestant-Catholic conflicts', 'The establishment of missions', 1, 'See mark scheme for detailed explanation.', 521);
INSERT OR IGNORE INTO history_mcq_questions (id, category, difficulty, unit, question_text, option_a, option_b, option_c, option_d, correct_option, explanation, sort_order) VALUES ('hist-p3-mcq-521', '1. Pre-Columbian & Colonial Americas', 'HL', 'P3-AME', 'Which colony was founded on principles of religious tolerance?', 'Virginia', 'Massachusetts Bay', 'Rhode Island', 'South Carolina', 2, 'See mark scheme for detailed explanation.', 522);
INSERT OR IGNORE INTO history_mcq_questions (id, category, difficulty, unit, question_text, option_a, option_b, option_c, option_d, correct_option, explanation, sort_order) VALUES ('hist-p3-mcq-522', '1. Pre-Columbian & Colonial Americas', 'HL', 'P3-AME', 'The Inquisition in the Americas targeted:', 'Only indigenous peoples', 'Heresy and non-Catholic practices', 'Protestant missionaries only', 'Political dissidents only', 1, 'See mark scheme for detailed explanation.', 523);
INSERT OR IGNORE INTO history_mcq_questions (id, category, difficulty, unit, question_text, option_a, option_b, option_c, option_d, correct_option, explanation, sort_order) VALUES ('hist-p3-mcq-523', '1. Pre-Columbian & Colonial Americas', 'HL', 'P3-AME', 'B | 2. C | 3. B | 4. C | 5. B', '', '', '', '', 1, 'See mark scheme for detailed explanation.', 524);
INSERT OR IGNORE INTO history_mcq_questions (id, category, difficulty, unit, question_text, option_a, option_b, option_c, option_d, correct_option, explanation, sort_order) VALUES ('hist-p3-mcq-524', '1. Pre-Columbian & Colonial Americas', 'HL', 'P3-AME', 'The Middle Passage refers to:', 'The voyage from Europe to Africa', 'The transatlantic voyage of enslaved Africans', 'The trade route from Americas to Europe', 'An overland slave route in Africa', 1, 'See mark scheme for detailed explanation.', 525);
INSERT OR IGNORE INTO history_mcq_questions (id, category, difficulty, unit, question_text, option_a, option_b, option_c, option_d, correct_option, explanation, sort_order) VALUES ('hist-p3-mcq-525', '1. Pre-Columbian & Colonial Americas', 'HL', 'P3-AME', 'The largest slave-receiving region in the Americas was:', 'British North America', 'The Caribbean', 'Brazil', 'Spanish America', 2, 'See mark scheme for detailed explanation.', 526);
INSERT OR IGNORE INTO history_mcq_questions (id, category, difficulty, unit, question_text, option_a, option_b, option_c, option_d, correct_option, explanation, sort_order) VALUES ('hist-p3-mcq-526', '1. Pre-Columbian & Colonial Americas', 'HL', 'P3-AME', 'Maroon communities were:', 'Trading posts', 'Settlements of escaped enslaved people', 'Missionary outposts', 'Colonial administrative centers', 1, 'See mark scheme for detailed explanation.', 527);
INSERT OR IGNORE INTO history_mcq_questions (id, category, difficulty, unit, question_text, option_a, option_b, option_c, option_d, correct_option, explanation, sort_order) VALUES ('hist-p3-mcq-527', '1. Pre-Columbian & Colonial Americas', 'HL', 'P3-AME', 'The Code Noir was a:', 'British abolitionist text', 'French legal code regulating slavery', 'Spanish missionary guide', 'Portuguese trade agreement', 1, 'See mark scheme for detailed explanation.', 528);
INSERT OR IGNORE INTO history_mcq_questions (id, category, difficulty, unit, question_text, option_a, option_b, option_c, option_d, correct_option, explanation, sort_order) VALUES ('hist-p3-mcq-528', '1. Pre-Columbian & Colonial Americas', 'HL', 'P3-AME', 'The Stono Rebellion (1739) occurred in:', 'Jamaica', 'Haiti', 'South Carolina', 'Virginia', 2, 'See mark scheme for detailed explanation.', 529);
INSERT OR IGNORE INTO history_mcq_questions (id, category, difficulty, unit, question_text, option_a, option_b, option_c, option_d, correct_option, explanation, sort_order) VALUES ('hist-p3-mcq-529', '1. Pre-Columbian & Colonial Americas', 'HL', 'P3-AME', 'B | 2. C | 3. B | 4. B | 5. C', '', '', '', '', 1, 'See mark scheme for detailed explanation.', 530);
INSERT OR IGNORE INTO history_written_questions (id, category, difficulty, question_type, unit, marks, question_text, mark_scheme, sort_order) VALUES ('hist-p3-wq-200', '1. Pre-Columbian & Colonial Americas', 'HL', 'short_answer', 'P3-AME', 15, 'Compare and contrast the political organization of the Aztec and Inca empires.', 'Similarities: both were large empires; both used tribute/labor systems; both had divine rulers; both expanded through conquest. Differences: Aztec system more decentralized (tribute from semi-autonomous states) vs Inca more centralized (direct provincial administration); different succession systems; Inca road network vs Aztec water-based transport; different approaches to incorporating conquered peoples. Top-band (13--15): explicit comparative analysis with detailed evidence.', 201);
INSERT OR IGNORE INTO history_written_questions (id, category, difficulty, question_type, unit, marks, question_text, mark_scheme, sort_order) VALUES ('hist-p3-wq-201', '1. Pre-Columbian & Colonial Americas', 'HL', 'short_answer', 'P3-AME', 15, 'Evaluate the economic achievements of one pre-Columbian indigenous society.', 'Should address specific economic features: agriculture (chinampas/terracing), trade networks, tribute systems, labor organization, specialization. Should evaluate ''achievements'' --- sophistication, sustainability, ability to support large populations. Top-band answers use specific evidence and assess significance rather than merely describing.', 202);
INSERT OR IGNORE INTO history_written_questions (id, category, difficulty, question_type, unit, marks, question_text, mark_scheme, sort_order) VALUES ('hist-p3-wq-202', '1. Pre-Columbian & Colonial Americas', 'HL', 'short_answer', 'P3-AME', 15, '"Indigenous societies in the Americas before 1500 were sophisticated and complex civilizations." To what extent do you agree?', 'Evidence of sophistication: urban planning (Tenochtitlan); engineering (Inca roads, irrigation); political systems (Iroquois Confederacy); agriculture (chinampas, terracing); cultural achievements (calendar, astronomy). Nuance: significant variation between societies; different measures of ''sophistication''; comparison with European standards may be misleading. Top-band answers address the complexity of the question and avoid Eurocentric framing.', 203);
INSERT OR IGNORE INTO history_written_questions (id, category, difficulty, question_type, unit, marks, question_text, mark_scheme, sort_order) VALUES ('hist-p3-wq-203', '1. Pre-Columbian & Colonial Americas', 'HL', 'short_answer', 'P3-AME', 15, 'Evaluate the reasons for Spanish success and Aztec defeat in the conquest of Mexico.', 'Spanish advantages: superior weapons (steel, guns, horses); indigenous allies (Tlaxcalans); disease (smallpox); Cortes''s political skill. Aztec disadvantages: internal divisions; initial hesitation (Moctezuma); religious beliefs; disease devastation; siege of Tenochtitlan. Top-band answers evaluate the relative importance of these factors and avoid simplistic explanations.', 204);
INSERT OR IGNORE INTO history_written_questions (id, category, difficulty, question_type, unit, marks, question_text, mark_scheme, sort_order) VALUES ('hist-p3-wq-204', '1. Pre-Columbian & Colonial Americas', 'HL', 'short_answer', 'P3-AME', 15, 'Discuss the impact of the Columbian Exchange on the Americas and Europe.', 'Americas: devastating disease impact; introduction of horses and livestock transformed societies; new crops; displacement of indigenous agriculture. Europe: new food crops (potato, corn, tomato) improved nutrition; influx of gold/silver caused price revolution; new economic opportunities. Top-band answers address both regions and evaluate long-term significance.', 205);
INSERT OR IGNORE INTO history_written_questions (id, category, difficulty, question_type, unit, marks, question_text, mark_scheme, sort_order) VALUES ('hist-p3-wq-205', '1. Pre-Columbian & Colonial Americas', 'HL', 'short_answer', 'P3-AME', 15, '"European treatment of indigenous populations was driven primarily by economic motives." To what extent do you agree?', 'Economic: encomienda for labor; mining; plantation agriculture; fur trade. Other motives: religious conversion; racial attitudes; legal frameworks (Law of Burgos, New Laws); some humanitarian voices (las Casas). Complexity: treatment varied by colonial power and period. Top-band answers evaluate the interplay of economic, religious, and ideological factors.', 206);
INSERT OR IGNORE INTO history_written_questions (id, category, difficulty, question_type, unit, marks, question_text, mark_scheme, sort_order) VALUES ('hist-p3-wq-206', '1. Pre-Columbian & Colonial Americas', 'HL', 'short_answer', 'P3-AME', 15, 'Compare and contrast political organization in Spanish America and British North America.', 'Spanish: centralized viceroyalty system; limited local autonomy; Council of the Indies; cabildos. British: greater local self-governance; colonial assemblies; salutary neglect; diverse colony types (royal, proprietary, charter). Similarities: both mercantilist; both had social hierarchies; both faced governance challenges. Top-band answers draw explicit comparisons with supporting evidence.', 207);
INSERT OR IGNORE INTO history_written_questions (id, category, difficulty, question_type, unit, marks, question_text, mark_scheme, sort_order) VALUES ('hist-p3-wq-207', '1. Pre-Columbian & Colonial Americas', 'HL', 'short_answer', 'P3-AME', 15, 'Evaluate the impact of mercantilism on colonial economies in the Americas.', 'Impact: shaped trade patterns; created economic dependency; stimulated some economic growth (plantation agriculture, mining); restricted colonial manufacturing; created smuggling and black markets; different effects on different colonies. Top-band answers evaluate both positive and negative effects and compare across colonial systems.', 208);
INSERT OR IGNORE INTO history_written_questions (id, category, difficulty, question_type, unit, marks, question_text, mark_scheme, sort_order) VALUES ('hist-p3-wq-208', '1. Pre-Columbian & Colonial Americas', 'HL', 'short_answer', 'P3-AME', 15, '"Colonial governments in the Americas served the interests of the mother country at the expense of colonial populations." To what extent do you agree?', 'Serving mother country: mercantilist trade restrictions; extraction of resources; taxation without representation; appointment of officials from Europe. Colonial benefits: infrastructure development; legal systems; trade connections; protection. Nuance: different experiences for different social groups; variation between colonial powers. Top-band answers evaluate the statement with reference to specific examples.', 209);
INSERT OR IGNORE INTO history_written_questions (id, category, difficulty, question_type, unit, marks, question_text, mark_scheme, sort_order) VALUES ('hist-p3-wq-209', '1. Pre-Columbian & Colonial Americas', 'HL', 'short_answer', 'P3-AME', 15, 'Evaluate the impact of religious orders in Spanish America.', 'Positive impacts: education and healthcare; protection of indigenous peoples (some orders); cultural preservation (recording languages); Jesuit Reductions as model communities. Negative impacts: forced conversion; destruction of indigenous beliefs; collaboration with colonial system; cultural imperialism. Top-band answers evaluate both perspectives with specific evidence.', 210);
INSERT OR IGNORE INTO history_written_questions (id, category, difficulty, question_type, unit, marks, question_text, mark_scheme, sort_order) VALUES ('hist-p3-wq-210', '1. Pre-Columbian & Colonial Americas', 'HL', 'short_answer', 'P3-AME', 15, 'Discuss the reasons for the emergence of syncretism in the Americas.', 'Reasons: forced conversion left indigenous beliefs alive beneath surface; strategic adaptation by indigenous peoples; similarities between some beliefs; isolation of missions; limited clergy; indigenous agency in interpreting Christianity. Examples: Day of the Dead, Virgin of Guadalupe, Vodou, Candomble. Top-band answers explain the process of syncretism with specific examples.', 211);
INSERT OR IGNORE INTO history_written_questions (id, category, difficulty, question_type, unit, marks, question_text, mark_scheme, sort_order) VALUES ('hist-p3-wq-211', '1. Pre-Columbian & Colonial Americas', 'HL', 'short_answer', 'P3-AME', 15, 'Assess the role of Christianity in one colonial area: British, Spanish, or French.', 'Should address: role in justifying colonization; impact on indigenous peoples; influence on colonial governance; social and cultural effects; educational institutions; relationship between Church and State; extent of religious freedom. Top-band answers provide detailed analysis of one specific colonial context.', 212);
INSERT OR IGNORE INTO history_written_questions (id, category, difficulty, question_type, unit, marks, question_text, mark_scheme, sort_order) VALUES ('hist-p3-wq-212', '1. Pre-Columbian & Colonial Americas', 'HL', 'short_answer', 'P3-AME', 15, 'Evaluate the importance of plantations in colonial American economies.', 'Importance: sugar, tobacco, cotton as major exports; drove demand for enslaved labor; generated enormous wealth; shaped colonial trade patterns; created planter aristocracy. Nuance: not all colonial economies were plantation-based; regional variations; long-term economic distortions; dependency on single crops. Top-band answers evaluate both the significance and the limitations of the plantation economy.', 213);
INSERT OR IGNORE INTO history_written_questions (id, category, difficulty, question_type, unit, marks, question_text, mark_scheme, sort_order) VALUES ('hist-p3-wq-213', '1. Pre-Columbian & Colonial Americas', 'HL', 'short_answer', 'P3-AME', 15, 'Compare and contrast the treatment of enslaved people in two colonial systems in the Americas.', 'Should compare legal frameworks, living conditions, family structures, paths to freedom, cultural autonomy, and forms of resistance across two systems (e.g., British vs Spanish, or French vs Portuguese). Top-band answers draw explicit comparisons and avoid simplistic generalizations.', 214);
INSERT OR IGNORE INTO history_written_questions (id, category, difficulty, question_type, unit, marks, question_text, mark_scheme, sort_order) VALUES ('hist-p3-wq-214', '1. Pre-Columbian & Colonial Americas', 'HL', 'short_answer', 'P3-AME', 15, '"Slave resistance was continuous and took many forms." Discuss with reference to the period 1500--1800.', 'Forms of resistance: everyday (work slowdowns, sabotage, feigning illness); cultural (maintaining African languages, music, religion); flight (maroon communities); revolts (Stono, Tacky''s, others); legal challenges. Top-band answers demonstrate the range and persistence of resistance while evaluating its effectiveness.', 215);

INSERT OR IGNORE INTO history_checklist_sections (id, title, color, unit, sort_order) VALUES ('hist-p3-ame-cl-2', '2. Independence & Nation-Building', '#8B6B9E', 'P3-AME', 202);
INSERT INTO history_checklist_items (section_id, text, sort_order) VALUES ('hist-p3-ame-cl-2', 'Know the causes of independence movements (intellectual, political, economic, social)', 1);
INSERT INTO history_checklist_items (section_id, text, sort_order) VALUES ('hist-p3-ame-cl-2', 'Understand the American Revolution: causes, course, and outcomes', 2);
INSERT INTO history_checklist_items (section_id, text, sort_order) VALUES ('hist-p3-ame-cl-2', 'Analyze the significance of the Declaration of Independence', 3);
INSERT INTO history_checklist_items (section_id, text, sort_order) VALUES ('hist-p3-ame-cl-2', 'Evaluate the strengths and weaknesses of the Articles of Confederation', 4);
INSERT INTO history_checklist_items (section_id, text, sort_order) VALUES ('hist-p3-ame-cl-2', 'Understand the US Constitution as a ''bundle of compromises''', 5);
INSERT INTO history_checklist_items (section_id, text, sort_order) VALUES ('hist-p3-ame-cl-2', 'Know the causes and course of Latin American independence movements', 6);
INSERT INTO history_checklist_items (section_id, text, sort_order) VALUES ('hist-p3-ame-cl-2', 'Compare the roles of Bolivar and San Martin', 7);
INSERT INTO history_checklist_items (section_id, text, sort_order) VALUES ('hist-p3-ame-cl-2', 'Analyze the Haitian Revolution and its significance', 8);
INSERT INTO history_checklist_items (section_id, text, sort_order) VALUES ('hist-p3-ame-cl-2', 'Evaluate the role of different social classes in independence movements', 9);
INSERT INTO history_checklist_items (section_id, text, sort_order) VALUES ('hist-p3-ame-cl-2', 'Assess the impact of independence on different groups (Creoles, indigenous, enslaved)', 10);
INSERT INTO history_checklist_items (section_id, text, sort_order) VALUES ('hist-p3-ame-cl-2', 'Understand challenges of post-independence nation-building', 11);
INSERT INTO history_checklist_items (section_id, text, sort_order) VALUES ('hist-p3-ame-cl-2', 'Know the concept and examples of caudillismo in Latin America', 12);
INSERT INTO history_checklist_items (section_id, text, sort_order) VALUES ('hist-p3-ame-cl-2', 'Evaluate US westward expansion and Manifest Destiny', 13);
INSERT INTO history_checklist_items (section_id, text, sort_order) VALUES ('hist-p3-ame-cl-2', 'Analyze the Monroe Doctrine and its significance', 14);
INSERT INTO history_checklist_items (section_id, text, sort_order) VALUES ('hist-p3-ame-cl-2', 'Assess the Mexican-American War: causes and consequences', 15);
INSERT INTO history_checklist_items (section_id, text, sort_order) VALUES ('hist-p3-ame-cl-2', 'Understand Canadian Confederation and its causes', 16);
INSERT INTO history_checklist_items (section_id, text, sort_order) VALUES ('hist-p3-ame-cl-2', 'Compare nation-building challenges in the US, Canada, and Latin America', 17);
INSERT INTO history_checklist_items (section_id, text, sort_order) VALUES ('hist-p3-ame-cl-2', 'Evaluate the economic impact of independence on the Americas', 18);
INSERT INTO history_checklist_items (section_id, text, sort_order) VALUES ('hist-p3-ame-cl-2', 'Know Church-State conflicts in post-independence Latin America', 19);
INSERT INTO history_checklist_items (section_id, text, sort_order) VALUES ('hist-p3-ame-cl-2', 'Assess the treatment of indigenous peoples during nation-building', 20);
INSERT OR IGNORE INTO history_flashcard_topics (id, label, color, unit, sort_order) VALUES ('hist-p3-ame-fc-2', '2. Independence & Nation-Building', '#8B6B9E', 'P3-AME', 2);
INSERT INTO history_flashcards (topic_id, term, definition, sort_order) VALUES ('hist-p3-ame-fc-2', 'What were the main causes of the American Revolution?', 'Taxation without representation, restriction of colonial self-governance, Enlightenment ideas, British mercantilist policies, and events like the Boston Massacre and Tea Party.', 1);
INSERT INTO history_flashcards (topic_id, term, definition, sort_order) VALUES ('hist-p3-ame-fc-2', 'Who was Simon Bolivar?', 'Venezuelan military and political leader who led independence movements across South America, liberating Venezuela, Colombia, Ecuador, Peru, and Bolivia.', 2);
INSERT INTO history_flashcards (topic_id, term, definition, sort_order) VALUES ('hist-p3-ame-fc-2', 'What was the Declaration of Independence (1776)?', 'A document declaring the American colonies'' separation from Britain, asserting natural rights to life, liberty, and the pursuit of happiness.', 3);
INSERT INTO history_flashcards (topic_id, term, definition, sort_order) VALUES ('hist-p3-ame-fc-2', 'What was the Haitian Revolution (1791--1804)?', 'A successful slave revolt in Saint-Domingue that created Haiti, the first independent Black republic and the only successful large-scale slave revolution in history.', 4);
INSERT INTO history_flashcards (topic_id, term, definition, sort_order) VALUES ('hist-p3-ame-fc-2', 'Who was Jose de San Martin?', 'Argentine general who led independence movements in southern South America, liberating Argentina, Chile, and contributing to Peru''s liberation.', 5);
INSERT INTO history_flashcards (topic_id, term, definition, sort_order) VALUES ('hist-p3-ame-fc-2', 'What was the role of Creoles in Latin American independence?', 'Creoles (American-born people of Spanish descent) led independence movements, motivated by resentment of Peninsular privilege, Enlightenment ideas, and Napoleon''s invasion of Spain.', 6);
INSERT INTO history_flashcards (topic_id, term, definition, sort_order) VALUES ('hist-p3-ame-fc-2', 'What was the Articles of Confederation?', 'The first US governing document (1781--1789), which created a weak central government with limited power over states, eventually replaced by the Constitution.', 7);
INSERT INTO history_flashcards (topic_id, term, definition, sort_order) VALUES ('hist-p3-ame-fc-2', 'What was the US Constitution (1787)?', 'The supreme law of the United States, establishing a federal system with separation of powers (executive, legislative, judicial) and a Bill of Rights (1791).', 8);
INSERT INTO history_flashcards (topic_id, term, definition, sort_order) VALUES ('hist-p3-ame-fc-2', 'What was caudillismo?', 'A system of rule by military strongmen (caudillos) common in post-independence Latin America, characterized by personalist authoritarian leadership and regional power bases.', 9);
INSERT INTO history_flashcards (topic_id, term, definition, sort_order) VALUES ('hist-p3-ame-fc-2', 'What was Manifest Destiny?', 'The 19th-century American belief that the US was destined to expand across the North American continent, justifying territorial expansion westward.', 10);
INSERT INTO history_flashcards (topic_id, term, definition, sort_order) VALUES ('hist-p3-ame-fc-2', 'What was the Monroe Doctrine (1823)?', 'A US foreign policy declaring opposition to European colonization or interference in the Americas, establishing the Western Hemisphere as a US sphere of influence.', 11);
INSERT INTO history_flashcards (topic_id, term, definition, sort_order) VALUES ('hist-p3-ame-fc-2', 'What was the War of 1812?', 'A conflict between the US and Britain (1812--1815) over trade restrictions, impressment of sailors, and territorial disputes, ending in status quo ante bellum.', 12);
INSERT INTO history_flashcards (topic_id, term, definition, sort_order) VALUES ('hist-p3-ame-fc-2', 'What were the challenges of nation-building in Latin America?', 'Regional divisions, ethnic tensions, economic dependency, caudillismo, Church-State conflicts, border disputes, and weak institutional frameworks.', 13);
INSERT INTO history_flashcards (topic_id, term, definition, sort_order) VALUES ('hist-p3-ame-fc-2', 'What was the Mexican-American War (1846--1848)?', 'A war resulting in Mexico ceding nearly half its territory (Treaty of Guadalupe Hidalgo), including present-day California, Nevada, Utah, and parts of other states.', 14);
INSERT INTO history_flashcards (topic_id, term, definition, sort_order) VALUES ('hist-p3-ame-fc-2', 'What was Canadian Confederation (1867)?', 'The union of British North American colonies (Ontario, Quebec, Nova Scotia, New Brunswick) into the Dominion of Canada through the British North America Act.', 15);
INSERT INTO history_flashcards (topic_id, term, definition, sort_order) VALUES ('hist-p3-ame-fc-2', 'What was the impact of independence on Latin American economies?', 'Economic disruption from wars; continuation of export-dependent economies; foreign debt; British economic influence replacing Spanish; uneven development.', 16);
INSERT OR IGNORE INTO history_mcq_questions (id, category, difficulty, unit, question_text, option_a, option_b, option_c, option_d, correct_option, explanation, sort_order) VALUES ('hist-p3-mcq-530', '2. Independence & Nation-Building', 'HL', 'P3-AME', 'The Declaration of Independence was signed in:', '1774', '1776', '1783', '1787', 1, 'See mark scheme for detailed explanation.', 531);
INSERT OR IGNORE INTO history_mcq_questions (id, category, difficulty, unit, question_text, option_a, option_b, option_c, option_d, correct_option, explanation, sort_order) VALUES ('hist-p3-mcq-531', '2. Independence & Nation-Building', 'HL', 'P3-AME', 'The Haitian Revolution resulted in:', 'French colonial reform', 'The first independent Black republic', 'British takeover of Haiti', 'Continued slavery under new management', 1, 'See mark scheme for detailed explanation.', 532);
INSERT OR IGNORE INTO history_mcq_questions (id, category, difficulty, unit, question_text, option_a, option_b, option_c, option_d, correct_option, explanation, sort_order) VALUES ('hist-p3-mcq-532', '2. Independence & Nation-Building', 'HL', 'P3-AME', 'Simon Bolivar is most associated with liberating:', 'Brazil', 'Northern South America', 'Central America', 'Mexico', 1, 'See mark scheme for detailed explanation.', 533);
INSERT OR IGNORE INTO history_mcq_questions (id, category, difficulty, unit, question_text, option_a, option_b, option_c, option_d, correct_option, explanation, sort_order) VALUES ('hist-p3-mcq-533', '2. Independence & Nation-Building', 'HL', 'P3-AME', 'The Articles of Confederation were criticized for:', 'Being too authoritarian', 'Creating a weak central government', 'Favoring Southern states', 'Restricting individual rights', 1, 'See mark scheme for detailed explanation.', 534);
INSERT OR IGNORE INTO history_mcq_questions (id, category, difficulty, unit, question_text, option_a, option_b, option_c, option_d, correct_option, explanation, sort_order) VALUES ('hist-p3-mcq-534', '2. Independence & Nation-Building', 'HL', 'P3-AME', 'Napoleon''s invasion of Spain (1808) impacted Latin America by:', 'Strengthening Spanish colonial control', 'Creating a power vacuum that encouraged independence', 'Ending the slave trade', 'Promoting democratic reform', 1, 'See mark scheme for detailed explanation.', 535);
INSERT OR IGNORE INTO history_mcq_questions (id, category, difficulty, unit, question_text, option_a, option_b, option_c, option_d, correct_option, explanation, sort_order) VALUES ('hist-p3-mcq-535', '2. Independence & Nation-Building', 'HL', 'P3-AME', 'B | 2. B | 3. B | 4. B | 5. B', '', '', '', '', 1, 'See mark scheme for detailed explanation.', 536);
INSERT OR IGNORE INTO history_mcq_questions (id, category, difficulty, unit, question_text, option_a, option_b, option_c, option_d, correct_option, explanation, sort_order) VALUES ('hist-p3-mcq-536', '2. Independence & Nation-Building', 'HL', 'P3-AME', 'The Monroe Doctrine was proclaimed in:', '1803', '1815', '1823', '1836', 2, 'See mark scheme for detailed explanation.', 537);
INSERT OR IGNORE INTO history_mcq_questions (id, category, difficulty, unit, question_text, option_a, option_b, option_c, option_d, correct_option, explanation, sort_order) VALUES ('hist-p3-mcq-537', '2. Independence & Nation-Building', 'HL', 'P3-AME', 'Canadian Confederation occurred in:', '1840', '1857', '1867', '1876', 2, 'See mark scheme for detailed explanation.', 538);
INSERT OR IGNORE INTO history_mcq_questions (id, category, difficulty, unit, question_text, option_a, option_b, option_c, option_d, correct_option, explanation, sort_order) VALUES ('hist-p3-mcq-538', '2. Independence & Nation-Building', 'HL', 'P3-AME', 'The Treaty of Guadalupe Hidalgo ended the:', 'War of 1812', 'Texas Revolution', 'Mexican-American War', 'Spanish-American War', 2, 'See mark scheme for detailed explanation.', 539);
INSERT OR IGNORE INTO history_mcq_questions (id, category, difficulty, unit, question_text, option_a, option_b, option_c, option_d, correct_option, explanation, sort_order) VALUES ('hist-p3-mcq-539', '2. Independence & Nation-Building', 'HL', 'P3-AME', 'Caudillismo was characterized by:', 'Democratic governance', 'Military strongman rule', 'Constitutional monarchy', 'Religious authority', 1, 'See mark scheme for detailed explanation.', 540);
INSERT OR IGNORE INTO history_mcq_questions (id, category, difficulty, unit, question_text, option_a, option_b, option_c, option_d, correct_option, explanation, sort_order) VALUES ('hist-p3-mcq-540', '2. Independence & Nation-Building', 'HL', 'P3-AME', 'Manifest Destiny was used to justify:', 'Abolition of slavery', 'US territorial expansion', 'Canadian independence', 'Latin American revolutions', 1, 'See mark scheme for detailed explanation.', 541);
INSERT OR IGNORE INTO history_mcq_questions (id, category, difficulty, unit, question_text, option_a, option_b, option_c, option_d, correct_option, explanation, sort_order) VALUES ('hist-p3-mcq-541', '2. Independence & Nation-Building', 'HL', 'P3-AME', 'C | 2. C | 3. C | 4. B | 5. B', '', '', '', '', 2, 'See mark scheme for detailed explanation.', 542);
INSERT OR IGNORE INTO history_written_questions (id, category, difficulty, question_type, unit, marks, question_text, mark_scheme, sort_order) VALUES ('hist-p3-wq-215', '2. Independence & Nation-Building', 'HL', 'short_answer', 'P3-AME', 15, '"Wars of Independence in the Americas were primarily caused by political grievances." To what extent do you agree with reference to one war of independence (1775--1824)?', 'Political: taxation without representation; restrictions on self-governance; colonial resentment of metropolitan control. Other factors: economic (mercantilist restrictions, trade grievances); intellectual (Enlightenment ideas, social contract); social (class tensions, Creole vs Peninsular). Top-band answers evaluate political against other factors for one specific independence movement.', 216);
INSERT OR IGNORE INTO history_written_questions (id, category, difficulty, question_type, unit, marks, question_text, mark_scheme, sort_order) VALUES ('hist-p3-wq-216', '2. Independence & Nation-Building', 'HL', 'short_answer', 'P3-AME', 15, 'Analyse the role of different social classes in the Wars of Independence in either the United States or Latin America.', 'Should address: which classes led the movement (elite, middle class); role of lower classes and their motivations; indigenous and enslaved peoples'' roles; class tensions within independence movements; whether independence changed class structures. Top-band answers analyze multiple classes and evaluate their relative contributions.', 217);
INSERT OR IGNORE INTO history_written_questions (id, category, difficulty, question_type, unit, marks, question_text, mark_scheme, sort_order) VALUES ('hist-p3-wq-217', '2. Independence & Nation-Building', 'HL', 'short_answer', 'P3-AME', 15, '"The Constitution of the United States was a revolutionary document for its time." To what extent do you agree?', 'Revolutionary: federalism; separation of powers; Bill of Rights; popular sovereignty; written constitution. Limitations: preserved slavery; limited suffrage (property-owning white males); Three-Fifths Compromise; Electoral College. Top-band answers evaluate what was revolutionary and what was conservative about the Constitution.', 218);
INSERT OR IGNORE INTO history_written_questions (id, category, difficulty, question_type, unit, marks, question_text, mark_scheme, sort_order) VALUES ('hist-p3-wq-218', '2. Independence & Nation-Building', 'HL', 'short_answer', 'P3-AME', 15, 'Examine the conditions that led to the establishment of caudillo rule in one Latin American country.', 'Conditions: weak institutions after independence; military''s role in liberation wars; regional divisions; ethnic/social fragmentation; economic instability; lack of democratic tradition; rural power structures. Top-band answers focus on one specific country with detailed examples.', 219);
INSERT OR IGNORE INTO history_written_questions (id, category, difficulty, question_type, unit, marks, question_text, mark_scheme, sort_order) VALUES ('hist-p3-wq-219', '2. Independence & Nation-Building', 'HL', 'short_answer', 'P3-AME', 15, 'Evaluate the impact of independence on the economy of one country of the Americas.', 'Should address: disruption of colonial trade networks; new trading partnerships (especially with Britain); continued reliance on primary exports; foreign debt; land ownership patterns; infrastructure challenges; comparison with colonial economic structures. Top-band answers use specific economic data and evaluate both change and continuity.', 220);
INSERT OR IGNORE INTO history_written_questions (id, category, difficulty, question_type, unit, marks, question_text, mark_scheme, sort_order) VALUES ('hist-p3-wq-220', '2. Independence & Nation-Building', 'HL', 'short_answer', 'P3-AME', 15, '"Manifest Destiny was the most significant factor in US territorial expansion between 1800 and 1860." To what extent do you agree?', 'Manifest Destiny: ideological justification; popular support for expansion; racial superiority beliefs. Other factors: economic interests (land, resources, trade routes); strategic concerns; political ambitions; technology (railroads); specific events (Louisiana Purchase, Mexican-American War). Top-band answers evaluate Manifest Destiny against other factors.', 221);

INSERT OR IGNORE INTO history_checklist_sections (id, title, color, unit, sort_order) VALUES ('hist-p3-ame-cl-3', '3. US Civil War', '#8B6B9E', 'P3-AME', 203);
INSERT INTO history_checklist_items (section_id, text, sort_order) VALUES ('hist-p3-ame-cl-3', 'Understand the sectional crisis over slavery (1840s--1860)', 1);
INSERT INTO history_checklist_items (section_id, text, sort_order) VALUES ('hist-p3-ame-cl-3', 'Know key compromises and their failures (Missouri, 1850, Kansas-Nebraska)', 2);
INSERT INTO history_checklist_items (section_id, text, sort_order) VALUES ('hist-p3-ame-cl-3', 'Analyze the significance of the Lincoln-Douglas debates and 1860 election', 3);
INSERT INTO history_checklist_items (section_id, text, sort_order) VALUES ('hist-p3-ame-cl-3', 'Compare Union and Confederate strengths and weaknesses', 4);
INSERT INTO history_checklist_items (section_id, text, sort_order) VALUES ('hist-p3-ame-cl-3', 'Evaluate the military significance of key battles', 5);
INSERT INTO history_checklist_items (section_id, text, sort_order) VALUES ('hist-p3-ame-cl-3', 'Assess the role and significance of the Emancipation Proclamation', 6);
INSERT INTO history_checklist_items (section_id, text, sort_order) VALUES ('hist-p3-ame-cl-3', 'Know the contributions of African Americans during the Civil War', 7);
INSERT INTO history_checklist_items (section_id, text, sort_order) VALUES ('hist-p3-ame-cl-3', 'Understand Presidential vs Congressional Reconstruction', 8);
INSERT INTO history_checklist_items (section_id, text, sort_order) VALUES ('hist-p3-ame-cl-3', 'Evaluate the successes and failures of Reconstruction', 9);
INSERT INTO history_checklist_items (section_id, text, sort_order) VALUES ('hist-p3-ame-cl-3', 'Assess the impact of the war and Reconstruction on African Americans', 10);
INSERT OR IGNORE INTO history_flashcard_topics (id, label, color, unit, sort_order) VALUES ('hist-p3-ame-fc-3', '3. US Civil War', '#8B6B9E', 'P3-AME', 3);
INSERT INTO history_flashcards (topic_id, term, definition, sort_order) VALUES ('hist-p3-ame-fc-3', 'What was the Compromise of 1850?', 'A package of bills addressing slavery in new territories: California admitted as free state, Fugitive Slave Act strengthened, popular sovereignty in Utah/New Mexico, slave trade abolished in DC.', 1);
INSERT INTO history_flashcards (topic_id, term, definition, sort_order) VALUES ('hist-p3-ame-fc-3', 'What were the Lincoln-Douglas Debates (1858)?', 'A series of seven debates between Abraham Lincoln and Stephen Douglas during the Illinois Senate race, focusing on slavery''s expansion, which elevated Lincoln to national prominence.', 2);
INSERT INTO history_flashcards (topic_id, term, definition, sort_order) VALUES ('hist-p3-ame-fc-3', 'What was the Emancipation Proclamation (1863)?', 'Lincoln''s executive order declaring enslaved people in Confederate states to be free, transforming the war into a fight against slavery and enabling African American military service.', 3);
INSERT INTO history_flashcards (topic_id, term, definition, sort_order) VALUES ('hist-p3-ame-fc-3', 'What was the Battle of Gettysburg (1863)?', 'A turning-point Union victory in Pennsylvania that ended Lee''s invasion of the North and marked the beginning of Confederate military decline.', 4);
INSERT INTO history_flashcards (topic_id, term, definition, sort_order) VALUES ('hist-p3-ame-fc-3', 'What was Reconstruction?', 'The period (1865--1877) of rebuilding the South after the Civil War, including efforts to integrate formerly enslaved people into political and economic life.', 5);
INSERT INTO history_flashcards (topic_id, term, definition, sort_order) VALUES ('hist-p3-ame-fc-3', 'What were the Black Codes?', 'Laws passed by Southern states (1865--1866) restricting the rights and freedoms of African Americans, attempting to maintain a labor system similar to slavery.', 6);
INSERT INTO history_flashcards (topic_id, term, definition, sort_order) VALUES ('hist-p3-ame-fc-3', 'What were the 13th, 14th, and 15th Amendments?', 'Constitutional amendments abolishing slavery (13th), granting citizenship and equal protection (14th), and prohibiting racial discrimination in voting (15th).', 7);
INSERT INTO history_flashcards (topic_id, term, definition, sort_order) VALUES ('hist-p3-ame-fc-3', 'What was the significance of the election of 1860?', 'Lincoln''s election on an anti-slavery-expansion platform triggered the secession of Southern states, leading directly to the Civil War.', 8);
INSERT OR IGNORE INTO history_mcq_questions (id, category, difficulty, unit, question_text, option_a, option_b, option_c, option_d, correct_option, explanation, sort_order) VALUES ('hist-p3-mcq-542', '3. US Civil War', 'HL', 'P3-AME', 'The Emancipation Proclamation was issued in:', '1861', '1862', '1863', '1865', 2, 'See mark scheme for detailed explanation.', 543);
INSERT OR IGNORE INTO history_mcq_questions (id, category, difficulty, unit, question_text, option_a, option_b, option_c, option_d, correct_option, explanation, sort_order) VALUES ('hist-p3-mcq-543', '3. US Civil War', 'HL', 'P3-AME', 'The 13th Amendment:', 'Granted citizenship to all born in the US', 'Abolished slavery', 'Gave African American men the right to vote', 'Established Reconstruction', 1, 'See mark scheme for detailed explanation.', 544);
INSERT OR IGNORE INTO history_mcq_questions (id, category, difficulty, unit, question_text, option_a, option_b, option_c, option_d, correct_option, explanation, sort_order) VALUES ('hist-p3-mcq-544', '3. US Civil War', 'HL', 'P3-AME', 'Which battle is considered the turning point of the Civil War?', 'Bull Run', 'Antietam', 'Gettysburg', 'Shiloh', 2, 'See mark scheme for detailed explanation.', 545);
INSERT OR IGNORE INTO history_mcq_questions (id, category, difficulty, unit, question_text, option_a, option_b, option_c, option_d, correct_option, explanation, sort_order) VALUES ('hist-p3-mcq-545', '3. US Civil War', 'HL', 'P3-AME', 'Black Codes were designed to:', 'Grant freedom to enslaved people', 'Restrict the rights of freed African Americans', 'Punish Confederate leaders', 'Promote racial integration', 1, 'See mark scheme for detailed explanation.', 546);
INSERT OR IGNORE INTO history_mcq_questions (id, category, difficulty, unit, question_text, option_a, option_b, option_c, option_d, correct_option, explanation, sort_order) VALUES ('hist-p3-mcq-546', '3. US Civil War', 'HL', 'P3-AME', 'Reconstruction ended in:', '1865', '1870', '1873', '1877', 3, 'See mark scheme for detailed explanation.', 547);
INSERT OR IGNORE INTO history_mcq_questions (id, category, difficulty, unit, question_text, option_a, option_b, option_c, option_d, correct_option, explanation, sort_order) VALUES ('hist-p3-mcq-547', '3. US Civil War', 'HL', 'P3-AME', 'C | 2. B | 3. C | 4. B | 5. D', '', '', '', '', 2, 'See mark scheme for detailed explanation.', 548);
INSERT OR IGNORE INTO history_written_questions (id, category, difficulty, question_type, unit, marks, question_text, mark_scheme, sort_order) VALUES ('hist-p3-wq-221', '3. US Civil War', 'HL', 'short_answer', 'P3-AME', 15, 'Discuss the arguments for and against slavery in the US before the Civil War.', 'For slavery: economic arguments (plantation economy); states'' rights; racial ideology; biblical justifications; paternalism. Against: moral/religious arguments; Enlightenment principles; free labor ideology; abolitionist movement; political arguments about democracy. Top-band answers present both sides with specific evidence and analyze the intensity of the debate.', 222);
INSERT OR IGNORE INTO history_written_questions (id, category, difficulty, question_type, unit, marks, question_text, mark_scheme, sort_order) VALUES ('hist-p3-wq-222', '3. US Civil War', 'HL', 'short_answer', 'P3-AME', 15, 'Evaluate the factors affecting the outcome of the Civil War.', 'Union advantages: industrial capacity; population; naval power; railroad network; Lincoln''s leadership. Confederate advantages: defensive strategy; military leadership; motivation. Key factors: Emancipation Proclamation; foreign relations; Union generals (Grant, Sherman); economic warfare. Top-band answers evaluate the relative importance of these factors.', 223);
INSERT OR IGNORE INTO history_written_questions (id, category, difficulty, question_type, unit, marks, question_text, mark_scheme, sort_order) VALUES ('hist-p3-wq-223', '3. US Civil War', 'HL', 'short_answer', 'P3-AME', 15, '"Reconstruction was a failure." To what extent do you agree?', 'Successes: 13th-15th Amendments; African American political participation; Freedmen''s Bureau; public education. Failures: Black Codes and Jim Crow; sharecropping; KKK violence; withdrawal of federal troops (1877); economic inequality persisted. Top-band answers evaluate different aspects and consider what ''success'' and ''failure'' mean in this context.', 224);

INSERT OR IGNORE INTO history_checklist_sections (id, title, color, unit, sort_order) VALUES ('hist-p3-ame-cl-4', '4. Modern Americas (1865–1929)', '#8B6B9E', 'P3-AME', 204);
INSERT INTO history_checklist_items (section_id, text, sort_order) VALUES ('hist-p3-ame-cl-4', 'Understand industrialization and its social impact in the Americas', 1);
INSERT INTO history_checklist_items (section_id, text, sort_order) VALUES ('hist-p3-ame-cl-4', 'Know the causes and consequences of mass immigration', 2);
INSERT INTO history_checklist_items (section_id, text, sort_order) VALUES ('hist-p3-ame-cl-4', 'Evaluate the Progressive Era reforms in the US', 3);
INSERT INTO history_checklist_items (section_id, text, sort_order) VALUES ('hist-p3-ame-cl-4', 'Analyze the Porfiriato and causes of the Mexican Revolution', 4);
INSERT INTO history_checklist_items (section_id, text, sort_order) VALUES ('hist-p3-ame-cl-4', 'Assess Canadian westward expansion and nation-building', 5);
INSERT INTO history_checklist_items (section_id, text, sort_order) VALUES ('hist-p3-ame-cl-4', 'Understand the development of labor movements', 6);
INSERT INTO history_checklist_items (section_id, text, sort_order) VALUES ('hist-p3-ame-cl-4', 'Know the impact of Jim Crow on African Americans', 7);
INSERT INTO history_checklist_items (section_id, text, sort_order) VALUES ('hist-p3-ame-cl-4', 'Evaluate urbanization and its challenges', 8);
INSERT INTO history_checklist_items (section_id, text, sort_order) VALUES ('hist-p3-ame-cl-4', 'Compare modernization processes across different countries', 9);
INSERT INTO history_checklist_items (section_id, text, sort_order) VALUES ('hist-p3-ame-cl-4', 'Assess the impact of development on indigenous peoples', 10);
INSERT INTO history_checklist_items (section_id, text, sort_order) VALUES ('hist-p3-ame-cl-4', 'Understand US expansionism and the Spanish-American War', 11);
INSERT INTO history_checklist_items (section_id, text, sort_order) VALUES ('hist-p3-ame-cl-4', 'Know the Roosevelt Corollary and its application', 12);
INSERT INTO history_checklist_items (section_id, text, sort_order) VALUES ('hist-p3-ame-cl-4', 'Evaluate US intervention in Latin America (Panama, Nicaragua, Haiti, etc.)', 13);
INSERT INTO history_checklist_items (section_id, text, sort_order) VALUES ('hist-p3-ame-cl-4', 'Analyze the construction and significance of the Panama Canal', 14);
INSERT INTO history_checklist_items (section_id, text, sort_order) VALUES ('hist-p3-ame-cl-4', 'Assess the causes and impact of US entry into WWI', 15);
INSERT INTO history_checklist_items (section_id, text, sort_order) VALUES ('hist-p3-ame-cl-4', 'Evaluate Wilson''s Fourteen Points and their reception', 16);
INSERT INTO history_checklist_items (section_id, text, sort_order) VALUES ('hist-p3-ame-cl-4', 'Understand US rejection of the League of Nations', 17);
INSERT INTO history_checklist_items (section_id, text, sort_order) VALUES ('hist-p3-ame-cl-4', 'Know Latin American responses to US interventionism', 18);
INSERT INTO history_checklist_items (section_id, text, sort_order) VALUES ('hist-p3-ame-cl-4', 'Assess Canadian involvement in World War I', 19);
INSERT INTO history_checklist_items (section_id, text, sort_order) VALUES ('hist-p3-ame-cl-4', 'Evaluate the shift from isolationism to internationalism', 20);
INSERT INTO history_checklist_items (section_id, text, sort_order) VALUES ('hist-p3-ame-cl-4', 'Understand the causes of the Mexican Revolution (Porfiriato, social inequality, political repression)', 21);
INSERT INTO history_checklist_items (section_id, text, sort_order) VALUES ('hist-p3-ame-cl-4', 'Know the key figures and factions (Madero, Zapata, Villa, Carranza, Obregon, Cardenas)', 22);
INSERT INTO history_checklist_items (section_id, text, sort_order) VALUES ('hist-p3-ame-cl-4', 'Analyze the phases of the Revolution (1910--1920)', 23);
INSERT INTO history_checklist_items (section_id, text, sort_order) VALUES ('hist-p3-ame-cl-4', 'Evaluate the significance of the 1917 Constitution', 24);
INSERT INTO history_checklist_items (section_id, text, sort_order) VALUES ('hist-p3-ame-cl-4', 'Assess land reform and its implementation', 25);
INSERT INTO history_checklist_items (section_id, text, sort_order) VALUES ('hist-p3-ame-cl-4', 'Understand the role of foreign intervention', 26);
INSERT INTO history_checklist_items (section_id, text, sort_order) VALUES ('hist-p3-ame-cl-4', 'Know the consolidation of the revolutionary state (1920s--1930s)', 27);
INSERT INTO history_checklist_items (section_id, text, sort_order) VALUES ('hist-p3-ame-cl-4', 'Evaluate Cardenas''s presidency and its legacy', 28);
INSERT INTO history_checklist_items (section_id, text, sort_order) VALUES ('hist-p3-ame-cl-4', 'Assess the revolution''s impact on different social groups', 29);
INSERT INTO history_checklist_items (section_id, text, sort_order) VALUES ('hist-p3-ame-cl-4', 'Evaluate whether the revolution achieved its goals', 30);
INSERT OR IGNORE INTO history_flashcard_topics (id, label, color, unit, sort_order) VALUES ('hist-p3-ame-fc-4', '4. Modern Americas (1865–1929)', '#8B6B9E', 'P3-AME', 4);
INSERT INTO history_flashcards (topic_id, term, definition, sort_order) VALUES ('hist-p3-ame-fc-4', 'What was the Gilded Age?', 'A period (1870s--1900s) of rapid US economic growth marked by industrialization, urbanization, immigration, and stark inequality, with powerful business magnates and political corruption.', 1);
INSERT INTO history_flashcards (topic_id, term, definition, sort_order) VALUES ('hist-p3-ame-fc-4', 'What was the Progressive Era?', 'A period of reform (1890s--1920s) addressing the social problems of industrialization, including labor rights, women''s suffrage, trust-busting, and political reform.', 2);
INSERT INTO history_flashcards (topic_id, term, definition, sort_order) VALUES ('hist-p3-ame-fc-4', 'What was the Mexican Revolution (1910--1920)?', 'A major armed struggle that overthrew the dictatorship of Porfirio Diaz and led to political, social, and economic reforms, producing the 1917 Constitution.', 3);
INSERT INTO history_flashcards (topic_id, term, definition, sort_order) VALUES ('hist-p3-ame-fc-4', 'What was the Porfiriato?', 'The period of Porfirio Diaz''s rule in Mexico (1876--1911), characterized by economic modernization, foreign investment, political authoritarianism, and social inequality.', 4);
INSERT INTO history_flashcards (topic_id, term, definition, sort_order) VALUES ('hist-p3-ame-fc-4', 'What was the Canadian Confederation''s expansion?', 'After 1867, Canada expanded westward by acquiring Rupert''s Land, creating new provinces (Manitoba, BC, Saskatchewan, Alberta), and building the transcontinental railway.', 5);
INSERT INTO history_flashcards (topic_id, term, definition, sort_order) VALUES ('hist-p3-ame-fc-4', 'What was the significance of immigration to the Americas?', 'Massive immigration (1880s--1920s) transformed demographics, culture, and economies, providing labor for industrialization while creating social tensions.', 6);
INSERT INTO history_flashcards (topic_id, term, definition, sort_order) VALUES ('hist-p3-ame-fc-4', 'What were Jim Crow laws?', 'State and local laws in the US South enforcing racial segregation (1877--1960s), creating a system of legalized discrimination against African Americans.', 7);
INSERT INTO history_flashcards (topic_id, term, definition, sort_order) VALUES ('hist-p3-ame-fc-4', 'What was Plessy v. Ferguson (1896)?', 'A US Supreme Court decision upholding racial segregation under the ''separate but equal'' doctrine, providing legal justification for Jim Crow laws.', 8);
INSERT INTO history_flashcards (topic_id, term, definition, sort_order) VALUES ('hist-p3-ame-fc-4', 'What was the Spanish-American War (1898)?', 'A conflict resulting in US acquisition of Puerto Rico, Guam, and the Philippines, and Cuban independence (under US influence), marking the US emergence as an imperial power.', 9);
INSERT INTO history_flashcards (topic_id, term, definition, sort_order) VALUES ('hist-p3-ame-fc-4', 'What was the Roosevelt Corollary (1904)?', 'Theodore Roosevelt''s extension of the Monroe Doctrine, asserting the US right to intervene in Latin American affairs to maintain stability and protect US interests.', 10);
INSERT INTO history_flashcards (topic_id, term, definition, sort_order) VALUES ('hist-p3-ame-fc-4', 'What was Dollar Diplomacy?', 'President Taft''s foreign policy using financial investment to extend US influence in Latin America and East Asia, replacing military intervention with economic control.', 11);
INSERT INTO history_flashcards (topic_id, term, definition, sort_order) VALUES ('hist-p3-ame-fc-4', 'What was the Panama Canal?', 'A waterway constructed by the US (completed 1914) across the Isthmus of Panama, dramatically shortening shipping routes between the Atlantic and Pacific oceans.', 12);
INSERT INTO history_flashcards (topic_id, term, definition, sort_order) VALUES ('hist-p3-ame-fc-4', 'What was the US role in World War I?', 'After initial neutrality, the US entered WWI in 1917 (unrestricted submarine warfare, Zimmermann telegram), providing decisive military and economic resources for Allied victory.', 13);
INSERT INTO history_flashcards (topic_id, term, definition, sort_order) VALUES ('hist-p3-ame-fc-4', 'What was Wilson''s Fourteen Points?', 'President Wilson''s 1918 peace plan advocating self-determination, free trade, open diplomacy, disarmament, and a League of Nations to prevent future wars.', 14);
INSERT INTO history_flashcards (topic_id, term, definition, sort_order) VALUES ('hist-p3-ame-fc-4', 'What was US isolationism after WWI?', 'The US Senate rejected the Treaty of Versailles and League membership, returning to a policy of avoiding European entanglements while remaining active in the Americas.', 15);
INSERT INTO history_flashcards (topic_id, term, definition, sort_order) VALUES ('hist-p3-ame-fc-4', 'What was the Good Neighbor Policy?', 'FDR''s policy (1933) of non-intervention in Latin American affairs, replacing earlier interventionist approaches and seeking hemispheric cooperation.', 16);
INSERT INTO history_flashcards (topic_id, term, definition, sort_order) VALUES ('hist-p3-ame-fc-4', 'Who was Francisco Madero?', 'A wealthy liberal who led the initial revolt against Diaz in 1910, became president in 1911, but was overthrown and killed in a coup by Huerta in 1913.', 17);
INSERT INTO history_flashcards (topic_id, term, definition, sort_order) VALUES ('hist-p3-ame-fc-4', 'Who was Emiliano Zapata?', 'A revolutionary leader from Morelos who championed land reform for peasants, articulated in his Plan de Ayala (1911), demanding redistribution of hacienda lands.', 18);
INSERT INTO history_flashcards (topic_id, term, definition, sort_order) VALUES ('hist-p3-ame-fc-4', 'Who was Pancho Villa?', 'A revolutionary leader from northern Mexico who commanded the Division del Norte, fighting for social reform and against the Huerta regime and later Carranza.', 19);
INSERT INTO history_flashcards (topic_id, term, definition, sort_order) VALUES ('hist-p3-ame-fc-4', 'What was the Constitution of 1917?', 'A progressive document establishing labor rights (Article 123), land reform (Article 27), limits on Church power (Article 130), and national ownership of subsoil resources.', 20);
INSERT INTO history_flashcards (topic_id, term, definition, sort_order) VALUES ('hist-p3-ame-fc-4', 'Who was Lazaro Cardenas?', 'Mexican president (1934--1940) who implemented major land redistribution, nationalized the oil industry (1938), and strengthened labor unions and the revolutionary party.', 21);
INSERT INTO history_flashcards (topic_id, term, definition, sort_order) VALUES ('hist-p3-ame-fc-4', 'What was the Plan de Ayala?', 'Zapata''s 1911 plan demanding land redistribution from large haciendas to peasant communities, rejecting Madero''s moderate reform approach.', 22);
INSERT INTO history_flashcards (topic_id, term, definition, sort_order) VALUES ('hist-p3-ame-fc-4', 'What was the Cristero War (1926--1929)?', 'An armed rebellion by Catholic groups against the Mexican government''s anti-clerical policies under the 1917 Constitution.', 23);
INSERT INTO history_flashcards (topic_id, term, definition, sort_order) VALUES ('hist-p3-ame-fc-4', 'What was the ejido system?', 'A system of communal land ownership restored and expanded during the revolution, particularly under Cardenas, providing land to peasant communities.', 24);
INSERT OR IGNORE INTO history_mcq_questions (id, category, difficulty, unit, question_text, option_a, option_b, option_c, option_d, correct_option, explanation, sort_order) VALUES ('hist-p3-mcq-548', '4. Modern Americas (1865–1929)', 'HL', 'P3-AME', 'The Porfiriato refers to the rule of:', 'Benito Juarez', 'Porfirio Diaz', 'Pancho Villa', 'Emiliano Zapata', 1, 'See mark scheme for detailed explanation.', 549);
INSERT OR IGNORE INTO history_mcq_questions (id, category, difficulty, unit, question_text, option_a, option_b, option_c, option_d, correct_option, explanation, sort_order) VALUES ('hist-p3-mcq-549', '4. Modern Americas (1865–1929)', 'HL', 'P3-AME', 'Plessy v. Ferguson (1896) established the doctrine of:', 'Manifest Destiny', 'Popular sovereignty', 'Separate but equal', 'Due process', 2, 'See mark scheme for detailed explanation.', 550);
INSERT OR IGNORE INTO history_mcq_questions (id, category, difficulty, unit, question_text, option_a, option_b, option_c, option_d, correct_option, explanation, sort_order) VALUES ('hist-p3-mcq-550', '4. Modern Americas (1865–1929)', 'HL', 'P3-AME', 'The Canadian transcontinental railway was completed in:', '1867', '1869', '1885', '1900', 2, 'See mark scheme for detailed explanation.', 551);
INSERT OR IGNORE INTO history_mcq_questions (id, category, difficulty, unit, question_text, option_a, option_b, option_c, option_d, correct_option, explanation, sort_order) VALUES ('hist-p3-mcq-551', '4. Modern Americas (1865–1929)', 'HL', 'P3-AME', 'The Progressive Era primarily addressed:', 'Foreign policy issues', 'Social problems of industrialization', 'Military expansion', 'Agricultural development', 1, 'See mark scheme for detailed explanation.', 552);
INSERT OR IGNORE INTO history_mcq_questions (id, category, difficulty, unit, question_text, option_a, option_b, option_c, option_d, correct_option, explanation, sort_order) VALUES ('hist-p3-mcq-552', '4. Modern Americas (1865–1929)', 'HL', 'P3-AME', 'The largest wave of immigration to the US occurred during:', '1820s--1850s', '1880s--1920s', '1930s--1950s', '1960s--1980s', 1, 'See mark scheme for detailed explanation.', 553);
INSERT OR IGNORE INTO history_mcq_questions (id, category, difficulty, unit, question_text, option_a, option_b, option_c, option_d, correct_option, explanation, sort_order) VALUES ('hist-p3-mcq-553', '4. Modern Americas (1865–1929)', 'HL', 'P3-AME', 'B | 2. C | 3. C | 4. B | 5. B', '', '', '', '', 1, 'See mark scheme for detailed explanation.', 554);
INSERT OR IGNORE INTO history_mcq_questions (id, category, difficulty, unit, question_text, option_a, option_b, option_c, option_d, correct_option, explanation, sort_order) VALUES ('hist-p3-mcq-554', '4. Modern Americas (1865–1929)', 'HL', 'P3-AME', 'The Spanish-American War occurred in:', '1895', '1898', '1901', '1904', 1, 'See mark scheme for detailed explanation.', 555);
INSERT OR IGNORE INTO history_mcq_questions (id, category, difficulty, unit, question_text, option_a, option_b, option_c, option_d, correct_option, explanation, sort_order) VALUES ('hist-p3-mcq-555', '4. Modern Americas (1865–1929)', 'HL', 'P3-AME', 'The Roosevelt Corollary asserted the US right to:', 'Annex Latin American territory', 'Intervene in Latin American affairs', 'Establish a hemispheric parliament', 'Form military alliances with European powers', 1, 'See mark scheme for detailed explanation.', 556);
INSERT OR IGNORE INTO history_mcq_questions (id, category, difficulty, unit, question_text, option_a, option_b, option_c, option_d, correct_option, explanation, sort_order) VALUES ('hist-p3-mcq-556', '4. Modern Americas (1865–1929)', 'HL', 'P3-AME', 'The Panama Canal was completed in:', '1904', '1907', '1914', '1920', 2, 'See mark scheme for detailed explanation.', 557);
INSERT OR IGNORE INTO history_mcq_questions (id, category, difficulty, unit, question_text, option_a, option_b, option_c, option_d, correct_option, explanation, sort_order) VALUES ('hist-p3-mcq-557', '4. Modern Americas (1865–1929)', 'HL', 'P3-AME', 'The US entered World War I in:', '1914', '1915', '1916', '1917', 3, 'See mark scheme for detailed explanation.', 558);
INSERT OR IGNORE INTO history_mcq_questions (id, category, difficulty, unit, question_text, option_a, option_b, option_c, option_d, correct_option, explanation, sort_order) VALUES ('hist-p3-mcq-558', '4. Modern Americas (1865–1929)', 'HL', 'P3-AME', 'The US Senate rejected membership in:', 'NATO', 'The United Nations', 'The League of Nations', 'The World Trade Organization', 2, 'See mark scheme for detailed explanation.', 559);
INSERT OR IGNORE INTO history_mcq_questions (id, category, difficulty, unit, question_text, option_a, option_b, option_c, option_d, correct_option, explanation, sort_order) VALUES ('hist-p3-mcq-559', '4. Modern Americas (1865–1929)', 'HL', 'P3-AME', 'B | 2. B | 3. C | 4. D | 5. C', '', '', '', '', 1, 'See mark scheme for detailed explanation.', 560);
INSERT OR IGNORE INTO history_mcq_questions (id, category, difficulty, unit, question_text, option_a, option_b, option_c, option_d, correct_option, explanation, sort_order) VALUES ('hist-p3-mcq-560', '4. Modern Americas (1865–1929)', 'HL', 'P3-AME', 'The Plan de Ayala called for:', 'Industrial modernization', 'Land redistribution to peasants', 'Religious reform', 'Military expansion', 1, 'See mark scheme for detailed explanation.', 561);
INSERT OR IGNORE INTO history_mcq_questions (id, category, difficulty, unit, question_text, option_a, option_b, option_c, option_d, correct_option, explanation, sort_order) VALUES ('hist-p3-mcq-561', '4. Modern Americas (1865–1929)', 'HL', 'P3-AME', 'The Constitution of 1917 Article 27 addressed:', 'Labor rights', 'Religious freedom', 'National ownership of land and resources', 'Education reform', 2, 'See mark scheme for detailed explanation.', 562);
INSERT OR IGNORE INTO history_mcq_questions (id, category, difficulty, unit, question_text, option_a, option_b, option_c, option_d, correct_option, explanation, sort_order) VALUES ('hist-p3-mcq-562', '4. Modern Americas (1865–1929)', 'HL', 'P3-AME', 'Cardenas nationalized Mexico''s oil industry in:', '1917', '1928', '1934', '1938', 3, 'See mark scheme for detailed explanation.', 563);
INSERT OR IGNORE INTO history_mcq_questions (id, category, difficulty, unit, question_text, option_a, option_b, option_c, option_d, correct_option, explanation, sort_order) VALUES ('hist-p3-mcq-563', '4. Modern Americas (1865–1929)', 'HL', 'P3-AME', 'The Cristero War was fought over:', 'Land reform', 'Anti-clerical government policies', 'Oil nationalization', 'Foreign intervention', 1, 'See mark scheme for detailed explanation.', 564);
INSERT OR IGNORE INTO history_mcq_questions (id, category, difficulty, unit, question_text, option_a, option_b, option_c, option_d, correct_option, explanation, sort_order) VALUES ('hist-p3-mcq-564', '4. Modern Americas (1865–1929)', 'HL', 'P3-AME', 'Madero was overthrown by:', 'Zapata', 'Villa', 'Huerta', 'Obregon', 2, 'See mark scheme for detailed explanation.', 565);
INSERT OR IGNORE INTO history_mcq_questions (id, category, difficulty, unit, question_text, option_a, option_b, option_c, option_d, correct_option, explanation, sort_order) VALUES ('hist-p3-mcq-565', '4. Modern Americas (1865–1929)', 'HL', 'P3-AME', 'B | 2. C | 3. D | 4. B | 5. C', '', '', '', '', 1, 'See mark scheme for detailed explanation.', 566);
INSERT OR IGNORE INTO history_written_questions (id, category, difficulty, question_type, unit, marks, question_text, mark_scheme, sort_order) VALUES ('hist-p3-wq-224', '4. Modern Americas (1865–1929)', 'HL', 'short_answer', 'P3-AME', 15, 'Compare and contrast the processes of modernization in two countries of the Americas between 1865 and 1929.', 'Should compare: industrialization; urbanization; immigration; political development; social change; treatment of minorities/indigenous peoples. Top-band answers draw explicit analytical comparisons between two specific countries.', 225);
INSERT OR IGNORE INTO history_written_questions (id, category, difficulty, question_type, unit, marks, question_text, mark_scheme, sort_order) VALUES ('hist-p3-wq-225', '4. Modern Americas (1865–1929)', 'HL', 'short_answer', 'P3-AME', 15, '"Porfirio Diaz''s loss of political control was due to social inequality." To what extent do you agree?', 'Social inequality: concentration of land ownership; exploitation of peasants and workers; indigenous marginalization; growing middle class demands. Other factors: political repression; rigged elections; aging regime; economic crisis; opposition leaders (Madero, Zapata, Villa); US influence. Top-band answers evaluate social inequality against other factors.', 226);
INSERT OR IGNORE INTO history_written_questions (id, category, difficulty, question_type, unit, marks, question_text, mark_scheme, sort_order) VALUES ('hist-p3-wq-226', '4. Modern Americas (1865–1929)', 'HL', 'short_answer', 'P3-AME', 15, 'Evaluate the causes and consequences of immigration to one country of the Americas between 1865 and 1929.', 'Causes: push factors (poverty, persecution, war); pull factors (economic opportunity, land, religious freedom). Consequences: economic growth (labor force); cultural transformation; urbanization; social tensions (nativism, anti-immigration laws); political impact. Top-band answers address both causes and consequences with specific evidence.', 227);
INSERT OR IGNORE INTO history_written_questions (id, category, difficulty, question_type, unit, marks, question_text, mark_scheme, sort_order) VALUES ('hist-p3-wq-227', '4. Modern Americas (1865–1929)', 'HL', 'short_answer', 'P3-AME', 15, 'Evaluate the impact of US foreign policy on one Latin American country between 1880 and 1929.', 'Should address: specific US interventions; economic influence; political impact; social consequences; responses of the Latin American country. Top-band answers provide detailed analysis of one specific case study.', 228);
INSERT OR IGNORE INTO history_written_questions (id, category, difficulty, question_type, unit, marks, question_text, mark_scheme, sort_order) VALUES ('hist-p3-wq-228', '4. Modern Americas (1865–1929)', 'HL', 'short_answer', 'P3-AME', 15, '"The United States'' entry into World War I marked the end of American isolationism." To what extent do you agree?', 'For: decisive military intervention; Wilson''s global vision (Fourteen Points, League); economic engagement. Against: Senate rejected League; return to isolationism in 1920s; interventionism was limited to the Americas; economic vs political engagement. Top-band answers distinguish between different types of engagement and evaluate whether WWI truly ended isolationism.', 229);
INSERT OR IGNORE INTO history_written_questions (id, category, difficulty, question_type, unit, marks, question_text, mark_scheme, sort_order) VALUES ('hist-p3-wq-229', '4. Modern Americas (1865–1929)', 'HL', 'short_answer', 'P3-AME', 15, 'Examine the reasons for, and methods of, foreign intervention in the Mexican Revolution.', 'Reasons: protection of foreign (especially US) economic interests; border security; strategic concerns; ideological opposition. Methods: military intervention (Veracruz 1914, Pershing expedition 1916); diplomatic pressure; economic leverage; arms embargoes. Top-band answers examine both motivations and methods with specific evidence.', 230);
INSERT OR IGNORE INTO history_written_questions (id, category, difficulty, question_type, unit, marks, question_text, mark_scheme, sort_order) VALUES ('hist-p3-wq-230', '4. Modern Americas (1865–1929)', 'HL', 'short_answer', 'P3-AME', 15, 'Evaluate the social and economic impact of the Mexican Revolution on the peasantry.', 'Positive: land reform (especially under Cardenas); ejido system; constitutional protections; political inclusion; cultural recognition. Negative: limited and slow implementation; continued poverty; violence and displacement; urban bias of later governments. Top-band answers evaluate both achievements and limitations.', 231);
INSERT OR IGNORE INTO history_written_questions (id, category, difficulty, question_type, unit, marks, question_text, mark_scheme, sort_order) VALUES ('hist-p3-wq-231', '4. Modern Americas (1865–1929)', 'HL', 'short_answer', 'P3-AME', 15, '"The Mexican Revolution was primarily a struggle for land." To what extent do you agree?', 'Land issues: Zapata''s Plan de Ayala; hacienda system; Article 27; ejidos. Other issues: political reform (Madero); labor rights (Article 123); national sovereignty; anti-clericalism; regional power struggles; personal ambitions of leaders. Top-band answers evaluate land reform as one of several motivations.', 232);
INSERT OR IGNORE INTO history_written_questions (id, category, difficulty, question_type, unit, marks, question_text, mark_scheme, sort_order) VALUES ('hist-p3-wq-232', '4. Modern Americas (1865–1929)', 'HL', 'short_answer', 'P3-AME', 15, 'Assess the presidency of Lazaro Cardenas (1934--1940) and its significance for Mexico.', 'Achievements: massive land redistribution; oil nationalization; labor union support; educational expansion; institutional reform (PRM). Limitations: economic challenges of nationalization; authoritarian aspects; incomplete reforms; institutional party system limiting democracy. Top-band answers evaluate both the achievements and their limitations.', 233);

INSERT OR IGNORE INTO history_checklist_sections (id, title, color, unit, sort_order) VALUES ('hist-p3-ame-cl-5', '5. Depression & World War II', '#8B6B9E', 'P3-AME', 205);
INSERT INTO history_checklist_items (section_id, text, sort_order) VALUES ('hist-p3-ame-cl-5', 'Understand the causes of the Great Depression', 1);
INSERT INTO history_checklist_items (section_id, text, sort_order) VALUES ('hist-p3-ame-cl-5', 'Know the impact of the Depression on the US economy and society', 2);
INSERT INTO history_checklist_items (section_id, text, sort_order) VALUES ('hist-p3-ame-cl-5', 'Evaluate FDR''s New Deal: aims, methods, successes, and criticisms', 3);
INSERT INTO history_checklist_items (section_id, text, sort_order) VALUES ('hist-p3-ame-cl-5', 'Assess the impact of the Depression on Latin American countries', 4);
INSERT INTO history_checklist_items (section_id, text, sort_order) VALUES ('hist-p3-ame-cl-5', 'Know the response of Canadian governments to the Depression', 5);
INSERT INTO history_checklist_items (section_id, text, sort_order) VALUES ('hist-p3-ame-cl-5', 'Understand the rise of populist leaders in Latin America', 6);
INSERT INTO history_checklist_items (section_id, text, sort_order) VALUES ('hist-p3-ame-cl-5', 'Evaluate Import Substitution Industrialization as a response', 7);
INSERT INTO history_checklist_items (section_id, text, sort_order) VALUES ('hist-p3-ame-cl-5', 'Compare government responses to the Depression across the Americas', 8);
INSERT INTO history_checklist_items (section_id, text, sort_order) VALUES ('hist-p3-ame-cl-5', 'Assess the long-term political and economic legacy of the Depression', 9);
INSERT INTO history_checklist_items (section_id, text, sort_order) VALUES ('hist-p3-ame-cl-5', 'Know the social impact (unemployment, migration, cultural effects)', 10);
INSERT INTO history_checklist_items (section_id, text, sort_order) VALUES ('hist-p3-ame-cl-5', 'Understand US foreign policy in the 1930s (neutrality to involvement)', 11);
INSERT INTO history_checklist_items (section_id, text, sort_order) VALUES ('hist-p3-ame-cl-5', 'Know the causes and significance of US entry into WWII', 12);
INSERT INTO history_checklist_items (section_id, text, sort_order) VALUES ('hist-p3-ame-cl-5', 'Evaluate the US wartime economy and home front', 13);
INSERT INTO history_checklist_items (section_id, text, sort_order) VALUES ('hist-p3-ame-cl-5', 'Assess the social impact of war (women, minorities, Japanese internment)', 14);
INSERT INTO history_checklist_items (section_id, text, sort_order) VALUES ('hist-p3-ame-cl-5', 'Know Canadian military and industrial contributions', 15);
INSERT INTO history_checklist_items (section_id, text, sort_order) VALUES ('hist-p3-ame-cl-5', 'Understand Latin American involvement in the war effort', 16);
INSERT INTO history_checklist_items (section_id, text, sort_order) VALUES ('hist-p3-ame-cl-5', 'Evaluate the impact of the war on hemispheric relations', 17);
INSERT INTO history_checklist_items (section_id, text, sort_order) VALUES ('hist-p3-ame-cl-5', 'Assess the Manhattan Project and use of atomic weapons', 18);
INSERT INTO history_checklist_items (section_id, text, sort_order) VALUES ('hist-p3-ame-cl-5', 'Know the economic effects of the war across the Americas', 19);
INSERT INTO history_checklist_items (section_id, text, sort_order) VALUES ('hist-p3-ame-cl-5', 'Evaluate how WWII transformed the Americas'' global position', 20);
INSERT OR IGNORE INTO history_flashcard_topics (id, label, color, unit, sort_order) VALUES ('hist-p3-ame-fc-5', '5. Depression & World War II', '#8B6B9E', 'P3-AME', 5);
INSERT INTO history_flashcards (topic_id, term, definition, sort_order) VALUES ('hist-p3-ame-fc-5', 'What caused the Wall Street Crash (1929)?', 'Overproduction, speculative bubble in stocks, unequal wealth distribution, weak banking system, overreliance on credit, and declining agricultural prices.', 1);
INSERT INTO history_flashcards (topic_id, term, definition, sort_order) VALUES ('hist-p3-ame-fc-5', 'What was the New Deal?', 'FDR''s program of economic relief, recovery, and reform (1933--1939) including the AAA, NRA, TVA, Social Security, and banking reform.', 2);
INSERT INTO history_flashcards (topic_id, term, definition, sort_order) VALUES ('hist-p3-ame-fc-5', 'What was the impact of the Depression on Latin America?', 'Collapse of commodity prices devastated export economies; political instability; rise of populist and nationalist leaders; import substitution industrialization.', 3);
INSERT INTO history_flashcards (topic_id, term, definition, sort_order) VALUES ('hist-p3-ame-fc-5', 'Who was Getulio Vargas?', 'Brazilian leader (1930--1945, 1951--1954) who came to power during the Depression, modernized the economy, promoted industrialization, and established the Estado Novo dictatorship.', 4);
INSERT INTO history_flashcards (topic_id, term, definition, sort_order) VALUES ('hist-p3-ame-fc-5', 'What was Import Substitution Industrialization (ISI)?', 'An economic strategy adopted by Latin American countries to develop domestic manufacturing to replace imported goods, stimulated by the Depression''s disruption of trade.', 5);
INSERT INTO history_flashcards (topic_id, term, definition, sort_order) VALUES ('hist-p3-ame-fc-5', 'What was the Dust Bowl?', 'Severe drought and dust storms affecting the US Great Plains (1930s), causing agricultural devastation and mass migration of farmers to California.', 6);
INSERT INTO history_flashcards (topic_id, term, definition, sort_order) VALUES ('hist-p3-ame-fc-5', 'How did Canada respond to the Depression?', 'PM Bennett initially relied on tariffs and limited relief; later, the New Deal-inspired reforms and the creation of the Bank of Canada (1934); social welfare development.', 7);
INSERT INTO history_flashcards (topic_id, term, definition, sort_order) VALUES ('hist-p3-ame-fc-5', 'What was the Social Security Act (1935)?', 'US legislation establishing a system of old-age pensions, unemployment insurance, and welfare benefits, marking a major expansion of the federal government''s role.', 8);
INSERT INTO history_flashcards (topic_id, term, definition, sort_order) VALUES ('hist-p3-ame-fc-5', 'What was US neutrality legislation?', 'A series of Neutrality Acts (1935--1937) restricting US arms sales and loans to belligerent nations, reflecting isolationist sentiment.', 9);
INSERT INTO history_flashcards (topic_id, term, definition, sort_order) VALUES ('hist-p3-ame-fc-5', 'What was Lend-Lease?', 'A US program (1941) providing military aid to Allied nations (primarily Britain and the USSR) before official US entry into the war.', 10);
INSERT INTO history_flashcards (topic_id, term, definition, sort_order) VALUES ('hist-p3-ame-fc-5', 'What was the attack on Pearl Harbor?', 'Japan''s surprise military strike on the US naval base in Hawaii on December 7, 1941, bringing the US into World War II.', 11);
INSERT INTO history_flashcards (topic_id, term, definition, sort_order) VALUES ('hist-p3-ame-fc-5', 'What was the Manhattan Project?', 'The secret US-led program that developed the atomic bomb, culminating in the bombings of Hiroshima and Nagasaki in August 1945.', 12);
INSERT INTO history_flashcards (topic_id, term, definition, sort_order) VALUES ('hist-p3-ame-fc-5', 'What was Japanese-American internment?', 'The forced relocation of approximately 120,000 Japanese Americans to internment camps during WWII, based on racial prejudice and wartime hysteria.', 13);
INSERT INTO history_flashcards (topic_id, term, definition, sort_order) VALUES ('hist-p3-ame-fc-5', 'What was the Bracero Program?', 'A US-Mexico agreement (1942--1964) importing temporary Mexican agricultural workers to address labor shortages during the war.', 14);
INSERT INTO history_flashcards (topic_id, term, definition, sort_order) VALUES ('hist-p3-ame-fc-5', 'How did Canada contribute to WWII?', 'Canada declared war in 1939; contributed significant military forces (Dieppe, D-Day, Italy); major industrial production; conscription crisis (1944).', 15);
INSERT INTO history_flashcards (topic_id, term, definition, sort_order) VALUES ('hist-p3-ame-fc-5', 'What was the economic impact of WWII on the Americas?', 'Ended the Depression; massive industrial expansion; women in workforce; technological advances; US emerged as global economic superpower; Latin American commodity boom.', 16);
INSERT OR IGNORE INTO history_mcq_questions (id, category, difficulty, unit, question_text, option_a, option_b, option_c, option_d, correct_option, explanation, sort_order) VALUES ('hist-p3-mcq-566', '5. Depression & World War II', 'HL', 'P3-AME', 'The Wall Street Crash occurred in:', '1928', '1929', '1930', '1931', 1, 'See mark scheme for detailed explanation.', 567);
INSERT OR IGNORE INTO history_mcq_questions (id, category, difficulty, unit, question_text, option_a, option_b, option_c, option_d, correct_option, explanation, sort_order) VALUES ('hist-p3-mcq-567', '5. Depression & World War II', 'HL', 'P3-AME', 'The New Deal was introduced by:', 'Herbert Hoover', 'Franklin Roosevelt', 'Harry Truman', 'Calvin Coolidge', 1, 'See mark scheme for detailed explanation.', 568);
INSERT OR IGNORE INTO history_mcq_questions (id, category, difficulty, unit, question_text, option_a, option_b, option_c, option_d, correct_option, explanation, sort_order) VALUES ('hist-p3-mcq-568', '5. Depression & World War II', 'HL', 'P3-AME', 'Import Substitution Industrialization was a response to:', 'World War I', 'The Great Depression''s disruption of trade', 'US intervention', 'Communist revolution', 1, 'See mark scheme for detailed explanation.', 569);
INSERT OR IGNORE INTO history_mcq_questions (id, category, difficulty, unit, question_text, option_a, option_b, option_c, option_d, correct_option, explanation, sort_order) VALUES ('hist-p3-mcq-569', '5. Depression & World War II', 'HL', 'P3-AME', 'The Social Security Act was passed in:', '1933', '1934', '1935', '1938', 2, 'See mark scheme for detailed explanation.', 570);
INSERT OR IGNORE INTO history_mcq_questions (id, category, difficulty, unit, question_text, option_a, option_b, option_c, option_d, correct_option, explanation, sort_order) VALUES ('hist-p3-mcq-570', '5. Depression & World War II', 'HL', 'P3-AME', 'Getulio Vargas came to power in:', 'Argentina', 'Chile', 'Brazil', 'Mexico', 2, 'See mark scheme for detailed explanation.', 571);
INSERT OR IGNORE INTO history_mcq_questions (id, category, difficulty, unit, question_text, option_a, option_b, option_c, option_d, correct_option, explanation, sort_order) VALUES ('hist-p3-mcq-571', '5. Depression & World War II', 'HL', 'P3-AME', 'B | 2. B | 3. B | 4. C | 5. C', '', '', '', '', 1, 'See mark scheme for detailed explanation.', 572);
INSERT OR IGNORE INTO history_mcq_questions (id, category, difficulty, unit, question_text, option_a, option_b, option_c, option_d, correct_option, explanation, sort_order) VALUES ('hist-p3-mcq-572', '5. Depression & World War II', 'HL', 'P3-AME', 'The attack on Pearl Harbor occurred on:', 'December 7, 1940', 'December 7, 1941', 'June 6, 1944', 'August 6, 1945', 1, 'See mark scheme for detailed explanation.', 573);
INSERT OR IGNORE INTO history_mcq_questions (id, category, difficulty, unit, question_text, option_a, option_b, option_c, option_d, correct_option, explanation, sort_order) VALUES ('hist-p3-mcq-573', '5. Depression & World War II', 'HL', 'P3-AME', 'Lend-Lease was designed to:', 'Maintain US neutrality', 'Provide military aid to Allied nations', 'Contain Japanese expansion', 'Support Latin American development', 1, 'See mark scheme for detailed explanation.', 574);
INSERT OR IGNORE INTO history_mcq_questions (id, category, difficulty, unit, question_text, option_a, option_b, option_c, option_d, correct_option, explanation, sort_order) VALUES ('hist-p3-mcq-574', '5. Depression & World War II', 'HL', 'P3-AME', 'Japanese-American internment affected approximately:', '50,000 people', '90,000 people', '120,000 people', '200,000 people', 2, 'See mark scheme for detailed explanation.', 575);
INSERT OR IGNORE INTO history_mcq_questions (id, category, difficulty, unit, question_text, option_a, option_b, option_c, option_d, correct_option, explanation, sort_order) VALUES ('hist-p3-mcq-575', '5. Depression & World War II', 'HL', 'P3-AME', 'Canada entered WWII in:', '1937', '1939', '1941', '1942', 1, 'See mark scheme for detailed explanation.', 576);
INSERT OR IGNORE INTO history_mcq_questions (id, category, difficulty, unit, question_text, option_a, option_b, option_c, option_d, correct_option, explanation, sort_order) VALUES ('hist-p3-mcq-576', '5. Depression & World War II', 'HL', 'P3-AME', 'The Bracero Program involved:', 'Japanese-American relocation', 'Mexican agricultural workers in the US', 'Canadian military recruits', 'Brazilian industrial workers', 1, 'See mark scheme for detailed explanation.', 577);
INSERT OR IGNORE INTO history_mcq_questions (id, category, difficulty, unit, question_text, option_a, option_b, option_c, option_d, correct_option, explanation, sort_order) VALUES ('hist-p3-mcq-577', '5. Depression & World War II', 'HL', 'P3-AME', 'B | 2. B | 3. C | 4. B | 5. B', '', '', '', '', 1, 'See mark scheme for detailed explanation.', 578);
INSERT OR IGNORE INTO history_written_questions (id, category, difficulty, question_type, unit, marks, question_text, mark_scheme, sort_order) VALUES ('hist-p3-wq-233', '5. Depression & World War II', 'HL', 'short_answer', 'P3-AME', 15, 'Evaluate the effectiveness of the New Deal in addressing the Great Depression in the United States.', 'Successes: banking reform; employment programs; Social Security; infrastructure; restored confidence. Limitations: did not end unemployment until WWII; opposition from business and Supreme Court; racial inequalities in implementation; expanded government power (controversial). Top-band answers evaluate different aspects and consider different perspectives on ''effectiveness.''', 234);
INSERT OR IGNORE INTO history_written_questions (id, category, difficulty, question_type, unit, marks, question_text, mark_scheme, sort_order) VALUES ('hist-p3-wq-234', '5. Depression & World War II', 'HL', 'short_answer', 'P3-AME', 15, 'Compare and contrast the impact of the Great Depression on two countries of the Americas.', 'Should address: economic impact (GDP decline, unemployment, trade collapse); social effects; political responses; recovery strategies. Top-band answers draw explicit comparisons between two specific countries with detailed evidence.', 235);
INSERT OR IGNORE INTO history_written_questions (id, category, difficulty, question_type, unit, marks, question_text, mark_scheme, sort_order) VALUES ('hist-p3-wq-235', '5. Depression & World War II', 'HL', 'short_answer', 'P3-AME', 15, '"The Great Depression caused more political change in Latin America than in North America." To what extent do you agree?', 'Latin America: regime changes; rise of populism; military interventions; ISI; new constitutions. North America: New Deal transformation but within existing system; Canadian welfare state beginnings; no regime change. Top-band answers compare the extent of political change across the two regions.', 236);
INSERT OR IGNORE INTO history_written_questions (id, category, difficulty, question_type, unit, marks, question_text, mark_scheme, sort_order) VALUES ('hist-p3-wq-236', '5. Depression & World War II', 'HL', 'short_answer', 'P3-AME', 15, 'Examine the economic effects of the Second World War on two countries of the Americas.', 'Should address: industrial expansion; employment; technological innovation; government spending; commodity prices; post-war economic position. Top-band answers compare two specific countries with detailed evidence.', 237);
INSERT OR IGNORE INTO history_written_questions (id, category, difficulty, question_type, unit, marks, question_text, mark_scheme, sort_order) VALUES ('hist-p3-wq-237', '5. Depression & World War II', 'HL', 'short_answer', 'P3-AME', 15, '"The United States'' path from neutrality to intervention was inevitable." To what extent do you agree?', 'Factors pushing toward intervention: FDR''s sympathies; Lend-Lease; Atlantic Charter; economic ties to Allies; Pearl Harbor. Factors against: strong isolationist sentiment; neutrality legislation; anti-war public opinion; America First Committee. Top-band answers evaluate the balance between interventionist and isolationist forces.', 238);
INSERT OR IGNORE INTO history_written_questions (id, category, difficulty, question_type, unit, marks, question_text, mark_scheme, sort_order) VALUES ('hist-p3-wq-238', '5. Depression & World War II', 'HL', 'short_answer', 'P3-AME', 15, 'Evaluate the social impact of the Second World War on the home front in one country of the Americas.', 'Should address: women''s roles; racial minorities; civil liberties; cultural changes; demographic shifts; labor relations; government power expansion. Top-band answers provide detailed analysis of one country and evaluate the significance of wartime social changes.', 239);

INSERT OR IGNORE INTO history_checklist_sections (id, title, color, unit, sort_order) VALUES ('hist-p3-ame-cl-6', '6. Post-War Americas (1945–1981)', '#8B6B9E', 'P3-AME', 206);
INSERT INTO history_checklist_items (section_id, text, sort_order) VALUES ('hist-p3-ame-cl-6', 'Understand post-war political dynamics in Latin America', 1);
INSERT INTO history_checklist_items (section_id, text, sort_order) VALUES ('hist-p3-ame-cl-6', 'Know the rise and nature of populist movements (Peron, Vargas)', 2);
INSERT INTO history_checklist_items (section_id, text, sort_order) VALUES ('hist-p3-ame-cl-6', 'Analyze the Cuban Revolution: causes, course, and impact', 3);
INSERT INTO history_checklist_items (section_id, text, sort_order) VALUES ('hist-p3-ame-cl-6', 'Evaluate Castro''s domestic policies to 1980', 4);
INSERT INTO history_checklist_items (section_id, text, sort_order) VALUES ('hist-p3-ame-cl-6', 'Assess US intervention in Latin America during the Cold War', 5);
INSERT INTO history_checklist_items (section_id, text, sort_order) VALUES ('hist-p3-ame-cl-6', 'Know the Chilean experience: Allende to Pinochet', 6);
INSERT INTO history_checklist_items (section_id, text, sort_order) VALUES ('hist-p3-ame-cl-6', 'Understand military dictatorships and their consequences', 7);
INSERT INTO history_checklist_items (section_id, text, sort_order) VALUES ('hist-p3-ame-cl-6', 'Evaluate the Alliance for Progress', 8);
INSERT INTO history_checklist_items (section_id, text, sort_order) VALUES ('hist-p3-ame-cl-6', 'Assess the role of the military in Latin American politics', 9);
INSERT INTO history_checklist_items (section_id, text, sort_order) VALUES ('hist-p3-ame-cl-6', 'Know key guerrilla movements and revolutionary attempts', 10);
INSERT INTO history_checklist_items (section_id, text, sort_order) VALUES ('hist-p3-ame-cl-6', 'Understand Truman''s domestic and foreign policies', 11);
INSERT INTO history_checklist_items (section_id, text, sort_order) VALUES ('hist-p3-ame-cl-6', 'Evaluate the impact of McCarthyism on American society', 12);
INSERT INTO history_checklist_items (section_id, text, sort_order) VALUES ('hist-p3-ame-cl-6', 'Know Eisenhower''s domestic policies and the New Look', 13);
INSERT INTO history_checklist_items (section_id, text, sort_order) VALUES ('hist-p3-ame-cl-6', 'Assess Kennedy''s and Johnson''s domestic programs', 14);
INSERT INTO history_checklist_items (section_id, text, sort_order) VALUES ('hist-p3-ame-cl-6', 'Evaluate the Watergate scandal and Nixon''s presidency', 15);
INSERT INTO history_checklist_items (section_id, text, sort_order) VALUES ('hist-p3-ame-cl-6', 'Understand the social and cultural impact of the Cold War on the US', 16);
INSERT INTO history_checklist_items (section_id, text, sort_order) VALUES ('hist-p3-ame-cl-6', 'Know key developments in Canadian politics (1945--1982)', 17);
INSERT INTO history_checklist_items (section_id, text, sort_order) VALUES ('hist-p3-ame-cl-6', 'Analyze Quebec nationalism and the Quiet Revolution', 18);
INSERT INTO history_checklist_items (section_id, text, sort_order) VALUES ('hist-p3-ame-cl-6', 'Evaluate Trudeau''s leadership and constitutional reform', 19);
INSERT INTO history_checklist_items (section_id, text, sort_order) VALUES ('hist-p3-ame-cl-6', 'Compare US and Canadian political development in this period', 20);
INSERT INTO history_checklist_items (section_id, text, sort_order) VALUES ('hist-p3-ame-cl-6', 'Understand US Cold War foreign policy (containment, domino theory)', 21);
INSERT INTO history_checklist_items (section_id, text, sort_order) VALUES ('hist-p3-ame-cl-6', 'Know the causes, course, and consequences of the Cuban Missile Crisis', 22);
INSERT INTO history_checklist_items (section_id, text, sort_order) VALUES ('hist-p3-ame-cl-6', 'Evaluate US intervention in Latin America during the Cold War', 23);
INSERT INTO history_checklist_items (section_id, text, sort_order) VALUES ('hist-p3-ame-cl-6', 'Analyze the impact of the Vietnam War on US politics and society', 24);
INSERT INTO history_checklist_items (section_id, text, sort_order) VALUES ('hist-p3-ame-cl-6', 'Assess the impact of the Cold War on domestic policies in the Americas', 25);
INSERT INTO history_checklist_items (section_id, text, sort_order) VALUES ('hist-p3-ame-cl-6', 'Know the role of Canada in the Cold War', 26);
INSERT INTO history_checklist_items (section_id, text, sort_order) VALUES ('hist-p3-ame-cl-6', 'Evaluate detente: causes, features, and limitations', 27);
INSERT INTO history_checklist_items (section_id, text, sort_order) VALUES ('hist-p3-ame-cl-6', 'Understand Operation Condor and its consequences', 28);
INSERT INTO history_checklist_items (section_id, text, sort_order) VALUES ('hist-p3-ame-cl-6', 'Compare Cold War impacts across different American countries', 29);
INSERT INTO history_checklist_items (section_id, text, sort_order) VALUES ('hist-p3-ame-cl-6', 'Assess the relationship between the Cold War and human rights', 30);
INSERT OR IGNORE INTO history_flashcard_topics (id, label, color, unit, sort_order) VALUES ('hist-p3-ame-fc-6', '6. Post-War Americas (1945–1981)', '#8B6B9E', 'P3-AME', 6);
INSERT INTO history_flashcards (topic_id, term, definition, sort_order) VALUES ('hist-p3-ame-fc-6', 'What was populism in Latin America?', 'A political approach appealing to ordinary people against established elites, exemplified by leaders like Peron in Argentina and Vargas in Brazil.', 1);
INSERT INTO history_flashcards (topic_id, term, definition, sort_order) VALUES ('hist-p3-ame-fc-6', 'Who was Juan Peron?', 'Argentine president (1946--1955, 1973--1974) who built a populist movement (Peronism) based on labor support, nationalism, and the charismatic appeal of himself and his wife Eva.', 2);
INSERT INTO history_flashcards (topic_id, term, definition, sort_order) VALUES ('hist-p3-ame-fc-6', 'What was the Cuban Revolution (1959)?', 'Fidel Castro''s guerrilla movement that overthrew the Batista dictatorship, establishing a socialist state allied with the Soviet Union.', 3);
INSERT INTO history_flashcards (topic_id, term, definition, sort_order) VALUES ('hist-p3-ame-fc-6', 'What was the Alliance for Progress?', 'A US initiative (1961) proposed by JFK to promote economic development and democratic reform in Latin America, intended to counter communist influence.', 4);
INSERT INTO history_flashcards (topic_id, term, definition, sort_order) VALUES ('hist-p3-ame-fc-6', 'What was the Chilean coup of 1973?', 'A CIA-backed military coup led by General Pinochet that overthrew the democratically elected socialist president Salvador Allende.', 5);
INSERT INTO history_flashcards (topic_id, term, definition, sort_order) VALUES ('hist-p3-ame-fc-6', 'What was Liberation Theology?', 'A Catholic theological movement in Latin America (1960s--80s) emphasizing social justice, poverty, and political liberation for the poor.', 6);
INSERT INTO history_flashcards (topic_id, term, definition, sort_order) VALUES ('hist-p3-ame-fc-6', 'What was the Dirty War in Argentina?', 'A period of state terrorism (1976--1983) under the military junta that kidnapped, tortured, and killed thousands of suspected dissidents (the ''disappeared'').', 7);
INSERT INTO history_flashcards (topic_id, term, definition, sort_order) VALUES ('hist-p3-ame-fc-6', 'What was the Guatemalan Revolution (1944--1954)?', 'A period of democratic reform under Arevalo and Arbenz, ended by a CIA-backed coup in 1954 that overthrew Arbenz''s land reform program.', 8);
INSERT INTO history_flashcards (topic_id, term, definition, sort_order) VALUES ('hist-p3-ame-fc-6', 'What was the Truman Doctrine?', 'The 1947 US policy of providing military and economic aid to countries resisting communist influence, marking the start of containment policy.', 9);
INSERT INTO history_flashcards (topic_id, term, definition, sort_order) VALUES ('hist-p3-ame-fc-6', 'What was McCarthyism?', 'The anti-communist campaign led by Senator Joseph McCarthy (early 1950s), characterized by accusations, blacklisting, and violations of civil liberties.', 10);
INSERT INTO history_flashcards (topic_id, term, definition, sort_order) VALUES ('hist-p3-ame-fc-6', 'What was the Great Society?', 'President Johnson''s domestic program (1964--1968) of social reforms including Medicare, Medicaid, civil rights legislation, and the War on Poverty.', 11);
INSERT INTO history_flashcards (topic_id, term, definition, sort_order) VALUES ('hist-p3-ame-fc-6', 'What was Watergate?', 'A political scandal involving Nixon administration''s cover-up of a break-in at Democratic headquarters, leading to Nixon''s resignation in 1974.', 12);
INSERT INTO history_flashcards (topic_id, term, definition, sort_order) VALUES ('hist-p3-ame-fc-6', 'What was the Quiet Revolution?', 'A period of rapid social and political change in Quebec (1960s), including secularization, expansion of the welfare state, and the rise of Quebec nationalism.', 13);
INSERT INTO history_flashcards (topic_id, term, definition, sort_order) VALUES ('hist-p3-ame-fc-6', 'What was the Canadian Bill of Rights (1960)?', 'A federal statute enacted under PM Diefenbaker recognizing fundamental rights and freedoms, a precursor to the 1982 Charter of Rights and Freedoms.', 14);
INSERT INTO history_flashcards (topic_id, term, definition, sort_order) VALUES ('hist-p3-ame-fc-6', 'What was the FLQ Crisis (1970)?', 'A crisis triggered by the kidnapping of two officials by the Front de liberation du Quebec, leading PM Trudeau to invoke the War Measures Act.', 15);
INSERT INTO history_flashcards (topic_id, term, definition, sort_order) VALUES ('hist-p3-ame-fc-6', 'What was the Charter of Rights and Freedoms (1982)?', 'A constitutional document guaranteeing fundamental freedoms, democratic rights, mobility rights, legal rights, and equality rights for all Canadians.', 16);
INSERT INTO history_flashcards (topic_id, term, definition, sort_order) VALUES ('hist-p3-ame-fc-6', 'What was containment?', 'US Cold War strategy of preventing the spread of communism through military, economic, and diplomatic means, articulated by George Kennan.', 17);
INSERT INTO history_flashcards (topic_id, term, definition, sort_order) VALUES ('hist-p3-ame-fc-6', 'What was the Cuban Missile Crisis (1962)?', 'A 13-day confrontation between the US and USSR over Soviet missiles in Cuba, the closest the Cold War came to nuclear war, resolved by mutual concessions.', 18);
INSERT INTO history_flashcards (topic_id, term, definition, sort_order) VALUES ('hist-p3-ame-fc-6', 'What was the Bay of Pigs invasion (1961)?', 'A failed CIA-backed attempt by Cuban exiles to overthrow Castro''s government, embarrassing the Kennedy administration and pushing Cuba closer to the USSR.', 19);
INSERT INTO history_flashcards (topic_id, term, definition, sort_order) VALUES ('hist-p3-ame-fc-6', 'What was the Vietnam War''s impact on the Americas?', 'Massive US military involvement (1965--1973); domestic protest movement; political division; military draft resistance; impact on US foreign policy and society.', 20);
INSERT INTO history_flashcards (topic_id, term, definition, sort_order) VALUES ('hist-p3-ame-fc-6', 'What was the Eisenhower Doctrine?', 'A policy authorizing US military intervention in the Middle East to counter communist influence, extending containment to the region.', 21);
INSERT INTO history_flashcards (topic_id, term, definition, sort_order) VALUES ('hist-p3-ame-fc-6', 'What was Operation Condor?', 'A campaign of political repression and state terror coordinated by South American military dictatorships (1970s--80s) with US support, targeting left-wing dissidents.', 22);
INSERT INTO history_flashcards (topic_id, term, definition, sort_order) VALUES ('hist-p3-ame-fc-6', 'What was detente?', 'A period of reduced Cold War tensions (1969--1979) marked by arms control agreements (SALT I), diplomatic engagement, and reduced confrontation between the US and USSR.', 23);
INSERT INTO history_flashcards (topic_id, term, definition, sort_order) VALUES ('hist-p3-ame-fc-6', 'What was Canada''s role in the Cold War?', 'NATO member; participated in Korean War; NORAD partnership with US; maintained some independence in foreign policy (e.g., recognition of China); peacekeeping role.', 24);
INSERT OR IGNORE INTO history_mcq_questions (id, category, difficulty, unit, question_text, option_a, option_b, option_c, option_d, correct_option, explanation, sort_order) VALUES ('hist-p3-mcq-578', '6. Post-War Americas (1945–1981)', 'HL', 'P3-AME', 'The Cuban Revolution succeeded in:', '1953', '1956', '1959', '1961', 2, 'See mark scheme for detailed explanation.', 579);
INSERT OR IGNORE INTO history_mcq_questions (id, category, difficulty, unit, question_text, option_a, option_b, option_c, option_d, correct_option, explanation, sort_order) VALUES ('hist-p3-mcq-579', '6. Post-War Americas (1945–1981)', 'HL', 'P3-AME', 'The Alliance for Progress was proposed by:', 'Eisenhower', 'Kennedy', 'Johnson', 'Nixon', 1, 'See mark scheme for detailed explanation.', 580);
INSERT OR IGNORE INTO history_mcq_questions (id, category, difficulty, unit, question_text, option_a, option_b, option_c, option_d, correct_option, explanation, sort_order) VALUES ('hist-p3-mcq-580', '6. Post-War Americas (1945–1981)', 'HL', 'P3-AME', 'Pinochet came to power in Chile through:', 'Democratic election', 'Military coup', 'Popular revolution', 'Constitutional succession', 1, 'See mark scheme for detailed explanation.', 581);
INSERT OR IGNORE INTO history_mcq_questions (id, category, difficulty, unit, question_text, option_a, option_b, option_c, option_d, correct_option, explanation, sort_order) VALUES ('hist-p3-mcq-581', '6. Post-War Americas (1945–1981)', 'HL', 'P3-AME', 'Argentina''s ''Dirty War'' occurred during:', '1966--1970', '1970--1975', '1976--1983', '1983--1989', 2, 'See mark scheme for detailed explanation.', 582);
INSERT OR IGNORE INTO history_mcq_questions (id, category, difficulty, unit, question_text, option_a, option_b, option_c, option_d, correct_option, explanation, sort_order) VALUES ('hist-p3-mcq-582', '6. Post-War Americas (1945–1981)', 'HL', 'P3-AME', 'Liberation Theology emphasized:', 'Papal authority', 'Social justice for the poor', 'Anti-communist ideology', 'Protestant evangelism', 1, 'See mark scheme for detailed explanation.', 583);
INSERT OR IGNORE INTO history_mcq_questions (id, category, difficulty, unit, question_text, option_a, option_b, option_c, option_d, correct_option, explanation, sort_order) VALUES ('hist-p3-mcq-583', '6. Post-War Americas (1945–1981)', 'HL', 'P3-AME', 'C | 2. B | 3. B | 4. C | 5. B', '', '', '', '', 2, 'See mark scheme for detailed explanation.', 584);
INSERT OR IGNORE INTO history_mcq_questions (id, category, difficulty, unit, question_text, option_a, option_b, option_c, option_d, correct_option, explanation, sort_order) VALUES ('hist-p3-mcq-584', '6. Post-War Americas (1945–1981)', 'HL', 'P3-AME', 'The Truman Doctrine was announced in:', '1945', '1947', '1949', '1950', 1, 'See mark scheme for detailed explanation.', 585);
INSERT OR IGNORE INTO history_mcq_questions (id, category, difficulty, unit, question_text, option_a, option_b, option_c, option_d, correct_option, explanation, sort_order) VALUES ('hist-p3-mcq-585', '6. Post-War Americas (1945–1981)', 'HL', 'P3-AME', 'McCarthyism is associated with:', 'Anti-war protests', 'Anti-communist accusations', 'Civil rights activism', 'Environmental protection', 1, 'See mark scheme for detailed explanation.', 586);
INSERT OR IGNORE INTO history_mcq_questions (id, category, difficulty, unit, question_text, option_a, option_b, option_c, option_d, correct_option, explanation, sort_order) VALUES ('hist-p3-mcq-586', '6. Post-War Americas (1945–1981)', 'HL', 'P3-AME', 'The Watergate scandal led to the resignation of:', 'Johnson', 'Nixon', 'Ford', 'Carter', 1, 'See mark scheme for detailed explanation.', 587);
INSERT OR IGNORE INTO history_mcq_questions (id, category, difficulty, unit, question_text, option_a, option_b, option_c, option_d, correct_option, explanation, sort_order) VALUES ('hist-p3-mcq-587', '6. Post-War Americas (1945–1981)', 'HL', 'P3-AME', 'The Quiet Revolution occurred in:', 'Ontario', 'British Columbia', 'Quebec', 'Alberta', 2, 'See mark scheme for detailed explanation.', 588);
INSERT OR IGNORE INTO history_mcq_questions (id, category, difficulty, unit, question_text, option_a, option_b, option_c, option_d, correct_option, explanation, sort_order) VALUES ('hist-p3-mcq-588', '6. Post-War Americas (1945–1981)', 'HL', 'P3-AME', 'The Canadian Charter of Rights and Freedoms was adopted in:', '1960', '1970', '1982', '1988', 2, 'See mark scheme for detailed explanation.', 589);
INSERT OR IGNORE INTO history_mcq_questions (id, category, difficulty, unit, question_text, option_a, option_b, option_c, option_d, correct_option, explanation, sort_order) VALUES ('hist-p3-mcq-589', '6. Post-War Americas (1945–1981)', 'HL', 'P3-AME', 'B | 2. B | 3. B | 4. C | 5. C', '', '', '', '', 1, 'See mark scheme for detailed explanation.', 590);
INSERT OR IGNORE INTO history_mcq_questions (id, category, difficulty, unit, question_text, option_a, option_b, option_c, option_d, correct_option, explanation, sort_order) VALUES ('hist-p3-mcq-590', '6. Post-War Americas (1945–1981)', 'HL', 'P3-AME', 'The Cuban Missile Crisis occurred in:', '1960', '1961', '1962', '1963', 2, 'See mark scheme for detailed explanation.', 591);
INSERT OR IGNORE INTO history_mcq_questions (id, category, difficulty, unit, question_text, option_a, option_b, option_c, option_d, correct_option, explanation, sort_order) VALUES ('hist-p3-mcq-591', '6. Post-War Americas (1945–1981)', 'HL', 'P3-AME', 'The Bay of Pigs invasion was in:', '1959', '1961', '1963', '1965', 1, 'See mark scheme for detailed explanation.', 592);
INSERT OR IGNORE INTO history_mcq_questions (id, category, difficulty, unit, question_text, option_a, option_b, option_c, option_d, correct_option, explanation, sort_order) VALUES ('hist-p3-mcq-592', '6. Post-War Americas (1945–1981)', 'HL', 'P3-AME', 'SALT I was a product of:', 'Containment', 'Rollback', 'Detente', 'Brinkmanship', 2, 'See mark scheme for detailed explanation.', 593);
INSERT OR IGNORE INTO history_mcq_questions (id, category, difficulty, unit, question_text, option_a, option_b, option_c, option_d, correct_option, explanation, sort_order) VALUES ('hist-p3-mcq-593', '6. Post-War Americas (1945–1981)', 'HL', 'P3-AME', 'Operation Condor was coordinated by:', 'Central American governments', 'South American military dictatorships', 'Caribbean nations', 'North American intelligence agencies alone', 1, 'See mark scheme for detailed explanation.', 594);
INSERT OR IGNORE INTO history_mcq_questions (id, category, difficulty, unit, question_text, option_a, option_b, option_c, option_d, correct_option, explanation, sort_order) VALUES ('hist-p3-mcq-594', '6. Post-War Americas (1945–1981)', 'HL', 'P3-AME', 'Canada''s Cold War policy included:', 'NATO membership and NORAD', 'Neutrality', 'Alliance with the USSR', 'Isolation from international affairs', 0, 'See mark scheme for detailed explanation.', 595);
INSERT OR IGNORE INTO history_mcq_questions (id, category, difficulty, unit, question_text, option_a, option_b, option_c, option_d, correct_option, explanation, sort_order) VALUES ('hist-p3-mcq-595', '6. Post-War Americas (1945–1981)', 'HL', 'P3-AME', 'C | 2. B | 3. C | 4. B | 5. A', '', '', '', '', 2, 'See mark scheme for detailed explanation.', 596);
INSERT OR IGNORE INTO history_written_questions (id, category, difficulty, question_type, unit, marks, question_text, mark_scheme, sort_order) VALUES ('hist-p3-wq-239', '6. Post-War Americas (1945–1981)', 'HL', 'short_answer', 'P3-AME', 15, 'Evaluate the contribution of social and cultural policies to Fidel Castro''s rule to 1980.', 'Social policies: literacy campaign; healthcare expansion; education reform; racial equality. Cultural: promotion of revolutionary culture; censorship and control. Assessment: improved social indicators but limited freedoms; achieved legitimacy through social gains. Top-band answers evaluate both achievements and costs.', 240);
INSERT OR IGNORE INTO history_written_questions (id, category, difficulty, question_type, unit, marks, question_text, mark_scheme, sort_order) VALUES ('hist-p3-wq-240', '6. Post-War Americas (1945–1981)', 'HL', 'short_answer', 'P3-AME', 15, '"US intervention was the main obstacle to democratic development in Latin America between 1945 and 1980." Discuss.', 'US intervention: Guatemala (1954); Cuba (Bay of Pigs); Chile (1973); support for dictatorships; Alliance for Progress limitations. Other obstacles: military traditions; economic inequality; weak institutions; Cold War context; internal class conflicts. Top-band answers evaluate US role against domestic factors.', 241);
INSERT OR IGNORE INTO history_written_questions (id, category, difficulty, question_type, unit, marks, question_text, mark_scheme, sort_order) VALUES ('hist-p3-wq-241', '6. Post-War Americas (1945–1981)', 'HL', 'short_answer', 'P3-AME', 15, 'Compare and contrast the domestic policies of two authoritarian rulers in Latin America between 1945 and 1980.', 'Should compare economic policies, social programs, political repression, ideological orientation, and legacies. Top-band answers draw explicit analytical comparisons between two specific leaders.', 242);
INSERT OR IGNORE INTO history_written_questions (id, category, difficulty, question_type, unit, marks, question_text, mark_scheme, sort_order) VALUES ('hist-p3-wq-242', '6. Post-War Americas (1945–1981)', 'HL', 'short_answer', 'P3-AME', 15, 'Compare and contrast the domestic policies of Nixon and Ford.', 'Nixon: detente; environmental policy (EPA); wage-price controls; Southern strategy; Watergate. Ford: pardon of Nixon; economic challenges (stagflation); continuation of detente; limited domestic agenda. Similarities: both Republican; both faced economic difficulties; both dealt with Vietnam aftermath. Top-band answers draw explicit comparisons.', 243);
INSERT OR IGNORE INTO history_written_questions (id, category, difficulty, question_type, unit, marks, question_text, mark_scheme, sort_order) VALUES ('hist-p3-wq-243', '6. Post-War Americas (1945–1981)', 'HL', 'short_answer', 'P3-AME', 15, 'Discuss the reasons for the rise of nationalism in Quebec.', 'Reasons: historical grievances; linguistic and cultural identity; economic disparities; Quiet Revolution''s secularization; federal language policies; FLQ crisis; Parti Quebecois; influence of global decolonization movements. Top-band answers analyze multiple causes and their interconnections.', 244);
INSERT OR IGNORE INTO history_written_questions (id, category, difficulty, question_type, unit, marks, question_text, mark_scheme, sort_order) VALUES ('hist-p3-wq-244', '6. Post-War Americas (1945–1981)', 'HL', 'short_answer', 'P3-AME', 15, 'Examine the social and cultural impact of the Cold War on the US during Truman''s presidency.', 'Impact: McCarthyism and Red Scare; loyalty oaths; Hollywood blacklist; nuclear anxiety; civil defense programs; impact on education and science; suburban development; conformity culture; impact on civil rights movement. Top-band answers evaluate multiple dimensions of Cold War impact.', 245);
INSERT OR IGNORE INTO history_written_questions (id, category, difficulty, question_type, unit, marks, question_text, mark_scheme, sort_order) VALUES ('hist-p3-wq-245', '6. Post-War Americas (1945–1981)', 'HL', 'short_answer', 'P3-AME', 15, 'Evaluate the impact of the Cold War on one Latin American country between 1945 and 1981.', 'Should address: US intervention; political polarization; economic policies; human rights impact; military governments; social movements. Top-band answers provide detailed analysis of one specific country.', 246);
INSERT OR IGNORE INTO history_written_questions (id, category, difficulty, question_type, unit, marks, question_text, mark_scheme, sort_order) VALUES ('hist-p3-wq-246', '6. Post-War Americas (1945–1981)', 'HL', 'short_answer', 'P3-AME', 15, '"The Cuban Missile Crisis was the most dangerous moment of the Cold War." To what extent do you agree?', 'Supporting: closest to nuclear war; direct superpower confrontation; 13 days of crisis; nuclear weapons on US doorstep. Against: other crises also dangerous (Berlin, Korea); crisis was resolved peacefully; both sides showed restraint; established hotline and better communication. Top-band answers evaluate the Crisis''s danger in comparison with other Cold War moments.', 247);
INSERT OR IGNORE INTO history_written_questions (id, category, difficulty, question_type, unit, marks, question_text, mark_scheme, sort_order) VALUES ('hist-p3-wq-247', '6. Post-War Americas (1945–1981)', 'HL', 'short_answer', 'P3-AME', 15, 'Discuss the reasons for, and characteristics of, Eisenhower''s New Look policy.', 'Reasons: desire to reduce military spending; nuclear deterrence as cheaper option; Korean War experience; domestic economic priorities. Characteristics: massive retaliation doctrine; nuclear weapons emphasis; covert operations (CIA); alliances and containment. Top-band answers evaluate both the rationale and the implementation.', 248);

INSERT OR IGNORE INTO history_checklist_sections (id, title, color, unit, sort_order) VALUES ('hist-p3-ame-cl-7', '7. Civil Rights & Contemporary', '#8B6B9E', 'P3-AME', 207);
INSERT INTO history_checklist_items (section_id, text, sort_order) VALUES ('hist-p3-ame-cl-7', 'Understand the African American civil rights movement: key events, leaders, strategies', 1);
INSERT INTO history_checklist_items (section_id, text, sort_order) VALUES ('hist-p3-ame-cl-7', 'Know landmark legislation (Civil Rights Act 1964, Voting Rights Act 1965)', 2);
INSERT INTO history_checklist_items (section_id, text, sort_order) VALUES ('hist-p3-ame-cl-7', 'Evaluate the roles of MLK, Malcolm X, and other civil rights leaders', 3);
INSERT INTO history_checklist_items (section_id, text, sort_order) VALUES ('hist-p3-ame-cl-7', 'Assess the Hispanic American movement and Cesar Chavez', 4);
INSERT INTO history_checklist_items (section_id, text, sort_order) VALUES ('hist-p3-ame-cl-7', 'Know indigenous rights movements across the Americas', 5);
INSERT INTO history_checklist_items (section_id, text, sort_order) VALUES ('hist-p3-ame-cl-7', 'Understand the feminist movement and its achievements', 6);
INSERT INTO history_checklist_items (section_id, text, sort_order) VALUES ('hist-p3-ame-cl-7', 'Evaluate youth culture and protests of the 1960s--70s', 7);
INSERT INTO history_checklist_items (section_id, text, sort_order) VALUES ('hist-p3-ame-cl-7', 'Compare civil rights movements across the Americas', 8);
INSERT INTO history_checklist_items (section_id, text, sort_order) VALUES ('hist-p3-ame-cl-7', 'Assess the methods and effectiveness of different protest strategies', 9);
INSERT INTO history_checklist_items (section_id, text, sort_order) VALUES ('hist-p3-ame-cl-7', 'Evaluate the long-term impact of civil rights movements', 10);
INSERT INTO history_checklist_items (section_id, text, sort_order) VALUES ('hist-p3-ame-cl-7', 'Understand Reagan''s domestic and foreign policies', 11);
INSERT INTO history_checklist_items (section_id, text, sort_order) VALUES ('hist-p3-ame-cl-7', 'Know the Iran-Contra affair and its implications', 12);
INSERT INTO history_checklist_items (section_id, text, sort_order) VALUES ('hist-p3-ame-cl-7', 'Evaluate the transitions to democracy in Latin America', 13);
INSERT INTO history_checklist_items (section_id, text, sort_order) VALUES ('hist-p3-ame-cl-7', 'Assess NAFTA: aims, impact, and debates', 14);
INSERT INTO history_checklist_items (section_id, text, sort_order) VALUES ('hist-p3-ame-cl-7', 'Know Clinton''s domestic and foreign policies', 15);
INSERT INTO history_checklist_items (section_id, text, sort_order) VALUES ('hist-p3-ame-cl-7', 'Understand Canadian politics: Mulroney, Chretien, Quebec separatism', 16);
INSERT INTO history_checklist_items (section_id, text, sort_order) VALUES ('hist-p3-ame-cl-7', 'Evaluate the ''Pink Tide'' in Latin American politics', 17);
INSERT INTO history_checklist_items (section_id, text, sort_order) VALUES ('hist-p3-ame-cl-7', 'Assess the impact of 9/11 on the Americas', 18);
INSERT INTO history_checklist_items (section_id, text, sort_order) VALUES ('hist-p3-ame-cl-7', 'Know the economic challenges of the 1980s--90s (debt crisis, neoliberalism)', 19);
INSERT INTO history_checklist_items (section_id, text, sort_order) VALUES ('hist-p3-ame-cl-7', 'Evaluate the changing role of the US in the Americas after the Cold War', 20);
INSERT OR IGNORE INTO history_flashcard_topics (id, label, color, unit, sort_order) VALUES ('hist-p3-ame-fc-7', '7. Civil Rights & Contemporary', '#8B6B9E', 'P3-AME', 7);
INSERT INTO history_flashcards (topic_id, term, definition, sort_order) VALUES ('hist-p3-ame-fc-7', 'What was Brown v. Board of Education (1954)?', 'A landmark US Supreme Court decision declaring racial segregation in public schools unconstitutional, overturning ''separate but equal.''', 1);
INSERT INTO history_flashcards (topic_id, term, definition, sort_order) VALUES ('hist-p3-ame-fc-7', 'Who was Martin Luther King Jr.?', 'The most prominent leader of the US civil rights movement, advocating nonviolent protest, delivering the ''I Have a Dream'' speech (1963), and receiving the Nobel Peace Prize.', 2);
INSERT INTO history_flashcards (topic_id, term, definition, sort_order) VALUES ('hist-p3-ame-fc-7', 'What was the Civil Rights Act of 1964?', 'Landmark US legislation prohibiting discrimination based on race, color, religion, sex, or national origin in public accommodations, employment, and federally funded programs.', 3);
INSERT INTO history_flashcards (topic_id, term, definition, sort_order) VALUES ('hist-p3-ame-fc-7', 'Who was Cesar Chavez?', 'A Mexican-American labor leader who co-founded the National Farm Workers Association, organizing strikes and boycotts to improve conditions for agricultural workers.', 4);
INSERT INTO history_flashcards (topic_id, term, definition, sort_order) VALUES ('hist-p3-ame-fc-7', 'What was the feminist movement in the Americas?', 'A movement advocating for women''s rights, including equal pay, reproductive rights, and political representation, gaining momentum in the 1960s--70s.', 5);
INSERT INTO history_flashcards (topic_id, term, definition, sort_order) VALUES ('hist-p3-ame-fc-7', 'What was the indigenous rights movement?', 'Movements across the Americas advocating for indigenous land rights, cultural preservation, political representation, and self-determination (e.g., AIM in the US).', 6);
INSERT INTO history_flashcards (topic_id, term, definition, sort_order) VALUES ('hist-p3-ame-fc-7', 'What was the youth counter-culture of the 1960s?', 'A cultural movement rejecting mainstream values, embracing anti-war activism, civil rights, sexual liberation, and experimentation, symbolized by the 1968 protests.', 7);
INSERT INTO history_flashcards (topic_id, term, definition, sort_order) VALUES ('hist-p3-ame-fc-7', 'What was the Voting Rights Act (1965)?', 'US legislation prohibiting racial discrimination in voting, eliminating barriers like literacy tests and poll taxes that had disenfranchised African Americans.', 8);
INSERT INTO history_flashcards (topic_id, term, definition, sort_order) VALUES ('hist-p3-ame-fc-7', 'What was Reaganomics?', 'President Reagan''s economic policy emphasizing tax cuts, deregulation, reduced social spending, and increased military spending, based on supply-side economics.', 9);
INSERT INTO history_flashcards (topic_id, term, definition, sort_order) VALUES ('hist-p3-ame-fc-7', 'What was the Iran-Contra affair?', 'A political scandal in which the Reagan administration secretly sold arms to Iran and used the proceeds to fund Contra rebels in Nicaragua, violating Congressional prohibitions.', 10);
INSERT INTO history_flashcards (topic_id, term, definition, sort_order) VALUES ('hist-p3-ame-fc-7', 'What was NAFTA?', 'The North American Free Trade Agreement (1994) creating a free trade zone between the US, Canada, and Mexico, eliminating most tariffs between the three countries.', 11);
INSERT INTO history_flashcards (topic_id, term, definition, sort_order) VALUES ('hist-p3-ame-fc-7', 'What was the transition to democracy in Latin America?', 'In the 1980s--90s, most Latin American countries transitioned from military dictatorships to democratic governance, though challenges remained.', 12);
INSERT INTO history_flashcards (topic_id, term, definition, sort_order) VALUES ('hist-p3-ame-fc-7', 'What was the Quebec sovereignty referendum (1995)?', 'A referendum on Quebec independence that was narrowly defeated (50.58% No, 49.42% Yes), highlighting the ongoing tension of Canadian unity.', 13);
INSERT INTO history_flashcards (topic_id, term, definition, sort_order) VALUES ('hist-p3-ame-fc-7', 'What was the Falklands War (1982)?', 'A conflict between Argentina and Britain over the Falkland Islands, resulting in British victory and contributing to the fall of Argentina''s military junta.', 14);
INSERT INTO history_flashcards (topic_id, term, definition, sort_order) VALUES ('hist-p3-ame-fc-7', 'What were the effects of 9/11 on the Americas?', 'September 11, 2001 attacks led to the War on Terror, invasion of Afghanistan and Iraq, increased security measures, and debates over civil liberties.', 15);
INSERT INTO history_flashcards (topic_id, term, definition, sort_order) VALUES ('hist-p3-ame-fc-7', 'What was Hugo Chavez''s Bolivarian Revolution?', 'Venezuelan President Chavez''s (1999--2013) left-wing movement promoting socialism, anti-US foreign policy, and regional integration through oil wealth.', 16);
INSERT OR IGNORE INTO history_mcq_questions (id, category, difficulty, unit, question_text, option_a, option_b, option_c, option_d, correct_option, explanation, sort_order) VALUES ('hist-p3-mcq-596', '7. Civil Rights & Contemporary', 'HL', 'P3-AME', 'Brown v. Board of Education was decided in:', '1950', '1954', '1957', '1960', 1, 'See mark scheme for detailed explanation.', 597);
INSERT OR IGNORE INTO history_mcq_questions (id, category, difficulty, unit, question_text, option_a, option_b, option_c, option_d, correct_option, explanation, sort_order) VALUES ('hist-p3-mcq-597', '7. Civil Rights & Contemporary', 'HL', 'P3-AME', 'The Civil Rights Act was passed in:', '1960', '1963', '1964', '1968', 2, 'See mark scheme for detailed explanation.', 598);
INSERT OR IGNORE INTO history_mcq_questions (id, category, difficulty, unit, question_text, option_a, option_b, option_c, option_d, correct_option, explanation, sort_order) VALUES ('hist-p3-mcq-598', '7. Civil Rights & Contemporary', 'HL', 'P3-AME', 'Cesar Chavez organized:', 'Factory workers', 'Agricultural workers', 'Miners', 'Railroad workers', 1, 'See mark scheme for detailed explanation.', 599);
INSERT OR IGNORE INTO history_mcq_questions (id, category, difficulty, unit, question_text, option_a, option_b, option_c, option_d, correct_option, explanation, sort_order) VALUES ('hist-p3-mcq-599', '7. Civil Rights & Contemporary', 'HL', 'P3-AME', 'The American Indian Movement (AIM) advocated for:', 'Agricultural reform', 'Labor union rights', 'Indigenous rights and sovereignty', 'Environmental protection only', 2, 'See mark scheme for detailed explanation.', 600);
INSERT OR IGNORE INTO history_mcq_questions (id, category, difficulty, unit, question_text, option_a, option_b, option_c, option_d, correct_option, explanation, sort_order) VALUES ('hist-p3-mcq-600', '7. Civil Rights & Contemporary', 'HL', 'P3-AME', 'The 1960s counter-culture movement was characterized by:', 'Support for traditional values', 'Anti-war activism and social experimentation', 'Pro-business ideology', 'Religious revivalism', 1, 'See mark scheme for detailed explanation.', 601);
INSERT OR IGNORE INTO history_mcq_questions (id, category, difficulty, unit, question_text, option_a, option_b, option_c, option_d, correct_option, explanation, sort_order) VALUES ('hist-p3-mcq-601', '7. Civil Rights & Contemporary', 'HL', 'P3-AME', 'B | 2. C | 3. B | 4. C | 5. B', '', '', '', '', 1, 'See mark scheme for detailed explanation.', 602);
INSERT OR IGNORE INTO history_mcq_questions (id, category, difficulty, unit, question_text, option_a, option_b, option_c, option_d, correct_option, explanation, sort_order) VALUES ('hist-p3-mcq-602', '7. Civil Rights & Contemporary', 'HL', 'P3-AME', 'NAFTA came into effect in:', '1990', '1992', '1994', '1996', 2, 'See mark scheme for detailed explanation.', 603);
INSERT OR IGNORE INTO history_mcq_questions (id, category, difficulty, unit, question_text, option_a, option_b, option_c, option_d, correct_option, explanation, sort_order) VALUES ('hist-p3-mcq-603', '7. Civil Rights & Contemporary', 'HL', 'P3-AME', 'The Quebec sovereignty referendum of 1995 resulted in:', 'A clear victory for sovereignty', 'A narrow defeat for sovereignty', 'A large majority against sovereignty', 'A tie requiring a re-vote', 1, 'See mark scheme for detailed explanation.', 604);
INSERT OR IGNORE INTO history_mcq_questions (id, category, difficulty, unit, question_text, option_a, option_b, option_c, option_d, correct_option, explanation, sort_order) VALUES ('hist-p3-mcq-604', '7. Civil Rights & Contemporary', 'HL', 'P3-AME', 'The Iran-Contra affair involved:', 'Arms sales to Iran funding Nicaraguan rebels', 'Secret trade with Cuba', 'Canadian espionage', 'Mexican border disputes', 0, 'See mark scheme for detailed explanation.', 605);
INSERT OR IGNORE INTO history_mcq_questions (id, category, difficulty, unit, question_text, option_a, option_b, option_c, option_d, correct_option, explanation, sort_order) VALUES ('hist-p3-mcq-605', '7. Civil Rights & Contemporary', 'HL', 'P3-AME', 'The Falklands War was between:', 'Chile and Peru', 'Argentina and Britain', 'Brazil and Paraguay', 'Venezuela and Colombia', 1, 'See mark scheme for detailed explanation.', 606);
INSERT OR IGNORE INTO history_mcq_questions (id, category, difficulty, unit, question_text, option_a, option_b, option_c, option_d, correct_option, explanation, sort_order) VALUES ('hist-p3-mcq-606', '7. Civil Rights & Contemporary', 'HL', 'P3-AME', 'Hugo Chavez came to power in:', '1989', '1995', '1999', '2003', 2, 'See mark scheme for detailed explanation.', 607);
INSERT OR IGNORE INTO history_mcq_questions (id, category, difficulty, unit, question_text, option_a, option_b, option_c, option_d, correct_option, explanation, sort_order) VALUES ('hist-p3-mcq-607', '7. Civil Rights & Contemporary', 'HL', 'P3-AME', 'C | 2. B | 3. A | 4. B | 5. C', '', '', '', '', 2, 'See mark scheme for detailed explanation.', 608);
INSERT OR IGNORE INTO history_written_questions (id, category, difficulty, question_type, unit, marks, question_text, mark_scheme, sort_order) VALUES ('hist-p3-wq-248', '7. Civil Rights & Contemporary', 'HL', 'short_answer', 'P3-AME', 15, 'Evaluate the effectiveness of nonviolent protest in the US civil rights movement.', 'Effective: moral authority; media attention (Birmingham, Selma); legislative achievements; building broad coalitions; international support. Limitations: slow pace of change; violence against protesters; northern racism harder to address; economic inequality persisted; rise of Black Power as alternative. Top-band answers evaluate both effectiveness and limitations.', 249);
INSERT OR IGNORE INTO history_written_questions (id, category, difficulty, question_type, unit, marks, question_text, mark_scheme, sort_order) VALUES ('hist-p3-wq-249', '7. Civil Rights & Contemporary', 'HL', 'short_answer', 'P3-AME', 15, 'Compare and contrast two civil rights or social movements in the Americas post-1945.', 'Should compare: causes/grievances; methods; leadership; achievements; obstacles; legacy. Top-band answers draw explicit analytical comparisons between two specific movements.', 250);
INSERT OR IGNORE INTO history_written_questions (id, category, difficulty, question_type, unit, marks, question_text, mark_scheme, sort_order) VALUES ('hist-p3-wq-250', '7. Civil Rights & Contemporary', 'HL', 'short_answer', 'P3-AME', 15, '"The civil rights legislation of the 1960s solved the problem of racial discrimination in the United States." To what extent do you agree?', 'Achievements: legal desegregation; voting rights; employment protection; cultural change. Limitations: de facto segregation persisted; economic inequality; institutional racism; white backlash; need for continued activism. Top-band answers evaluate both the significance and the limitations of legislation.', 251);
INSERT OR IGNORE INTO history_written_questions (id, category, difficulty, question_type, unit, marks, question_text, mark_scheme, sort_order) VALUES ('hist-p3-wq-251', '7. Civil Rights & Contemporary', 'HL', 'short_answer', 'P3-AME', 15, 'Evaluate the domestic policies of President Reagan.', 'Policies: tax cuts; deregulation; reduced social spending; military buildup; anti-union (PATCO). Assessment: economic growth but increased inequality; deficit spending; conservative cultural shift; HIV/AIDS response criticized. Top-band answers evaluate both supporters'' and critics'' perspectives.', 252);
INSERT OR IGNORE INTO history_written_questions (id, category, difficulty, question_type, unit, marks, question_text, mark_scheme, sort_order) VALUES ('hist-p3-wq-252', '7. Civil Rights & Contemporary', 'HL', 'short_answer', 'P3-AME', 15, 'Discuss the challenges faced by Latin American countries in their transitions to democracy after 1980.', 'Challenges: dealing with past human rights abuses; economic crises (debt crisis); social inequality; institutional weakness; military influence; corruption; drug trafficking; external pressures (neoliberalism). Top-band answers discuss multiple challenges with specific country examples.', 253);
INSERT OR IGNORE INTO history_written_questions (id, category, difficulty, question_type, unit, marks, question_text, mark_scheme, sort_order) VALUES ('hist-p3-wq-253', '7. Civil Rights & Contemporary', 'HL', 'short_answer', 'P3-AME', 15, 'Evaluate the impact of NAFTA on the economies of its member states.', 'Positive: increased trade; foreign investment; economic integration; lower consumer prices. Negative: job losses in certain sectors; environmental concerns; inequality within countries; Mexican agricultural displacement. Top-band answers evaluate impact on all three member states and consider multiple perspectives.', 254);

-- ══ Paper 3: History of Europe (unit = 'P3-EUR') ═══════════════════════════════════

-- Category colors
INSERT OR IGNORE INTO history_category_colors (category, color) VALUES ('1. Medieval Europe (750–1500)', '#6B8BA3');
INSERT OR IGNORE INTO history_category_colors (category, color) VALUES ('2. Renaissance & Reformation', '#6B8BA3');
INSERT OR IGNORE INTO history_category_colors (category, color) VALUES ('3. Absolutism & Revolution', '#6B8BA3');
INSERT OR IGNORE INTO history_category_colors (category, color) VALUES ('4. 19th Century Nationalism', '#6B8BA3');
INSERT OR IGNORE INTO history_category_colors (category, color) VALUES ('5. Imperial Russia & World War I', '#6B8BA3');
INSERT OR IGNORE INTO history_category_colors (category, color) VALUES ('6. Inter-War Europe & Diplomacy', '#6B8BA3');
INSERT OR IGNORE INTO history_category_colors (category, color) VALUES ('7. Post-War Europe (1945–2000)', '#6B8BA3');

INSERT OR IGNORE INTO history_checklist_sections (id, title, color, unit, sort_order) VALUES ('hist-p3-eur-cl-1', '1. Medieval Europe (750–1500)', '#6B8BA3', 'P3-EUR', 208);
INSERT INTO history_checklist_items (section_id, text, sort_order) VALUES ('hist-p3-eur-cl-1', 'Understand the rise and fall of the Carolingian Empire', 1);
INSERT INTO history_checklist_items (section_id, text, sort_order) VALUES ('hist-p3-eur-cl-1', 'Know the key features of the feudal system and its political implications', 2);
INSERT INTO history_checklist_items (section_id, text, sort_order) VALUES ('hist-p3-eur-cl-1', 'Explain the Investiture Controversy and its resolution', 3);
INSERT INTO history_checklist_items (section_id, text, sort_order) VALUES ('hist-p3-eur-cl-1', 'Compare the political development of England and France (750--1500)', 4);
INSERT INTO history_checklist_items (section_id, text, sort_order) VALUES ('hist-p3-eur-cl-1', 'Analyze the relationship between Church and State in medieval Europe', 5);
INSERT INTO history_checklist_items (section_id, text, sort_order) VALUES ('hist-p3-eur-cl-1', 'Evaluate the significance of the Magna Carta', 6);
INSERT INTO history_checklist_items (section_id, text, sort_order) VALUES ('hist-p3-eur-cl-1', 'Understand the role of the Holy Roman Empire', 7);
INSERT INTO history_checklist_items (section_id, text, sort_order) VALUES ('hist-p3-eur-cl-1', 'Know key dynasties: Carolingian, Capetian, Plantagenet, Habsburg', 8);
INSERT INTO history_checklist_items (section_id, text, sort_order) VALUES ('hist-p3-eur-cl-1', 'Assess the impact of the Black Death on political structures', 9);
INSERT INTO history_checklist_items (section_id, text, sort_order) VALUES ('hist-p3-eur-cl-1', 'Understand the concept of divine right and its evolution', 10);
INSERT INTO history_checklist_items (section_id, text, sort_order) VALUES ('hist-p3-eur-cl-1', 'Understand the structure and functioning of the feudal system', 11);
INSERT INTO history_checklist_items (section_id, text, sort_order) VALUES ('hist-p3-eur-cl-1', 'Explain the manorial system and the life of serfs', 12);
INSERT INTO history_checklist_items (section_id, text, sort_order) VALUES ('hist-p3-eur-cl-1', 'Know key agricultural innovations (three-field system, heavy plough, horse collar)', 13);
INSERT INTO history_checklist_items (section_id, text, sort_order) VALUES ('hist-p3-eur-cl-1', 'Analyze the causes and consequences of the Black Death', 14);
INSERT INTO history_checklist_items (section_id, text, sort_order) VALUES ('hist-p3-eur-cl-1', 'Evaluate the growth of towns and trade in medieval Europe', 15);
INSERT INTO history_checklist_items (section_id, text, sort_order) VALUES ('hist-p3-eur-cl-1', 'Understand the role of guilds in medieval economy', 16);
INSERT INTO history_checklist_items (section_id, text, sort_order) VALUES ('hist-p3-eur-cl-1', 'Assess the Commercial Revolution and its impact', 17);
INSERT INTO history_checklist_items (section_id, text, sort_order) VALUES ('hist-p3-eur-cl-1', 'Know the causes and outcomes of the Peasants'' Revolt (1381)', 18);
INSERT INTO history_checklist_items (section_id, text, sort_order) VALUES ('hist-p3-eur-cl-1', 'Understand medieval social hierarchy: clergy, nobility, peasantry', 19);
INSERT INTO history_checklist_items (section_id, text, sort_order) VALUES ('hist-p3-eur-cl-1', 'Evaluate the decline of feudalism and its causes', 20);
INSERT INTO history_checklist_items (section_id, text, sort_order) VALUES ('hist-p3-eur-cl-1', 'Know the causes of the First Crusade (religious, political, economic motivations)', 21);
INSERT INTO history_checklist_items (section_id, text, sort_order) VALUES ('hist-p3-eur-cl-1', 'Understand the establishment and governance of Crusader States', 22);
INSERT INTO history_checklist_items (section_id, text, sort_order) VALUES ('hist-p3-eur-cl-1', 'Analyze the role of key leaders: Urban II, Godfrey of Bouillon, Saladin, Richard I', 23);
INSERT INTO history_checklist_items (section_id, text, sort_order) VALUES ('hist-p3-eur-cl-1', 'Evaluate the military and strategic aspects of the major Crusades (1st--4th)', 24);
INSERT INTO history_checklist_items (section_id, text, sort_order) VALUES ('hist-p3-eur-cl-1', 'Assess the impact of the Fourth Crusade on the Byzantine Empire', 25);
INSERT INTO history_checklist_items (section_id, text, sort_order) VALUES ('hist-p3-eur-cl-1', 'Understand Muslim responses to the Crusades', 26);
INSERT INTO history_checklist_items (section_id, text, sort_order) VALUES ('hist-p3-eur-cl-1', 'Evaluate the social and economic consequences of the Crusades for Europe', 27);
INSERT INTO history_checklist_items (section_id, text, sort_order) VALUES ('hist-p3-eur-cl-1', 'Know the cultural and intellectual exchanges resulting from the Crusades', 28);
INSERT INTO history_checklist_items (section_id, text, sort_order) VALUES ('hist-p3-eur-cl-1', 'Assess the religious motivations versus political and economic factors', 29);
INSERT INTO history_checklist_items (section_id, text, sort_order) VALUES ('hist-p3-eur-cl-1', 'Understand the decline and fall of the Crusader States', 30);
INSERT OR IGNORE INTO history_flashcard_topics (id, label, color, unit, sort_order) VALUES ('hist-p3-eur-fc-1', '1. Medieval Europe (750–1500)', '#6B8BA3', 'P3-EUR', 1);
INSERT INTO history_flashcards (topic_id, term, definition, sort_order) VALUES ('hist-p3-eur-fc-1', 'What was the Carolingian Renaissance?', 'A cultural and intellectual revival under Charlemagne (768--814) that promoted learning, art, and the standardization of Latin script.', 1);
INSERT INTO history_flashcards (topic_id, term, definition, sort_order) VALUES ('hist-p3-eur-fc-1', 'When was Charlemagne crowned Holy Roman Emperor?', 'December 25, 800 CE, by Pope Leo III in Rome.', 2);
INSERT INTO history_flashcards (topic_id, term, definition, sort_order) VALUES ('hist-p3-eur-fc-1', 'What was the Investiture Controversy?', 'A conflict between the papacy and secular rulers (1076--1122) over the right to appoint bishops and abbots, resolved by the Concordat of Worms.', 3);
INSERT INTO history_flashcards (topic_id, term, definition, sort_order) VALUES ('hist-p3-eur-fc-1', 'Who was William the Conqueror?', 'Duke of Normandy who invaded England in 1066, winning the Battle of Hastings and establishing Norman rule.', 4);
INSERT INTO history_flashcards (topic_id, term, definition, sort_order) VALUES ('hist-p3-eur-fc-1', 'What was the Magna Carta (1215)?', 'A charter signed by King John of England limiting royal power, establishing the principle that the king was subject to law.', 5);
INSERT INTO history_flashcards (topic_id, term, definition, sort_order) VALUES ('hist-p3-eur-fc-1', 'What was the significance of the Golden Bull of 1356?', 'It formalized the election process for the Holy Roman Emperor, establishing seven prince-electors.', 6);
INSERT INTO history_flashcards (topic_id, term, definition, sort_order) VALUES ('hist-p3-eur-fc-1', 'Who were the Capetian dynasty?', 'French royal dynasty (987--1328) that gradually consolidated royal authority over feudal lords and expanded the French kingdom.', 7);
INSERT INTO history_flashcards (topic_id, term, definition, sort_order) VALUES ('hist-p3-eur-fc-1', 'What was the role of the papacy in medieval politics?', 'The papacy claimed spiritual and often temporal authority, intervening in dynastic disputes and legitimizing or challenging rulers.', 8);
INSERT INTO history_flashcards (topic_id, term, definition, sort_order) VALUES ('hist-p3-eur-fc-1', 'What was the feudal system?', 'A hierarchical social structure based on land ownership and obligations: kings granted land to lords, who granted it to vassals in exchange for military service and loyalty.', 9);
INSERT INTO history_flashcards (topic_id, term, definition, sort_order) VALUES ('hist-p3-eur-fc-1', 'What was the manorial system?', 'An economic system where peasants (serfs) worked on a lord''s estate (manor) in exchange for protection and the right to farm small plots for themselves.', 10);
INSERT INTO history_flashcards (topic_id, term, definition, sort_order) VALUES ('hist-p3-eur-fc-1', 'What was the Black Death?', 'A devastating plague pandemic (1347--1351) that killed approximately one-third of Europe''s population, causing massive social and economic upheaval.', 11);
INSERT INTO history_flashcards (topic_id, term, definition, sort_order) VALUES ('hist-p3-eur-fc-1', 'What were medieval guilds?', 'Associations of craftsmen or merchants that regulated trade, set quality standards, controlled prices, and provided training through apprenticeships.', 12);
INSERT INTO history_flashcards (topic_id, term, definition, sort_order) VALUES ('hist-p3-eur-fc-1', 'What was the three-field system?', 'An agricultural innovation that divided farmland into three sections: one for winter crops, one for spring crops, and one left fallow, increasing productivity.', 13);
INSERT INTO history_flashcards (topic_id, term, definition, sort_order) VALUES ('hist-p3-eur-fc-1', 'What was the Commercial Revolution?', 'A period of European economic expansion (11th--13th centuries) marked by increased trade, urbanization, the rise of banking, and new business practices.', 14);
INSERT INTO history_flashcards (topic_id, term, definition, sort_order) VALUES ('hist-p3-eur-fc-1', 'What was the impact of the Black Death on labor?', 'Labor shortages led to higher wages for surviving workers, weakened serfdom, and contributed to peasant revolts (e.g., English Peasants'' Revolt 1381).', 15);
INSERT INTO history_flashcards (topic_id, term, definition, sort_order) VALUES ('hist-p3-eur-fc-1', 'What were the Hanseatic League cities?', 'A commercial confederation of merchant guilds and market towns in northwestern and central Europe, dominating Baltic maritime trade (13th--17th centuries).', 16);
INSERT INTO history_flashcards (topic_id, term, definition, sort_order) VALUES ('hist-p3-eur-fc-1', 'What was the First Crusade (1096--1099)?', 'A military expedition called by Pope Urban II at the Council of Clermont (1095) to recapture the Holy Land from Muslim control; it succeeded in capturing Jerusalem in 1099.', 17);
INSERT INTO history_flashcards (topic_id, term, definition, sort_order) VALUES ('hist-p3-eur-fc-1', 'What were the Crusader States?', 'Four states established after the First Crusade: the Kingdom of Jerusalem, County of Tripoli, Principality of Antioch, and County of Edessa.', 18);
INSERT INTO history_flashcards (topic_id, term, definition, sort_order) VALUES ('hist-p3-eur-fc-1', 'Who was Saladin?', 'Kurdish Muslim leader who united Egypt and Syria, defeated the Crusaders at the Battle of Hattin (1187), and recaptured Jerusalem.', 19);
INSERT INTO history_flashcards (topic_id, term, definition, sort_order) VALUES ('hist-p3-eur-fc-1', 'What was the Third Crusade (1189--1192)?', 'Led by Richard I of England, Philip II of France, and Frederick Barbarossa; failed to recapture Jerusalem but secured coastal access for Christian pilgrims.', 20);
INSERT INTO history_flashcards (topic_id, term, definition, sort_order) VALUES ('hist-p3-eur-fc-1', 'What was the Fourth Crusade (1202--1204)?', 'Diverted from the Holy Land to sack Constantinople, severely weakening the Byzantine Empire and deepening the East-West Christian schism.', 21);
INSERT INTO history_flashcards (topic_id, term, definition, sort_order) VALUES ('hist-p3-eur-fc-1', 'What was the Children''s Crusade (1212)?', 'A popular movement of young people attempting to reach the Holy Land; most participants never arrived, being sold into slavery or turning back.', 22);
INSERT INTO history_flashcards (topic_id, term, definition, sort_order) VALUES ('hist-p3-eur-fc-1', 'What were the long-term effects of the Crusades?', 'Increased East-West trade; transfer of knowledge and technology; weakened Byzantine Empire; strengthened papal authority initially; contributed to rise of Italian maritime cities.', 23);
INSERT INTO history_flashcards (topic_id, term, definition, sort_order) VALUES ('hist-p3-eur-fc-1', 'When did the last Crusader stronghold fall?', 'Acre fell in 1291, marking the end of Crusader presence in the Holy Land.', 24);
INSERT OR IGNORE INTO history_mcq_questions (id, category, difficulty, unit, question_text, option_a, option_b, option_c, option_d, correct_option, explanation, sort_order) VALUES ('hist-p3-mcq-608', '1. Medieval Europe (750–1500)', 'HL', 'P3-EUR', 'In what year was Charlemagne crowned Holy Roman Emperor?', '768 CE', '800 CE', '843 CE', '962 CE', 1, 'See mark scheme for detailed explanation.', 609);
INSERT OR IGNORE INTO history_mcq_questions (id, category, difficulty, unit, question_text, option_a, option_b, option_c, option_d, correct_option, explanation, sort_order) VALUES ('hist-p3-mcq-609', '1. Medieval Europe (750–1500)', 'HL', 'P3-EUR', 'The Investiture Controversy was primarily a conflict between:', 'France and England', 'The papacy and secular rulers', 'The Byzantine and Holy Roman Empires', 'Muslim and Christian kingdoms', 1, 'See mark scheme for detailed explanation.', 610);
INSERT OR IGNORE INTO history_mcq_questions (id, category, difficulty, unit, question_text, option_a, option_b, option_c, option_d, correct_option, explanation, sort_order) VALUES ('hist-p3-mcq-610', '1. Medieval Europe (750–1500)', 'HL', 'P3-EUR', 'The Magna Carta (1215) was signed by which English king?', 'Henry II', 'Richard I', 'John', 'Edward I', 2, 'See mark scheme for detailed explanation.', 611);
INSERT OR IGNORE INTO history_mcq_questions (id, category, difficulty, unit, question_text, option_a, option_b, option_c, option_d, correct_option, explanation, sort_order) VALUES ('hist-p3-mcq-611', '1. Medieval Europe (750–1500)', 'HL', 'P3-EUR', 'The Treaty of Verdun (843) divided which empire?', 'Roman Empire', 'Carolingian Empire', 'Byzantine Empire', 'Ottoman Empire', 1, 'See mark scheme for detailed explanation.', 612);
INSERT OR IGNORE INTO history_mcq_questions (id, category, difficulty, unit, question_text, option_a, option_b, option_c, option_d, correct_option, explanation, sort_order) VALUES ('hist-p3-mcq-612', '1. Medieval Europe (750–1500)', 'HL', 'P3-EUR', 'The Golden Bull of 1356 concerned:', 'Papal authority over bishops', 'Election of the Holy Roman Emperor', 'Crusade financing', 'English succession laws', 1, 'See mark scheme for detailed explanation.', 613);
INSERT OR IGNORE INTO history_mcq_questions (id, category, difficulty, unit, question_text, option_a, option_b, option_c, option_d, correct_option, explanation, sort_order) VALUES ('hist-p3-mcq-613', '1. Medieval Europe (750–1500)', 'HL', 'P3-EUR', 'B | 2. B | 3. C | 4. B | 5. B', '', '', '', '', 1, 'See mark scheme for detailed explanation.', 614);
INSERT OR IGNORE INTO history_mcq_questions (id, category, difficulty, unit, question_text, option_a, option_b, option_c, option_d, correct_option, explanation, sort_order) VALUES ('hist-p3-mcq-614', '1. Medieval Europe (750–1500)', 'HL', 'P3-EUR', 'Approximately what proportion of Europe''s population died in the Black Death (1347--1351)?', 'One-tenth', 'One-quarter', 'One-third', 'One-half', 2, 'See mark scheme for detailed explanation.', 615);
INSERT OR IGNORE INTO history_mcq_questions (id, category, difficulty, unit, question_text, option_a, option_b, option_c, option_d, correct_option, explanation, sort_order) VALUES ('hist-p3-mcq-615', '1. Medieval Europe (750–1500)', 'HL', 'P3-EUR', 'The English Peasants'' Revolt occurred in:', '1348', '1358', '1381', '1399', 2, 'See mark scheme for detailed explanation.', 616);
INSERT OR IGNORE INTO history_mcq_questions (id, category, difficulty, unit, question_text, option_a, option_b, option_c, option_d, correct_option, explanation, sort_order) VALUES ('hist-p3-mcq-616', '1. Medieval Europe (750–1500)', 'HL', 'P3-EUR', 'The Hanseatic League was primarily involved in:', 'Military alliances', 'Religious reform', 'Maritime trade', 'Agricultural innovation', 2, 'See mark scheme for detailed explanation.', 617);
INSERT OR IGNORE INTO history_mcq_questions (id, category, difficulty, unit, question_text, option_a, option_b, option_c, option_d, correct_option, explanation, sort_order) VALUES ('hist-p3-mcq-617', '1. Medieval Europe (750–1500)', 'HL', 'P3-EUR', 'The three-field system improved agriculture by:', 'Introducing new crops from Asia', 'Rotating crops and leaving one field fallow', 'Using irrigation canals', 'Replacing animal labor with water mills', 1, 'See mark scheme for detailed explanation.', 618);
INSERT OR IGNORE INTO history_mcq_questions (id, category, difficulty, unit, question_text, option_a, option_b, option_c, option_d, correct_option, explanation, sort_order) VALUES ('hist-p3-mcq-618', '1. Medieval Europe (750–1500)', 'HL', 'P3-EUR', 'Medieval guilds did NOT typically:', 'Set quality standards', 'Train apprentices', 'Encourage free competition', 'Regulate prices', 2, 'See mark scheme for detailed explanation.', 619);
INSERT OR IGNORE INTO history_mcq_questions (id, category, difficulty, unit, question_text, option_a, option_b, option_c, option_d, correct_option, explanation, sort_order) VALUES ('hist-p3-mcq-619', '1. Medieval Europe (750–1500)', 'HL', 'P3-EUR', 'C | 2. C | 3. C | 4. B | 5. C', '', '', '', '', 2, 'See mark scheme for detailed explanation.', 620);
INSERT OR IGNORE INTO history_mcq_questions (id, category, difficulty, unit, question_text, option_a, option_b, option_c, option_d, correct_option, explanation, sort_order) VALUES ('hist-p3-mcq-620', '1. Medieval Europe (750–1500)', 'HL', 'P3-EUR', 'Pope Urban II called the First Crusade at which council?', 'Council of Nicaea', 'Council of Clermont', 'Council of Trent', 'Fourth Lateran Council', 1, 'See mark scheme for detailed explanation.', 621);
INSERT OR IGNORE INTO history_mcq_questions (id, category, difficulty, unit, question_text, option_a, option_b, option_c, option_d, correct_option, explanation, sort_order) VALUES ('hist-p3-mcq-621', '1. Medieval Europe (750–1500)', 'HL', 'P3-EUR', 'The Battle of Hattin (1187) resulted in:', 'Crusader capture of Damascus', 'Saladin''s recapture of Jerusalem', 'The founding of the Templars', 'The fall of Constantinople', 1, 'See mark scheme for detailed explanation.', 622);
INSERT OR IGNORE INTO history_mcq_questions (id, category, difficulty, unit, question_text, option_a, option_b, option_c, option_d, correct_option, explanation, sort_order) VALUES ('hist-p3-mcq-622', '1. Medieval Europe (750–1500)', 'HL', 'P3-EUR', 'The Fourth Crusade (1202--1204) is notable for:', 'Recapturing Jerusalem', 'Sacking Constantinople', 'Establishing the Teutonic Knights', 'Defeating Saladin', 1, 'See mark scheme for detailed explanation.', 623);
INSERT OR IGNORE INTO history_mcq_questions (id, category, difficulty, unit, question_text, option_a, option_b, option_c, option_d, correct_option, explanation, sort_order) VALUES ('hist-p3-mcq-623', '1. Medieval Europe (750–1500)', 'HL', 'P3-EUR', 'The last major Crusader stronghold to fall was:', 'Jerusalem (1187)', 'Antioch (1268)', 'Acre (1291)', 'Tripoli (1289)', 2, 'See mark scheme for detailed explanation.', 624);
INSERT OR IGNORE INTO history_mcq_questions (id, category, difficulty, unit, question_text, option_a, option_b, option_c, option_d, correct_option, explanation, sort_order) VALUES ('hist-p3-mcq-624', '1. Medieval Europe (750–1500)', 'HL', 'P3-EUR', 'Which Italian city-states benefited most economically from the Crusades?', 'Rome and Naples', 'Venice and Genoa', 'Florence and Milan', 'Turin and Palermo', 1, 'See mark scheme for detailed explanation.', 625);
INSERT OR IGNORE INTO history_mcq_questions (id, category, difficulty, unit, question_text, option_a, option_b, option_c, option_d, correct_option, explanation, sort_order) VALUES ('hist-p3-mcq-625', '1. Medieval Europe (750–1500)', 'HL', 'P3-EUR', 'B | 2. B | 3. B | 4. C | 5. B', '', '', '', '', 1, 'See mark scheme for detailed explanation.', 626);
INSERT OR IGNORE INTO history_written_questions (id, category, difficulty, question_type, unit, marks, question_text, mark_scheme, sort_order) VALUES ('hist-p3-wq-254', '1. Medieval Europe (750–1500)', 'HL', 'short_answer', 'P3-EUR', 15, '"The power of medieval monarchs was always limited by the Church." To what extent do you agree with this statement with reference to the period 750--1500?', 'Answers should consider: the Investiture Controversy as a key example of Church limiting royal power; Magna Carta and baronial constraints; the role of papal coronation in legitimizing rulers; counter-arguments including strong monarchs who dominated the Church (e.g., Henry VIII predecessors, Philip IV of France vs Boniface VIII); the Avignon Papacy as evidence of royal dominance over the Church. Top-band answers (13--15) will offer a balanced, well-supported argument with specific examples and a clear thesis addressing ''to what extent.'' Mid-band (10--12) will have relevant knowledge but may lack balance or depth. Lower band (7--9) will be largely narrative with limited analysis.', 255);
INSERT OR IGNORE INTO history_written_questions (id, category, difficulty, question_type, unit, marks, question_text, mark_scheme, sort_order) VALUES ('hist-p3-wq-255', '1. Medieval Europe (750–1500)', 'HL', 'short_answer', 'P3-EUR', 15, 'Compare and contrast the political development of England and France between 1000 and 1500.', 'Similarities: both experienced centralization of royal authority; feudal structures; conflicts between monarchy and nobility; impact of the Hundred Years'' War. Differences: England developed parliamentary institutions earlier (Magna Carta, Model Parliament 1295); France had a more absolutist trajectory; different relationships with the papacy; England''s common law vs France''s Roman law tradition. Top-band answers will use specific examples (e.g., William I''s Domesday Book, Philip II Augustus''s expansion) and draw analytical comparisons rather than simply describing each country separately.', 256);
INSERT OR IGNORE INTO history_written_questions (id, category, difficulty, question_type, unit, marks, question_text, mark_scheme, sort_order) VALUES ('hist-p3-wq-256', '1. Medieval Europe (750–1500)', 'HL', 'short_answer', 'P3-EUR', 15, 'Evaluate the significance of the Investiture Controversy for the development of European politics.', 'Key points: established a precedent for limits on both papal and secular authority; the Concordat of Worms (1122) as a compromise; long-term impact on Church-State relations; contributed to the development of the concept of separate spheres of authority; weakened the Holy Roman Empire internally. Top-band answers will assess ''significance'' by weighing short-term vs long-term effects and comparing with other factors shaping European politics.', 257);
INSERT OR IGNORE INTO history_written_questions (id, category, difficulty, question_type, unit, marks, question_text, mark_scheme, sort_order) VALUES ('hist-p3-wq-257', '1. Medieval Europe (750–1500)', 'HL', 'short_answer', 'P3-EUR', 15, '"The Black Death was the most significant turning point in medieval European society." To what extent do you agree?', 'For: massive demographic change; labor shortages raised wages and challenged serfdom; accelerated decline of feudalism; psychological/cultural impact; contributed to peasant revolts. Against: other factors also important (Commercial Revolution, urbanization, technological change predated plague); impact varied by region; feudalism was already weakening; recovery was uneven. Top-band answers address ''most significant'' by weighing against other turning points. Mid-band answers may describe effects without fully evaluating significance.', 258);
INSERT OR IGNORE INTO history_written_questions (id, category, difficulty, question_type, unit, marks, question_text, mark_scheme, sort_order) VALUES ('hist-p3-wq-258', '1. Medieval Europe (750–1500)', 'HL', 'short_answer', 'P3-EUR', 15, 'Evaluate the reasons for the decline of feudalism in Europe between 1000 and 1400.', 'Reasons include: growth of towns and trade creating alternatives to agricultural labor; the Black Death''s demographic impact; rise of money economy replacing land-based obligations; peasant revolts; centralization of royal authority; Crusades exposing Europeans to different systems. Top-band answers will prioritize and evaluate the relative importance of multiple factors, using specific examples.', 259);
INSERT OR IGNORE INTO history_written_questions (id, category, difficulty, question_type, unit, marks, question_text, mark_scheme, sort_order) VALUES ('hist-p3-wq-259', '1. Medieval Europe (750–1500)', 'HL', 'short_answer', 'P3-EUR', 15, 'Discuss the social and economic impact of the growth of towns in medieval Europe.', 'Economic: new centers of trade and craft production; rise of merchant class; development of banking and credit; market economy. Social: new social classes (bourgeoisie); challenge to feudal hierarchy; greater personal freedom for urban dwellers; guild system; cultural developments. Top-band answers discuss both positive effects and tensions/challenges (e.g., urban poverty, conflicts with feudal lords).', 260);
INSERT OR IGNORE INTO history_written_questions (id, category, difficulty, question_type, unit, marks, question_text, mark_scheme, sort_order) VALUES ('hist-p3-wq-260', '1. Medieval Europe (750–1500)', 'HL', 'short_answer', 'P3-EUR', 15, '"Religious motivation was the primary cause of the Crusades." To what extent do you agree with this statement?', 'Religious factors: papal call for holy war; promise of remission of sins; pilgrimage tradition; desire to recapture Holy Land. Other factors: political ambitions of rulers; younger sons seeking land; economic opportunities (trade routes); adventure and glory; Byzantine appeal for help. Top-band answers will weigh religious against other motivations with specific examples and arrive at a balanced judgment. They should note that motivations varied by Crusade and by participant.', 261);
INSERT OR IGNORE INTO history_written_questions (id, category, difficulty, question_type, unit, marks, question_text, mark_scheme, sort_order) VALUES ('hist-p3-wq-261', '1. Medieval Europe (750–1500)', 'HL', 'short_answer', 'P3-EUR', 15, 'Evaluate the consequences of the Crusades for Europe and the Middle East.', 'For Europe: expanded trade (especially for Italian cities); transfer of knowledge (medicine, mathematics, navigation); strengthened then weakened papal authority; development of military orders; cultural exchange. For Middle East: political consolidation under leaders like Saladin; destruction and displacement; eventual Muslim reconquest; lasting suspicion of Western intentions. Top-band answers address consequences for both regions and distinguish short-term from long-term effects.', 262);
INSERT OR IGNORE INTO history_written_questions (id, category, difficulty, question_type, unit, marks, question_text, mark_scheme, sort_order) VALUES ('hist-p3-wq-262', '1. Medieval Europe (750–1500)', 'HL', 'short_answer', 'P3-EUR', 15, 'Discuss the reasons for the failure of the Crusader States between 1100 and 1291.', 'Reasons: internal divisions among Crusader states; Muslim unification under Zengi, Nur al-Din, and Saladin; distance from European reinforcements; declining enthusiasm for Crusading in Europe; strategic overextension; failure of later Crusades to achieve goals; economic strain. Top-band answers will evaluate relative importance of factors and use specific events as evidence.', 263);

INSERT OR IGNORE INTO history_checklist_sections (id, title, color, unit, sort_order) VALUES ('hist-p3-eur-cl-2', '2. Renaissance & Reformation', '#6B8BA3', 'P3-EUR', 209);
INSERT INTO history_checklist_items (section_id, text, sort_order) VALUES ('hist-p3-eur-cl-2', 'Understand the origins of the Renaissance in Italian city-states', 1);
INSERT INTO history_checklist_items (section_id, text, sort_order) VALUES ('hist-p3-eur-cl-2', 'Explain key features of humanism and its impact on thought', 2);
INSERT INTO history_checklist_items (section_id, text, sort_order) VALUES ('hist-p3-eur-cl-2', 'Know major Renaissance artists and their contributions (Leonardo, Michelangelo, Raphael)', 3);
INSERT INTO history_checklist_items (section_id, text, sort_order) VALUES ('hist-p3-eur-cl-2', 'Assess the role of patronage (Medici, papacy) in promoting the Renaissance', 4);
INSERT INTO history_checklist_items (section_id, text, sort_order) VALUES ('hist-p3-eur-cl-2', 'Evaluate the impact of the printing press on European culture', 5);
INSERT INTO history_checklist_items (section_id, text, sort_order) VALUES ('hist-p3-eur-cl-2', 'Compare the Italian Renaissance with the Northern Renaissance', 6);
INSERT INTO history_checklist_items (section_id, text, sort_order) VALUES ('hist-p3-eur-cl-2', 'Understand Machiavelli''s political philosophy and its significance', 7);
INSERT INTO history_checklist_items (section_id, text, sort_order) VALUES ('hist-p3-eur-cl-2', 'Analyze the relationship between wealth, trade, and cultural development', 8);
INSERT INTO history_checklist_items (section_id, text, sort_order) VALUES ('hist-p3-eur-cl-2', 'Assess the impact of the Renaissance on science and education', 9);
INSERT INTO history_checklist_items (section_id, text, sort_order) VALUES ('hist-p3-eur-cl-2', 'Evaluate the extent to which the Renaissance was a ''rebirth'' or a continuation', 10);
INSERT INTO history_checklist_items (section_id, text, sort_order) VALUES ('hist-p3-eur-cl-2', 'Understand the motives for European exploration (economic, religious, technological)', 11);
INSERT INTO history_checklist_items (section_id, text, sort_order) VALUES ('hist-p3-eur-cl-2', 'Know key explorers and their achievements (Columbus, da Gama, Magellan)', 12);
INSERT INTO history_checklist_items (section_id, text, sort_order) VALUES ('hist-p3-eur-cl-2', 'Explain the Treaty of Tordesillas and its implications', 13);
INSERT INTO history_checklist_items (section_id, text, sort_order) VALUES ('hist-p3-eur-cl-2', 'Analyze the Columbian Exchange and its global impact', 14);
INSERT INTO history_checklist_items (section_id, text, sort_order) VALUES ('hist-p3-eur-cl-2', 'Evaluate the impact of European colonization on indigenous peoples', 15);
INSERT INTO history_checklist_items (section_id, text, sort_order) VALUES ('hist-p3-eur-cl-2', 'Understand the development and impact of the Atlantic slave trade', 16);
INSERT INTO history_checklist_items (section_id, text, sort_order) VALUES ('hist-p3-eur-cl-2', 'Assess the role of mercantilism in driving colonial expansion', 17);
INSERT INTO history_checklist_items (section_id, text, sort_order) VALUES ('hist-p3-eur-cl-2', 'Compare Spanish and Portuguese colonial approaches', 18);
INSERT INTO history_checklist_items (section_id, text, sort_order) VALUES ('hist-p3-eur-cl-2', 'Know the establishment of Dutch, English, and French trading empires', 19);
INSERT INTO history_checklist_items (section_id, text, sort_order) VALUES ('hist-p3-eur-cl-2', 'Evaluate the long-term economic and social consequences of exploration', 20);
INSERT INTO history_checklist_items (section_id, text, sort_order) VALUES ('hist-p3-eur-cl-2', 'Understand the causes of the Reformation (theological, political, economic, social)', 21);
INSERT INTO history_checklist_items (section_id, text, sort_order) VALUES ('hist-p3-eur-cl-2', 'Know Luther''s key theological ideas (sola fide, sola scriptura)', 22);
INSERT INTO history_checklist_items (section_id, text, sort_order) VALUES ('hist-p3-eur-cl-2', 'Explain the spread of Protestantism across Europe', 23);
INSERT INTO history_checklist_items (section_id, text, sort_order) VALUES ('hist-p3-eur-cl-2', 'Compare Luther, Calvin, and Zwingli''s theological positions', 24);
INSERT INTO history_checklist_items (section_id, text, sort_order) VALUES ('hist-p3-eur-cl-2', 'Analyze the English Reformation under Henry VIII', 25);
INSERT INTO history_checklist_items (section_id, text, sort_order) VALUES ('hist-p3-eur-cl-2', 'Understand the Counter-Reformation and the Council of Trent', 26);
INSERT INTO history_checklist_items (section_id, text, sort_order) VALUES ('hist-p3-eur-cl-2', 'Evaluate the role of the Jesuits in the Counter-Reformation', 27);
INSERT INTO history_checklist_items (section_id, text, sort_order) VALUES ('hist-p3-eur-cl-2', 'Know the causes, course, and consequences of the Thirty Years'' War', 28);
INSERT INTO history_checklist_items (section_id, text, sort_order) VALUES ('hist-p3-eur-cl-2', 'Assess the significance of the Peace of Westphalia', 29);
INSERT INTO history_checklist_items (section_id, text, sort_order) VALUES ('hist-p3-eur-cl-2', 'Evaluate the political, social, and cultural impact of the Reformation', 30);
INSERT OR IGNORE INTO history_flashcard_topics (id, label, color, unit, sort_order) VALUES ('hist-p3-eur-fc-2', '2. Renaissance & Reformation', '#6B8BA3', 'P3-EUR', 2);
INSERT INTO history_flashcards (topic_id, term, definition, sort_order) VALUES ('hist-p3-eur-fc-2', 'What was the Renaissance?', 'A cultural, artistic, and intellectual movement originating in 14th-century Italy, characterized by a revival of interest in classical Greek and Roman culture, humanism, and innovation in art and science.', 1);
INSERT INTO history_flashcards (topic_id, term, definition, sort_order) VALUES ('hist-p3-eur-fc-2', 'What was humanism?', 'An intellectual movement emphasizing the study of classical texts, the importance of human potential and achievement, and a shift from purely theological to secular concerns.', 2);
INSERT INTO history_flashcards (topic_id, term, definition, sort_order) VALUES ('hist-p3-eur-fc-2', 'Who was Lorenzo de'' Medici?', 'Known as ''Lorenzo the Magnificent,'' he was the de facto ruler of Florence (1469--1492) and a major patron of the arts, supporting artists like Michelangelo and Botticelli.', 3);
INSERT INTO history_flashcards (topic_id, term, definition, sort_order) VALUES ('hist-p3-eur-fc-2', 'What was the significance of the printing press (c1440)?', 'Gutenberg''s invention revolutionized communication by enabling mass production of books, spreading ideas rapidly and increasing literacy.', 4);
INSERT INTO history_flashcards (topic_id, term, definition, sort_order) VALUES ('hist-p3-eur-fc-2', 'Who was Niccolo Machiavelli?', 'Florentine political philosopher who wrote ''The Prince'' (1513), advocating pragmatic and sometimes ruthless political leadership.', 5);
INSERT INTO history_flashcards (topic_id, term, definition, sort_order) VALUES ('hist-p3-eur-fc-2', 'What was the Northern Renaissance?', 'The spread of Renaissance ideas to Northern Europe (15th--16th centuries), characterized by Christian humanism (Erasmus), detailed realism in art (Van Eyck), and emphasis on religious reform.', 6);
INSERT INTO history_flashcards (topic_id, term, definition, sort_order) VALUES ('hist-p3-eur-fc-2', 'What was the significance of perspective in Renaissance art?', 'The development of linear perspective by Brunelleschi allowed artists to create realistic three-dimensional representations on flat surfaces.', 7);
INSERT INTO history_flashcards (topic_id, term, definition, sort_order) VALUES ('hist-p3-eur-fc-2', 'Who was Erasmus of Rotterdam?', 'Dutch Christian humanist scholar (1466--1536) who advocated Church reform through education and scholarship, writing ''In Praise of Folly.''', 8);
INSERT INTO history_flashcards (topic_id, term, definition, sort_order) VALUES ('hist-p3-eur-fc-2', 'What was the Age of Exploration?', 'A period (15th--17th centuries) when European nations explored and colonized overseas territories, driven by economic, religious, and technological factors.', 9);
INSERT INTO history_flashcards (topic_id, term, definition, sort_order) VALUES ('hist-p3-eur-fc-2', 'Who was Vasco da Gama?', 'Portuguese explorer who reached India by sea in 1498, establishing a direct maritime trade route from Europe to Asia.', 10);
INSERT INTO history_flashcards (topic_id, term, definition, sort_order) VALUES ('hist-p3-eur-fc-2', 'What was the Columbian Exchange?', 'The widespread transfer of plants, animals, diseases, culture, and ideas between the Americas and the Old World following Columbus''s 1492 voyage.', 11);
INSERT INTO history_flashcards (topic_id, term, definition, sort_order) VALUES ('hist-p3-eur-fc-2', 'What was the Treaty of Tordesillas (1494)?', 'An agreement between Spain and Portugal dividing newly discovered lands outside Europe between them along a meridian in the Atlantic Ocean.', 12);
INSERT INTO history_flashcards (topic_id, term, definition, sort_order) VALUES ('hist-p3-eur-fc-2', 'What was mercantilism?', 'An economic theory holding that a nation''s wealth was measured by its gold/silver reserves, promoting exports over imports and colonial exploitation.', 13);
INSERT INTO history_flashcards (topic_id, term, definition, sort_order) VALUES ('hist-p3-eur-fc-2', 'What were the effects of European diseases on indigenous populations?', 'Diseases like smallpox, measles, and influenza decimated indigenous populations who had no immunity, killing an estimated 90% of the pre-Columbian population in some areas.', 14);
INSERT INTO history_flashcards (topic_id, term, definition, sort_order) VALUES ('hist-p3-eur-fc-2', 'What was the significance of the spice trade?', 'Spices from Asia were hugely valuable in Europe; controlling the spice trade was a primary motivation for Portuguese and Dutch exploration and colonization.', 15);
INSERT INTO history_flashcards (topic_id, term, definition, sort_order) VALUES ('hist-p3-eur-fc-2', 'What was the Atlantic slave trade?', 'The forced transportation of millions of Africans to the Americas (16th--19th centuries) to labor on plantations, a key component of the triangular trade system.', 16);
INSERT INTO history_flashcards (topic_id, term, definition, sort_order) VALUES ('hist-p3-eur-fc-2', 'What were the 95 Theses?', 'Martin Luther''s list of propositions challenging Catholic practices, particularly the sale of indulgences, posted in 1517, sparking the Protestant Reformation.', 17);
INSERT INTO history_flashcards (topic_id, term, definition, sort_order) VALUES ('hist-p3-eur-fc-2', 'What was the Diet of Worms (1521)?', 'An imperial assembly where Martin Luther was asked to recant his writings; he refused, leading to his excommunication and the Edict of Worms declaring him an outlaw.', 18);
INSERT INTO history_flashcards (topic_id, term, definition, sort_order) VALUES ('hist-p3-eur-fc-2', 'What was the Peace of Augsburg (1555)?', 'A treaty allowing each German prince to choose either Lutheranism or Catholicism for their territory (cuius regio, eius religio).', 19);
INSERT INTO history_flashcards (topic_id, term, definition, sort_order) VALUES ('hist-p3-eur-fc-2', 'What was the Council of Trent (1545--1563)?', 'A major Catholic Church council that addressed Protestant criticisms by clarifying doctrine, reforming abuses, and strengthening Church discipline.', 20);
INSERT INTO history_flashcards (topic_id, term, definition, sort_order) VALUES ('hist-p3-eur-fc-2', 'Who was John Calvin?', 'French Protestant reformer who established a theocratic government in Geneva and developed the doctrine of predestination; his ideas spread widely as Calvinism.', 21);
INSERT INTO history_flashcards (topic_id, term, definition, sort_order) VALUES ('hist-p3-eur-fc-2', 'What was the Thirty Years'' War (1618--1648)?', 'A devastating European conflict initially sparked by religious tensions in the Holy Roman Empire, evolving into a broader political war involving most European powers.', 22);
INSERT INTO history_flashcards (topic_id, term, definition, sort_order) VALUES ('hist-p3-eur-fc-2', 'What was the Peace of Westphalia (1648)?', 'Treaties ending the Thirty Years'' War, establishing the principle of state sovereignty and ending the era of religious wars in Europe.', 23);
INSERT INTO history_flashcards (topic_id, term, definition, sort_order) VALUES ('hist-p3-eur-fc-2', 'What was the Society of Jesus (Jesuits)?', 'A Catholic religious order founded by Ignatius of Loyola in 1540, dedicated to education, missionary work, and counter-reformation efforts.', 24);
INSERT OR IGNORE INTO history_mcq_questions (id, category, difficulty, unit, question_text, option_a, option_b, option_c, option_d, correct_option, explanation, sort_order) VALUES ('hist-p3-mcq-626', '2. Renaissance & Reformation', 'HL', 'P3-EUR', 'The Renaissance originated in which region?', 'Northern France', 'Italian city-states', 'The Low Countries', 'England', 1, 'See mark scheme for detailed explanation.', 627);
INSERT OR IGNORE INTO history_mcq_questions (id, category, difficulty, unit, question_text, option_a, option_b, option_c, option_d, correct_option, explanation, sort_order) VALUES ('hist-p3-mcq-627', '2. Renaissance & Reformation', 'HL', 'P3-EUR', 'Gutenberg''s printing press was developed around:', '1350', '1400', '1440', '1500', 2, 'See mark scheme for detailed explanation.', 628);
INSERT OR IGNORE INTO history_mcq_questions (id, category, difficulty, unit, question_text, option_a, option_b, option_c, option_d, correct_option, explanation, sort_order) VALUES ('hist-p3-mcq-628', '2. Renaissance & Reformation', 'HL', 'P3-EUR', 'Machiavelli''s ''The Prince'' advocated:', 'Democratic governance', 'Pragmatic political leadership', 'Theocratic rule', 'Return to feudalism', 1, 'See mark scheme for detailed explanation.', 629);
INSERT OR IGNORE INTO history_mcq_questions (id, category, difficulty, unit, question_text, option_a, option_b, option_c, option_d, correct_option, explanation, sort_order) VALUES ('hist-p3-mcq-629', '2. Renaissance & Reformation', 'HL', 'P3-EUR', 'Which family were the most prominent patrons of the arts in Florence?', 'Borgia', 'Sforza', 'Medici', 'Este', 2, 'See mark scheme for detailed explanation.', 630);
INSERT OR IGNORE INTO history_mcq_questions (id, category, difficulty, unit, question_text, option_a, option_b, option_c, option_d, correct_option, explanation, sort_order) VALUES ('hist-p3-mcq-630', '2. Renaissance & Reformation', 'HL', 'P3-EUR', 'Erasmus is best associated with:', 'Italian humanism', 'Christian humanism', 'Scientific revolution', 'Political absolutism', 1, 'See mark scheme for detailed explanation.', 631);
INSERT OR IGNORE INTO history_mcq_questions (id, category, difficulty, unit, question_text, option_a, option_b, option_c, option_d, correct_option, explanation, sort_order) VALUES ('hist-p3-mcq-631', '2. Renaissance & Reformation', 'HL', 'P3-EUR', 'B | 2. C | 3. B | 4. C | 5. B', '', '', '', '', 1, 'See mark scheme for detailed explanation.', 632);
INSERT OR IGNORE INTO history_mcq_questions (id, category, difficulty, unit, question_text, option_a, option_b, option_c, option_d, correct_option, explanation, sort_order) VALUES ('hist-p3-mcq-632', '2. Renaissance & Reformation', 'HL', 'P3-EUR', 'The Treaty of Tordesillas (1494) divided the world between:', 'England and France', 'Spain and Portugal', 'The Netherlands and Spain', 'Portugal and the Ottoman Empire', 1, 'See mark scheme for detailed explanation.', 633);
INSERT OR IGNORE INTO history_mcq_questions (id, category, difficulty, unit, question_text, option_a, option_b, option_c, option_d, correct_option, explanation, sort_order) VALUES ('hist-p3-mcq-633', '2. Renaissance & Reformation', 'HL', 'P3-EUR', 'Vasco da Gama reached India by sea in:', '1488', '1492', '1498', '1502', 2, 'See mark scheme for detailed explanation.', 634);
INSERT OR IGNORE INTO history_mcq_questions (id, category, difficulty, unit, question_text, option_a, option_b, option_c, option_d, correct_option, explanation, sort_order) VALUES ('hist-p3-mcq-634', '2. Renaissance & Reformation', 'HL', 'P3-EUR', 'The Columbian Exchange refers to:', 'Columbus''s trade agreements with indigenous peoples', 'The transfer of plants, animals, and diseases between Old and New Worlds', 'Economic competition between European powers', 'The exchange of prisoners during colonial wars', 1, 'See mark scheme for detailed explanation.', 635);
INSERT OR IGNORE INTO history_mcq_questions (id, category, difficulty, unit, question_text, option_a, option_b, option_c, option_d, correct_option, explanation, sort_order) VALUES ('hist-p3-mcq-635', '2. Renaissance & Reformation', 'HL', 'P3-EUR', 'Mercantilism emphasized:', 'Free trade between nations', 'Accumulation of gold and silver through trade surpluses', 'Agricultural self-sufficiency', 'International cooperation', 1, 'See mark scheme for detailed explanation.', 636);
INSERT OR IGNORE INTO history_mcq_questions (id, category, difficulty, unit, question_text, option_a, option_b, option_c, option_d, correct_option, explanation, sort_order) VALUES ('hist-p3-mcq-636', '2. Renaissance & Reformation', 'HL', 'P3-EUR', 'Which disease had the most devastating impact on indigenous American populations?', 'Bubonic plague', 'Malaria', 'Smallpox', 'Typhoid', 2, 'See mark scheme for detailed explanation.', 637);
INSERT OR IGNORE INTO history_mcq_questions (id, category, difficulty, unit, question_text, option_a, option_b, option_c, option_d, correct_option, explanation, sort_order) VALUES ('hist-p3-mcq-637', '2. Renaissance & Reformation', 'HL', 'P3-EUR', 'B | 2. C | 3. B | 4. B | 5. C', '', '', '', '', 1, 'See mark scheme for detailed explanation.', 638);
INSERT OR IGNORE INTO history_mcq_questions (id, category, difficulty, unit, question_text, option_a, option_b, option_c, option_d, correct_option, explanation, sort_order) VALUES ('hist-p3-mcq-638', '2. Renaissance & Reformation', 'HL', 'P3-EUR', 'Martin Luther posted his 95 Theses in:', '1509', '1517', '1521', '1534', 1, 'See mark scheme for detailed explanation.', 639);
INSERT OR IGNORE INTO history_mcq_questions (id, category, difficulty, unit, question_text, option_a, option_b, option_c, option_d, correct_option, explanation, sort_order) VALUES ('hist-p3-mcq-639', '2. Renaissance & Reformation', 'HL', 'P3-EUR', 'The Peace of Augsburg (1555) established the principle of:', 'Religious tolerance for all faiths', 'Cuius regio, eius religio', 'Papal supremacy over princes', 'Universal Calvinism in Germany', 1, 'See mark scheme for detailed explanation.', 640);
INSERT OR IGNORE INTO history_mcq_questions (id, category, difficulty, unit, question_text, option_a, option_b, option_c, option_d, correct_option, explanation, sort_order) VALUES ('hist-p3-mcq-640', '2. Renaissance & Reformation', 'HL', 'P3-EUR', 'The Council of Trent (1545--1563) was part of the:', 'Protestant Reformation', 'Counter-Reformation', 'Scientific Revolution', 'Thirty Years'' War peace process', 1, 'See mark scheme for detailed explanation.', 641);
INSERT OR IGNORE INTO history_mcq_questions (id, category, difficulty, unit, question_text, option_a, option_b, option_c, option_d, correct_option, explanation, sort_order) VALUES ('hist-p3-mcq-641', '2. Renaissance & Reformation', 'HL', 'P3-EUR', 'The Peace of Westphalia (1648) is significant because it:', 'Reunited Catholic and Protestant churches', 'Established the principle of state sovereignty', 'Created the Holy Roman Empire', 'Ended the Ottoman threat to Europe', 1, 'See mark scheme for detailed explanation.', 642);
INSERT OR IGNORE INTO history_mcq_questions (id, category, difficulty, unit, question_text, option_a, option_b, option_c, option_d, correct_option, explanation, sort_order) VALUES ('hist-p3-mcq-642', '2. Renaissance & Reformation', 'HL', 'P3-EUR', 'The Jesuits were founded by:', 'Martin Luther', 'John Calvin', 'Ignatius of Loyola', 'Thomas More', 2, 'See mark scheme for detailed explanation.', 643);
INSERT OR IGNORE INTO history_mcq_questions (id, category, difficulty, unit, question_text, option_a, option_b, option_c, option_d, correct_option, explanation, sort_order) VALUES ('hist-p3-mcq-643', '2. Renaissance & Reformation', 'HL', 'P3-EUR', 'B | 2. B | 3. B | 4. B | 5. C', '', '', '', '', 1, 'See mark scheme for detailed explanation.', 644);
INSERT OR IGNORE INTO history_written_questions (id, category, difficulty, question_type, unit, marks, question_text, mark_scheme, sort_order) VALUES ('hist-p3-wq-263', '2. Renaissance & Reformation', 'HL', 'short_answer', 'P3-EUR', 15, '"The wealth of Italian cities was the most significant factor in the development of the Renaissance." To what extent do you agree?', 'For: trade wealth of Venice, Florence, Genoa funded patronage; banking families (Medici) supported artists; economic prosperity enabled leisure for intellectual pursuits. Against: classical heritage and proximity to Roman ruins; political competition between city-states; humanism as an intellectual movement; role of the Church; impact of the Black Death creating social change. Top-band answers evaluate multiple factors and reach a supported judgment about relative significance.', 264);
INSERT OR IGNORE INTO history_written_questions (id, category, difficulty, question_type, unit, marks, question_text, mark_scheme, sort_order) VALUES ('hist-p3-wq-264', '2. Renaissance & Reformation', 'HL', 'short_answer', 'P3-EUR', 15, 'Compare and contrast the Italian Renaissance and the Northern Renaissance.', 'Similarities: revival of classical learning; emphasis on humanism; patronage systems; artistic innovation. Differences: Italian focus on classical forms vs Northern focus on Christian humanism; Italian secular themes vs Northern religious themes; different artistic styles (idealized vs realistic); different social contexts (Italian city-states vs Northern monarchies); timing (Italian earlier, Northern later). Top-band answers will draw explicit analytical comparisons, not just describe each separately.', 265);
INSERT OR IGNORE INTO history_written_questions (id, category, difficulty, question_type, unit, marks, question_text, mark_scheme, sort_order) VALUES ('hist-p3-wq-265', '2. Renaissance & Reformation', 'HL', 'short_answer', 'P3-EUR', 15, 'Evaluate the impact of the printing press on European society and culture.', 'Impact: democratization of knowledge; spread of Renaissance ideas; facilitated the Reformation (Luther''s theses); increased literacy; standardization of languages; growth of vernacular literature; challenged Church monopoly on knowledge; scientific communication. Limitations: slow initial adoption; high illiteracy rates persisted; Church attempted censorship (Index of Forbidden Books). Top-band answers will assess both the extent and limitations of the printing press''s impact.', 266);
INSERT OR IGNORE INTO history_written_questions (id, category, difficulty, question_type, unit, marks, question_text, mark_scheme, sort_order) VALUES ('hist-p3-wq-266', '2. Renaissance & Reformation', 'HL', 'short_answer', 'P3-EUR', 15, 'Compare and contrast Spanish and Portuguese motives for exploration up to 1550.', 'Similarities: both sought new trade routes; both had religious motivations (spreading Christianity); both sought gold and wealth; both received papal sanction. Differences: Portugal focused on Africa and Asia (spice trade); Spain focused on the Americas; different colonial models; Portuguese emphasis on trading posts vs Spanish territorial conquest; different relationships with indigenous populations. Top-band answers provide specific comparative analysis with evidence.', 267);
INSERT OR IGNORE INTO history_written_questions (id, category, difficulty, question_type, unit, marks, question_text, mark_scheme, sort_order) VALUES ('hist-p3-wq-267', '2. Renaissance & Reformation', 'HL', 'short_answer', 'P3-EUR', 15, 'Evaluate the economic impact on Europe of the voyages of exploration.', 'Positive impacts: new trade routes and commodities; price revolution from influx of precious metals; rise of Atlantic economies; development of banking and joint-stock companies; growth of mercantilism. Negative/complex impacts: inflation; shift of economic power from Mediterranean to Atlantic; exploitation and slavery; uneven distribution of wealth; dependence on colonial resources. Top-band answers will evaluate both positive and negative consequences with specific examples.', 268);
INSERT OR IGNORE INTO history_written_questions (id, category, difficulty, question_type, unit, marks, question_text, mark_scheme, sort_order) VALUES ('hist-p3-wq-268', '2. Renaissance & Reformation', 'HL', 'short_answer', 'P3-EUR', 15, '"European exploration was driven primarily by economic motives." To what extent do you agree?', 'Economic motives: desire for spices and luxury goods; search for gold; new trade routes after Ottoman expansion; mercantilism. Other motives: religious (spreading Christianity, Reconquista spirit); technological (new navigation tools, caravel); political (national prestige, competition between states); intellectual curiosity. Top-band answers weigh economic against other factors and note that motives varied by country and time period.', 269);
INSERT OR IGNORE INTO history_written_questions (id, category, difficulty, question_type, unit, marks, question_text, mark_scheme, sort_order) VALUES ('hist-p3-wq-269', '2. Renaissance & Reformation', 'HL', 'short_answer', 'P3-EUR', 15, 'Evaluate the reasons for criticism of the Catholic Church at the start of the 16th century.', 'Reasons: sale of indulgences; corruption and worldliness of clergy; absenteeism and pluralism; papal extravagance; lack of education among lower clergy; theological criticisms (humanism''s influence); printing press spreading dissent; political rulers resenting papal interference and taxation. Top-band answers distinguish between theological, institutional, and political criticisms and evaluate their relative importance.', 270);
INSERT OR IGNORE INTO history_written_questions (id, category, difficulty, question_type, unit, marks, question_text, mark_scheme, sort_order) VALUES ('hist-p3-wq-270', '2. Renaissance & Reformation', 'HL', 'short_answer', 'P3-EUR', 15, '"The Thirty Years'' War was primarily a religious conflict." To what extent do you agree?', 'Religious factors: Protestant-Catholic tensions in Holy Roman Empire; Defenestration of Prague; initial Bohemian revolt. Political/other factors: Habsburg vs Bourbon rivalry; Swedish and Danish intervention for strategic reasons; French (Catholic) allying with Protestants; dynastic ambitions; constitutional issues within the Empire. Top-band answers show how the war evolved from religious to political over its four phases (Bohemian, Danish, Swedish, French) and reach a balanced conclusion.', 271);
INSERT OR IGNORE INTO history_written_questions (id, category, difficulty, question_type, unit, marks, question_text, mark_scheme, sort_order) VALUES ('hist-p3-wq-271', '2. Renaissance & Reformation', 'HL', 'short_answer', 'P3-EUR', 15, 'Discuss the view that the Scientific Revolution overturned accepted belief systems.', 'For: Copernican heliocentrism challenged geocentric model; Galileo''s observations contradicted Church teachings; Newton''s laws offered mechanical explanations; scientific method prioritized empirical evidence over authority. Against: many scientists remained religious; Church was not uniformly opposed; change was gradual not sudden; impact limited to educated elites initially; coexistence of old and new ideas. Top-band answers address the nuance of ''overturned'' and evaluate the extent and pace of change.', 272);

INSERT OR IGNORE INTO history_checklist_sections (id, title, color, unit, sort_order) VALUES ('hist-p3-eur-cl-3', '3. Absolutism & Revolution', '#6B8BA3', 'P3-EUR', 210);
INSERT INTO history_checklist_items (section_id, text, sort_order) VALUES ('hist-p3-eur-cl-3', 'Understand the theory and practice of absolute monarchy', 1);
INSERT INTO history_checklist_items (section_id, text, sort_order) VALUES ('hist-p3-eur-cl-3', 'Analyze Louis XIV''s reign as a model of absolutism', 2);
INSERT INTO history_checklist_items (section_id, text, sort_order) VALUES ('hist-p3-eur-cl-3', 'Know the key ideas of Enlightenment thinkers (Voltaire, Rousseau, Montesquieu, Locke)', 3);
INSERT INTO history_checklist_items (section_id, text, sort_order) VALUES ('hist-p3-eur-cl-3', 'Evaluate the concept of enlightened despotism (Frederick II, Catherine II, Joseph II)', 4);
INSERT INTO history_checklist_items (section_id, text, sort_order) VALUES ('hist-p3-eur-cl-3', 'Compare absolutism in France, Prussia, Russia, and Austria', 5);
INSERT INTO history_checklist_items (section_id, text, sort_order) VALUES ('hist-p3-eur-cl-3', 'Assess the impact of the Enlightenment on political thought', 6);
INSERT INTO history_checklist_items (section_id, text, sort_order) VALUES ('hist-p3-eur-cl-3', 'Understand the social contract theory and its implications', 7);
INSERT INTO history_checklist_items (section_id, text, sort_order) VALUES ('hist-p3-eur-cl-3', 'Evaluate the English Civil War and Glorious Revolution as alternatives to absolutism', 8);
INSERT INTO history_checklist_items (section_id, text, sort_order) VALUES ('hist-p3-eur-cl-3', 'Know the economic policies of mercantilist absolute monarchs', 9);
INSERT INTO history_checklist_items (section_id, text, sort_order) VALUES ('hist-p3-eur-cl-3', 'Assess the legacy of the Enlightenment for modern political systems', 10);
INSERT INTO history_checklist_items (section_id, text, sort_order) VALUES ('hist-p3-eur-cl-3', 'Understand the causes of the French Revolution (financial crisis, social inequality, Enlightenment ideas)', 11);
INSERT INTO history_checklist_items (section_id, text, sort_order) VALUES ('hist-p3-eur-cl-3', 'Know the key phases: constitutional monarchy, radical republic, Directory, Consulate', 12);
INSERT INTO history_checklist_items (section_id, text, sort_order) VALUES ('hist-p3-eur-cl-3', 'Analyze the significance of key events (Bastille, Tennis Court Oath, execution of Louis XVI)', 13);
INSERT INTO history_checklist_items (section_id, text, sort_order) VALUES ('hist-p3-eur-cl-3', 'Evaluate the Reign of Terror: causes, methods, and consequences', 14);
INSERT INTO history_checklist_items (section_id, text, sort_order) VALUES ('hist-p3-eur-cl-3', 'Understand Napoleon''s rise to power (coup of 18 Brumaire)', 15);
INSERT INTO history_checklist_items (section_id, text, sort_order) VALUES ('hist-p3-eur-cl-3', 'Assess Napoleon''s domestic reforms (Napoleonic Code, education, centralization)', 16);
INSERT INTO history_checklist_items (section_id, text, sort_order) VALUES ('hist-p3-eur-cl-3', 'Evaluate Napoleon''s military campaigns and their impact on Europe', 17);
INSERT INTO history_checklist_items (section_id, text, sort_order) VALUES ('hist-p3-eur-cl-3', 'Know the reasons for Napoleon''s defeat (Russia, coalition warfare, overextension)', 18);
INSERT INTO history_checklist_items (section_id, text, sort_order) VALUES ('hist-p3-eur-cl-3', 'Assess the Congress of Vienna and its legacy', 19);
INSERT INTO history_checklist_items (section_id, text, sort_order) VALUES ('hist-p3-eur-cl-3', 'Evaluate the long-term significance of the French Revolution for Europe', 20);
INSERT OR IGNORE INTO history_flashcard_topics (id, label, color, unit, sort_order) VALUES ('hist-p3-eur-fc-3', '3. Absolutism & Revolution', '#6B8BA3', 'P3-EUR', 3);
INSERT INTO history_flashcards (topic_id, term, definition, sort_order) VALUES ('hist-p3-eur-fc-3', 'What was absolute monarchy?', 'A system of government where the monarch holds supreme authority not restricted by written laws, legislature, or customs; exemplified by Louis XIV of France.', 1);
INSERT INTO history_flashcards (topic_id, term, definition, sort_order) VALUES ('hist-p3-eur-fc-3', 'What was Louis XIV''s famous declaration?', '''L''Etat, c''est moi'' (''I am the State'') -- symbolizing his belief in absolute royal authority and divine right.', 2);
INSERT INTO history_flashcards (topic_id, term, definition, sort_order) VALUES ('hist-p3-eur-fc-3', 'What was the Palace of Versailles?', 'Louis XIV''s grand palace outside Paris, used to control the nobility by requiring their attendance at court, and a symbol of French absolutism.', 3);
INSERT INTO history_flashcards (topic_id, term, definition, sort_order) VALUES ('hist-p3-eur-fc-3', 'What was the Enlightenment?', 'An 18th-century intellectual movement emphasizing reason, individualism, and skepticism of traditional authority, with thinkers like Voltaire, Rousseau, and Montesquieu.', 4);
INSERT INTO history_flashcards (topic_id, term, definition, sort_order) VALUES ('hist-p3-eur-fc-3', 'What was Montesquieu''s separation of powers?', 'The idea that government should be divided into legislative, executive, and judicial branches to prevent tyranny, outlined in ''The Spirit of the Laws'' (1748).', 5);
INSERT INTO history_flashcards (topic_id, term, definition, sort_order) VALUES ('hist-p3-eur-fc-3', 'Who was Frederick the Great?', 'King of Prussia (1740--1786), an ''enlightened despot'' who modernized the army, reformed the legal system, and promoted religious tolerance and education.', 6);
INSERT INTO history_flashcards (topic_id, term, definition, sort_order) VALUES ('hist-p3-eur-fc-3', 'What was the social contract?', 'The theory (developed by Hobbes, Locke, and Rousseau) that government derives its authority from an agreement among citizens to surrender some freedoms in exchange for social order.', 7);
INSERT INTO history_flashcards (topic_id, term, definition, sort_order) VALUES ('hist-p3-eur-fc-3', 'What was enlightened despotism?', 'A form of absolute monarchy influenced by Enlightenment ideas, where rulers implemented reforms in education, law, and religious tolerance while retaining power.', 8);
INSERT INTO history_flashcards (topic_id, term, definition, sort_order) VALUES ('hist-p3-eur-fc-3', 'What were the Estates-General?', 'A legislative assembly representing the three estates of French society (clergy, nobility, commoners), convened by Louis XVI in May 1789 for the first time since 1614.', 9);
INSERT INTO history_flashcards (topic_id, term, definition, sort_order) VALUES ('hist-p3-eur-fc-3', 'What was the storming of the Bastille?', 'On July 14, 1789, a Parisian crowd attacked the Bastille fortress-prison, symbolizing the beginning of the French Revolution and the fall of royal authority.', 10);
INSERT INTO history_flashcards (topic_id, term, definition, sort_order) VALUES ('hist-p3-eur-fc-3', 'What was the Declaration of the Rights of Man (1789)?', 'A document asserting that all men are born free and equal, with rights to liberty, property, security, and resistance to oppression -- a foundational text of the Revolution.', 11);
INSERT INTO history_flashcards (topic_id, term, definition, sort_order) VALUES ('hist-p3-eur-fc-3', 'What was the Reign of Terror (1793--1794)?', 'A period of extreme violence led by the Committee of Public Safety under Robespierre, during which approximately 17,000 people were executed.', 12);
INSERT INTO history_flashcards (topic_id, term, definition, sort_order) VALUES ('hist-p3-eur-fc-3', 'What was the Napoleonic Code?', 'A comprehensive legal code established by Napoleon in 1804 that enshrined equality before the law, property rights, and secular authority, influencing legal systems worldwide.', 13);
INSERT INTO history_flashcards (topic_id, term, definition, sort_order) VALUES ('hist-p3-eur-fc-3', 'What was the Continental System?', 'Napoleon''s trade embargo against Britain (1806), intended to weaken the British economy but which also harmed continental European economies.', 14);
INSERT INTO history_flashcards (topic_id, term, definition, sort_order) VALUES ('hist-p3-eur-fc-3', 'What was Napoleon''s invasion of Russia (1812)?', 'A disastrous military campaign where Napoleon''s Grande Armee was devastated by Russian scorched-earth tactics, harsh winter, and extended supply lines.', 15);
INSERT INTO history_flashcards (topic_id, term, definition, sort_order) VALUES ('hist-p3-eur-fc-3', 'What was the Congress of Vienna (1814--1815)?', 'A diplomatic conference that redrew the map of Europe after Napoleon''s defeat, seeking to restore the balance of power and conservative order.', 16);
INSERT OR IGNORE INTO history_mcq_questions (id, category, difficulty, unit, question_text, option_a, option_b, option_c, option_d, correct_option, explanation, sort_order) VALUES ('hist-p3-mcq-644', '3. Absolutism & Revolution', 'HL', 'P3-EUR', 'Louis XIV ruled France from:', '1638--1715', '1643--1715', '1660--1714', '1661--1700', 1, 'See mark scheme for detailed explanation.', 645);
INSERT OR IGNORE INTO history_mcq_questions (id, category, difficulty, unit, question_text, option_a, option_b, option_c, option_d, correct_option, explanation, sort_order) VALUES ('hist-p3-mcq-645', '3. Absolutism & Revolution', 'HL', 'P3-EUR', 'Montesquieu advocated:', 'Absolute monarchy', 'Separation of powers', 'Direct democracy', 'Theocratic government', 1, 'See mark scheme for detailed explanation.', 646);
INSERT OR IGNORE INTO history_mcq_questions (id, category, difficulty, unit, question_text, option_a, option_b, option_c, option_d, correct_option, explanation, sort_order) VALUES ('hist-p3-mcq-646', '3. Absolutism & Revolution', 'HL', 'P3-EUR', 'Which of the following was NOT considered an enlightened despot?', 'Frederick the Great', 'Catherine the Great', 'Joseph II of Austria', 'Louis XIV of France', 3, 'See mark scheme for detailed explanation.', 647);
INSERT OR IGNORE INTO history_mcq_questions (id, category, difficulty, unit, question_text, option_a, option_b, option_c, option_d, correct_option, explanation, sort_order) VALUES ('hist-p3-mcq-647', '3. Absolutism & Revolution', 'HL', 'P3-EUR', 'The Glorious Revolution (1688) in England resulted in:', 'Absolute monarchy being strengthened', 'A constitutional monarchy with parliamentary power', 'The execution of the king', 'A French invasion', 1, 'See mark scheme for detailed explanation.', 648);
INSERT OR IGNORE INTO history_mcq_questions (id, category, difficulty, unit, question_text, option_a, option_b, option_c, option_d, correct_option, explanation, sort_order) VALUES ('hist-p3-mcq-648', '3. Absolutism & Revolution', 'HL', 'P3-EUR', 'Rousseau''s key contribution to political philosophy was:', 'The theory of mercantilism', 'The social contract and popular sovereignty', 'The divine right of kings', 'Scientific method', 1, 'See mark scheme for detailed explanation.', 649);
INSERT OR IGNORE INTO history_mcq_questions (id, category, difficulty, unit, question_text, option_a, option_b, option_c, option_d, correct_option, explanation, sort_order) VALUES ('hist-p3-mcq-649', '3. Absolutism & Revolution', 'HL', 'P3-EUR', 'B | 2. B | 3. D | 4. B | 5. B', '', '', '', '', 1, 'See mark scheme for detailed explanation.', 650);
INSERT OR IGNORE INTO history_mcq_questions (id, category, difficulty, unit, question_text, option_a, option_b, option_c, option_d, correct_option, explanation, sort_order) VALUES ('hist-p3-mcq-650', '3. Absolutism & Revolution', 'HL', 'P3-EUR', 'The Estates-General was convened in:', '1787', '1789', '1791', '1793', 1, 'See mark scheme for detailed explanation.', 651);
INSERT OR IGNORE INTO history_mcq_questions (id, category, difficulty, unit, question_text, option_a, option_b, option_c, option_d, correct_option, explanation, sort_order) VALUES ('hist-p3-mcq-651', '3. Absolutism & Revolution', 'HL', 'P3-EUR', 'The Reign of Terror was led by:', 'Louis XVI', 'Napoleon Bonaparte', 'Maximilien Robespierre', 'Marquis de Lafayette', 2, 'See mark scheme for detailed explanation.', 652);
INSERT OR IGNORE INTO history_mcq_questions (id, category, difficulty, unit, question_text, option_a, option_b, option_c, option_d, correct_option, explanation, sort_order) VALUES ('hist-p3-mcq-652', '3. Absolutism & Revolution', 'HL', 'P3-EUR', 'The Napoleonic Code is significant because it:', 'Restored feudal privileges', 'Established equality before the law', 'Created a democratic constitution', 'Abolished private property', 1, 'See mark scheme for detailed explanation.', 653);
INSERT OR IGNORE INTO history_mcq_questions (id, category, difficulty, unit, question_text, option_a, option_b, option_c, option_d, correct_option, explanation, sort_order) VALUES ('hist-p3-mcq-653', '3. Absolutism & Revolution', 'HL', 'P3-EUR', 'Napoleon''s invasion of Russia failed primarily due to:', 'British naval intervention', 'Scorched-earth tactics and winter conditions', 'A popular uprising in France', 'Ottoman military support for Russia', 1, 'See mark scheme for detailed explanation.', 654);
INSERT OR IGNORE INTO history_mcq_questions (id, category, difficulty, unit, question_text, option_a, option_b, option_c, option_d, correct_option, explanation, sort_order) VALUES ('hist-p3-mcq-654', '3. Absolutism & Revolution', 'HL', 'P3-EUR', 'The Congress of Vienna aimed to:', 'Spread revolutionary ideals across Europe', 'Restore the balance of power and conservative order', 'Create a democratic European federation', 'Abolish monarchy throughout Europe', 1, 'See mark scheme for detailed explanation.', 655);
INSERT OR IGNORE INTO history_mcq_questions (id, category, difficulty, unit, question_text, option_a, option_b, option_c, option_d, correct_option, explanation, sort_order) VALUES ('hist-p3-mcq-655', '3. Absolutism & Revolution', 'HL', 'P3-EUR', 'B | 2. C | 3. B | 4. B | 5. B', '', '', '', '', 1, 'See mark scheme for detailed explanation.', 656);
INSERT OR IGNORE INTO history_written_questions (id, category, difficulty, question_type, unit, marks, question_text, mark_scheme, sort_order) VALUES ('hist-p3-wq-272', '3. Absolutism & Revolution', 'HL', 'short_answer', 'P3-EUR', 15, 'Evaluate the extent to which Louis XIV was a successful absolute monarch.', 'Successes: centralized government; controlled nobility through Versailles; strengthened military; cultural patronage; revocation of Edict of Nantes showed religious authority. Failures: costly wars (War of Spanish Succession); financial problems; persecution of Huguenots harmed economy; left France in debt; popular suffering. Top-band answers weigh successes against failures and consider different criteria for ''success'' (political control vs national welfare).', 273);
INSERT OR IGNORE INTO history_written_questions (id, category, difficulty, question_type, unit, marks, question_text, mark_scheme, sort_order) VALUES ('hist-p3-wq-273', '3. Absolutism & Revolution', 'HL', 'short_answer', 'P3-EUR', 15, '"Enlightened despotism was a contradiction in terms." To what extent do you agree?', 'Contradiction argument: reforms served to strengthen monarchy not liberate people; reforms could be revoked; no genuine sharing of power; limited impact on peasant life. Counter-argument: genuine reforms in education, law, religious tolerance; modernization of administration; some rulers genuinely influenced by Enlightenment ideals; reform from above as the only practical option. Top-band answers use specific examples (Frederick II, Catherine II, Joseph II) and reach a nuanced conclusion.', 274);
INSERT OR IGNORE INTO history_written_questions (id, category, difficulty, question_type, unit, marks, question_text, mark_scheme, sort_order) VALUES ('hist-p3-wq-274', '3. Absolutism & Revolution', 'HL', 'short_answer', 'P3-EUR', 15, 'Discuss the impact of Enlightenment ideas on European politics by 1800.', 'Impact: influenced American and French Revolutions; concepts of natural rights, social contract, separation of powers; challenge to absolute monarchy and divine right; religious tolerance; legal reform; growth of public sphere and critical press. Limitations: limited to educated elites; many rulers resisted change; Enlightenment thinkers often disagreed; practical implementation was uneven. Top-band answers assess both the extent and limitations of Enlightenment influence.', 275);
INSERT OR IGNORE INTO history_written_questions (id, category, difficulty, question_type, unit, marks, question_text, mark_scheme, sort_order) VALUES ('hist-p3-wq-275', '3. Absolutism & Revolution', 'HL', 'short_answer', 'P3-EUR', 15, 'Discuss the social and economic impact of the Revolution in France.', 'Social: abolition of feudal privileges; Declaration of Rights; new social mobility; impact on women; de-Christianization campaign; Terror''s social consequences. Economic: redistribution of Church and noble lands; assignats and inflation; disruption of trade; abolition of guilds and internal tariffs; continental system. Top-band answers discuss both positive and negative impacts and consider different social groups'' experiences.', 276);
INSERT OR IGNORE INTO history_written_questions (id, category, difficulty, question_type, unit, marks, question_text, mark_scheme, sort_order) VALUES ('hist-p3-wq-276', '3. Absolutism & Revolution', 'HL', 'short_answer', 'P3-EUR', 15, 'Evaluate the reasons for Napoleon''s military defeat.', 'Reasons: Russian campaign disaster (1812); overextension of empire; coalition warfare; British naval supremacy (Trafalgar); Continental System''s failure; national resistance movements (Spain, Germany); internal French war-weariness; strategic errors at Waterloo. Top-band answers evaluate the relative importance of multiple factors and distinguish between long-term weaknesses and immediate causes of defeat.', 277);
INSERT OR IGNORE INTO history_written_questions (id, category, difficulty, question_type, unit, marks, question_text, mark_scheme, sort_order) VALUES ('hist-p3-wq-277', '3. Absolutism & Revolution', 'HL', 'short_answer', 'P3-EUR', 15, '"The French Revolution brought more change than continuity to France." To what extent do you agree?', 'Change: end of absolute monarchy; abolition of feudalism; new legal code; secularization; new political culture; social mobility. Continuity: centralized state persisted; social inequality remained; authoritarianism (Napoleon); restoration of monarchy after 1815; limited gains for women and lower classes. Top-band answers weigh specific areas of change against continuity and reach a nuanced judgment.', 278);

INSERT OR IGNORE INTO history_checklist_sections (id, title, color, unit, sort_order) VALUES ('hist-p3-eur-cl-4', '4. 19th Century Nationalism', '#6B8BA3', 'P3-EUR', 211);
INSERT INTO history_checklist_items (section_id, text, sort_order) VALUES ('hist-p3-eur-cl-4', 'Understand the concept of nationalism and its various forms (liberal, conservative, ethnic)', 1);
INSERT INTO history_checklist_items (section_id, text, sort_order) VALUES ('hist-p3-eur-cl-4', 'Know the impact of the Congress of Vienna on European politics', 2);
INSERT INTO history_checklist_items (section_id, text, sort_order) VALUES ('hist-p3-eur-cl-4', 'Analyze the causes, course, and consequences of the 1848 Revolutions', 3);
INSERT INTO history_checklist_items (section_id, text, sort_order) VALUES ('hist-p3-eur-cl-4', 'Evaluate the role of Metternich in suppressing liberal nationalism', 4);
INSERT INTO history_checklist_items (section_id, text, sort_order) VALUES ('hist-p3-eur-cl-4', 'Understand the relationship between liberalism and nationalism', 5);
INSERT INTO history_checklist_items (section_id, text, sort_order) VALUES ('hist-p3-eur-cl-4', 'Assess the impact of industrialization on political movements', 6);
INSERT INTO history_checklist_items (section_id, text, sort_order) VALUES ('hist-p3-eur-cl-4', 'Know the key events in the development of democracy in Britain', 7);
INSERT INTO history_checklist_items (section_id, text, sort_order) VALUES ('hist-p3-eur-cl-4', 'Evaluate the causes and consequences of the Franco-Prussian War', 8);
INSERT INTO history_checklist_items (section_id, text, sort_order) VALUES ('hist-p3-eur-cl-4', 'Understand the Paris Commune and its significance', 9);
INSERT INTO history_checklist_items (section_id, text, sort_order) VALUES ('hist-p3-eur-cl-4', 'Assess the changing balance of power in Europe 1815--1890', 10);
INSERT INTO history_checklist_items (section_id, text, sort_order) VALUES ('hist-p3-eur-cl-4', 'Understand the political situation in Italy and Germany after the Congress of Vienna', 11);
INSERT INTO history_checklist_items (section_id, text, sort_order) VALUES ('hist-p3-eur-cl-4', 'Compare the roles of Cavour, Garibaldi, and Mazzini in Italian unification', 12);
INSERT INTO history_checklist_items (section_id, text, sort_order) VALUES ('hist-p3-eur-cl-4', 'Evaluate the significance of the Franco-Austrian War (1859) for Italian unification', 13);
INSERT INTO history_checklist_items (section_id, text, sort_order) VALUES ('hist-p3-eur-cl-4', 'Know the stages of German unification under Bismarck', 14);
INSERT INTO history_checklist_items (section_id, text, sort_order) VALUES ('hist-p3-eur-cl-4', 'Analyze Bismarck''s use of war as a tool of diplomacy', 15);
INSERT INTO history_checklist_items (section_id, text, sort_order) VALUES ('hist-p3-eur-cl-4', 'Assess the role of the Zollverein in German unification', 16);
INSERT INTO history_checklist_items (section_id, text, sort_order) VALUES ('hist-p3-eur-cl-4', 'Compare ''top-down'' vs ''bottom-up'' approaches to unification', 17);
INSERT INTO history_checklist_items (section_id, text, sort_order) VALUES ('hist-p3-eur-cl-4', 'Evaluate Bismarck''s domestic policies (Kulturkampf, anti-socialist laws, welfare state)', 18);
INSERT INTO history_checklist_items (section_id, text, sort_order) VALUES ('hist-p3-eur-cl-4', 'Understand the problems facing unified Italy and Germany', 19);
INSERT INTO history_checklist_items (section_id, text, sort_order) VALUES ('hist-p3-eur-cl-4', 'Compare and contrast the processes of Italian and German unification', 20);
INSERT OR IGNORE INTO history_flashcard_topics (id, label, color, unit, sort_order) VALUES ('hist-p3-eur-fc-4', '4. 19th Century Nationalism', '#6B8BA3', 'P3-EUR', 4);
INSERT INTO history_flashcards (topic_id, term, definition, sort_order) VALUES ('hist-p3-eur-fc-4', 'What was nationalism in the 19th century?', 'The belief that each nation (defined by shared language, culture, or ethnicity) should have its own sovereign state, driving unification and independence movements across Europe.', 1);
INSERT INTO history_flashcards (topic_id, term, definition, sort_order) VALUES ('hist-p3-eur-fc-4', 'What were the Revolutions of 1848?', 'A wave of liberal and nationalist revolutions across Europe (France, German states, Italian states, Austrian Empire) that initially succeeded but were largely suppressed by 1849.', 2);
INSERT INTO history_flashcards (topic_id, term, definition, sort_order) VALUES ('hist-p3-eur-fc-4', 'What was the Concert of Europe?', 'A system of diplomatic cooperation among the Great Powers (Britain, France, Austria, Prussia, Russia) established after the Congress of Vienna to maintain the balance of power.', 3);
INSERT INTO history_flashcards (topic_id, term, definition, sort_order) VALUES ('hist-p3-eur-fc-4', 'Who was Metternich?', 'Austrian chancellor (1809--1848) who dominated European diplomacy, suppressing liberal and nationalist movements to preserve the conservative order.', 4);
INSERT INTO history_flashcards (topic_id, term, definition, sort_order) VALUES ('hist-p3-eur-fc-4', 'What was the Springtime of Peoples?', 'Another name for the 1848 Revolutions, reflecting the widespread hope that liberal and nationalist ideals would transform European politics.', 5);
INSERT INTO history_flashcards (topic_id, term, definition, sort_order) VALUES ('hist-p3-eur-fc-4', 'What was the impact of industrialization on nationalism?', 'Industrialization created new middle and working classes who demanded political representation, while improved communications and transport strengthened national consciousness.', 6);
INSERT INTO history_flashcards (topic_id, term, definition, sort_order) VALUES ('hist-p3-eur-fc-4', 'What was the Paris Commune (1871)?', 'A radical socialist and revolutionary government that briefly ruled Paris (March--May 1871) before being violently suppressed by the French government.', 7);
INSERT INTO history_flashcards (topic_id, term, definition, sort_order) VALUES ('hist-p3-eur-fc-4', 'What was the significance of the Franco-Prussian War (1870--1871)?', 'It completed German unification under Prussian leadership, established the German Empire, and shifted the European balance of power.', 8);
INSERT INTO history_flashcards (topic_id, term, definition, sort_order) VALUES ('hist-p3-eur-fc-4', 'What was the Risorgimento?', 'The Italian unification movement (19th century) that united the various Italian states into a single Kingdom of Italy, completed in 1871 with the capture of Rome.', 9);
INSERT INTO history_flashcards (topic_id, term, definition, sort_order) VALUES ('hist-p3-eur-fc-4', 'Who was Cavour?', 'Count Camillo di Cavour, Prime Minister of Piedmont-Sardinia, who used diplomacy, modernization, and alliance with France to drive Italian unification.', 10);
INSERT INTO history_flashcards (topic_id, term, definition, sort_order) VALUES ('hist-p3-eur-fc-4', 'Who was Garibaldi?', 'An Italian nationalist and military leader who led the ''Expedition of the Thousand'' (1860), conquering Sicily and southern Italy and handing them to King Victor Emmanuel II.', 11);
INSERT INTO history_flashcards (topic_id, term, definition, sort_order) VALUES ('hist-p3-eur-fc-4', 'Who was Otto von Bismarck?', 'Minister-President of Prussia who unified Germany through ''blood and iron'' -- three wars (Danish, Austro-Prussian, Franco-Prussian) and skilled diplomacy.', 12);
INSERT INTO history_flashcards (topic_id, term, definition, sort_order) VALUES ('hist-p3-eur-fc-4', 'What was the Ems Dispatch?', 'A telegram edited by Bismarck in 1870 to provoke France into declaring war on Prussia, leading to the Franco-Prussian War and German unification.', 13);
INSERT INTO history_flashcards (topic_id, term, definition, sort_order) VALUES ('hist-p3-eur-fc-4', 'What was the Zollverein?', 'A customs union of German states (established 1834) that promoted economic integration and Prussian leadership, laying groundwork for political unification.', 14);
INSERT INTO history_flashcards (topic_id, term, definition, sort_order) VALUES ('hist-p3-eur-fc-4', 'What was Bismarck''s Kulturkampf?', 'Bismarck''s campaign (1871--1878) against Catholic Church influence in Germany, including laws restricting clergy''s political activities and control over education.', 15);
INSERT INTO history_flashcards (topic_id, term, definition, sort_order) VALUES ('hist-p3-eur-fc-4', 'What was the proclamation of the German Empire?', 'On January 18, 1871, at the Palace of Versailles, King Wilhelm I of Prussia was proclaimed Kaiser (Emperor) of the unified German Empire.', 16);
INSERT OR IGNORE INTO history_mcq_questions (id, category, difficulty, unit, question_text, option_a, option_b, option_c, option_d, correct_option, explanation, sort_order) VALUES ('hist-p3-mcq-656', '4. 19th Century Nationalism', 'HL', 'P3-EUR', 'The Revolutions of 1848 are sometimes called:', 'The Glorious Revolution', 'The Springtime of Peoples', 'The Great Upheaval', 'The Conservative Reaction', 1, 'See mark scheme for detailed explanation.', 657);
INSERT OR IGNORE INTO history_mcq_questions (id, category, difficulty, unit, question_text, option_a, option_b, option_c, option_d, correct_option, explanation, sort_order) VALUES ('hist-p3-mcq-657', '4. 19th Century Nationalism', 'HL', 'P3-EUR', 'Metternich was primarily associated with:', 'Promoting liberal nationalism', 'Suppressing revolutionary movements', 'Unifying Germany', 'Establishing democracy in Austria', 1, 'See mark scheme for detailed explanation.', 658);
INSERT OR IGNORE INTO history_mcq_questions (id, category, difficulty, unit, question_text, option_a, option_b, option_c, option_d, correct_option, explanation, sort_order) VALUES ('hist-p3-mcq-658', '4. 19th Century Nationalism', 'HL', 'P3-EUR', 'The Franco-Prussian War (1870--1871) resulted in:', 'French victory and territorial gains', 'German unification under Prussia', 'Austrian dominance of Central Europe', 'British intervention on the continent', 1, 'See mark scheme for detailed explanation.', 659);
INSERT OR IGNORE INTO history_mcq_questions (id, category, difficulty, unit, question_text, option_a, option_b, option_c, option_d, correct_option, explanation, sort_order) VALUES ('hist-p3-mcq-659', '4. 19th Century Nationalism', 'HL', 'P3-EUR', 'The Paris Commune of 1871 was:', 'A conservative monarchist government', 'A radical socialist revolutionary government', 'A Prussian occupation administration', 'A liberal democratic reform movement', 1, 'See mark scheme for detailed explanation.', 660);
INSERT OR IGNORE INTO history_mcq_questions (id, category, difficulty, unit, question_text, option_a, option_b, option_c, option_d, correct_option, explanation, sort_order) VALUES ('hist-p3-mcq-660', '4. 19th Century Nationalism', 'HL', 'P3-EUR', 'The Concert of Europe was designed to:', 'Promote nationalist movements', 'Maintain the post-Napoleonic balance of power', 'Expand European colonial empires', 'Create a European parliament', 1, 'See mark scheme for detailed explanation.', 661);
INSERT OR IGNORE INTO history_mcq_questions (id, category, difficulty, unit, question_text, option_a, option_b, option_c, option_d, correct_option, explanation, sort_order) VALUES ('hist-p3-mcq-661', '4. 19th Century Nationalism', 'HL', 'P3-EUR', 'B | 2. B | 3. B | 4. B | 5. B', '', '', '', '', 1, 'See mark scheme for detailed explanation.', 662);
INSERT OR IGNORE INTO history_mcq_questions (id, category, difficulty, unit, question_text, option_a, option_b, option_c, option_d, correct_option, explanation, sort_order) VALUES ('hist-p3-mcq-662', '4. 19th Century Nationalism', 'HL', 'P3-EUR', 'Cavour''s key strategy for Italian unification was:', 'Popular revolution', 'Diplomatic alliance with France', 'Military conquest alone', 'Papal support', 1, 'See mark scheme for detailed explanation.', 663);
INSERT OR IGNORE INTO history_mcq_questions (id, category, difficulty, unit, question_text, option_a, option_b, option_c, option_d, correct_option, explanation, sort_order) VALUES ('hist-p3-mcq-663', '4. 19th Century Nationalism', 'HL', 'P3-EUR', 'The Zollverein was:', 'A military alliance', 'A customs union', 'A constitution', 'A political party', 1, 'See mark scheme for detailed explanation.', 664);
INSERT OR IGNORE INTO history_mcq_questions (id, category, difficulty, unit, question_text, option_a, option_b, option_c, option_d, correct_option, explanation, sort_order) VALUES ('hist-p3-mcq-664', '4. 19th Century Nationalism', 'HL', 'P3-EUR', 'Bismarck unified Germany through three wars. Which was NOT one of them?', 'Danish War (1864)', 'Austro-Prussian War (1866)', 'Franco-Prussian War (1870--71)', 'Russo-Prussian War (1877)', 3, 'See mark scheme for detailed explanation.', 665);
INSERT OR IGNORE INTO history_mcq_questions (id, category, difficulty, unit, question_text, option_a, option_b, option_c, option_d, correct_option, explanation, sort_order) VALUES ('hist-p3-mcq-665', '4. 19th Century Nationalism', 'HL', 'P3-EUR', 'Garibaldi''s Expedition of the Thousand conquered:', 'Lombardy and Venetia', 'Sicily and Southern Italy', 'Rome and the Papal States', 'Austria and Tyrol', 1, 'See mark scheme for detailed explanation.', 666);
INSERT OR IGNORE INTO history_mcq_questions (id, category, difficulty, unit, question_text, option_a, option_b, option_c, option_d, correct_option, explanation, sort_order) VALUES ('hist-p3-mcq-666', '4. 19th Century Nationalism', 'HL', 'P3-EUR', 'The Kulturkampf was directed against:', 'Socialists', 'The Catholic Church', 'The Prussian aristocracy', 'Polish nationalists', 1, 'See mark scheme for detailed explanation.', 667);
INSERT OR IGNORE INTO history_mcq_questions (id, category, difficulty, unit, question_text, option_a, option_b, option_c, option_d, correct_option, explanation, sort_order) VALUES ('hist-p3-mcq-667', '4. 19th Century Nationalism', 'HL', 'P3-EUR', 'B | 2. B | 3. D | 4. B | 5. B', '', '', '', '', 1, 'See mark scheme for detailed explanation.', 668);
INSERT OR IGNORE INTO history_written_questions (id, category, difficulty, question_type, unit, marks, question_text, mark_scheme, sort_order) VALUES ('hist-p3-wq-278', '4. 19th Century Nationalism', 'HL', 'short_answer', 'P3-EUR', 15, 'Evaluate the causes and consequences of the 1848 to 1849 Revolutions in two European countries.', 'Causes: economic crisis; liberal and nationalist aspirations; social inequality; inspiration from the February Revolution in France. Consequences vary by country but may include: brief constitutional gains; ultimate conservative reaction and restoration; growth of nationalist movements; impact on future unification movements. Top-band answers compare two specific cases (e.g., France and the German states, or the Austrian Empire and Italy) with detailed knowledge.', 279);
INSERT OR IGNORE INTO history_written_questions (id, category, difficulty, question_type, unit, marks, question_text, mark_scheme, sort_order) VALUES ('hist-p3-wq-279', '4. 19th Century Nationalism', 'HL', 'short_answer', 'P3-EUR', 15, '"Nationalism was the most powerful force in European politics in the 19th century." To what extent do you agree?', 'For: drove Italian and German unification; independence movements in Greece, Belgium, Balkans; 1848 Revolutions; shaped diplomatic alignments. Against: conservatism remained powerful (Concert of Europe, Metternich system); liberalism also drove political change; industrialization transformed society; imperialism and economic factors; class conflict (socialism). Top-band answers evaluate nationalism against other forces and note that nationalism itself took different forms.', 280);
INSERT OR IGNORE INTO history_written_questions (id, category, difficulty, question_type, unit, marks, question_text, mark_scheme, sort_order) VALUES ('hist-p3-wq-280', '4. 19th Century Nationalism', 'HL', 'short_answer', 'P3-EUR', 15, 'Compare and contrast the policies of Louis XVIII and Charles X.', 'Louis XVIII: constitutional charter (1814); moderate royalist; attempted to balance old regime supporters and post-revolutionary interests; accepted constitutional limits. Charles X: ultra-royalist; attempted to restore absolute authority; passed repressive laws; July Ordinances provoked revolution (1830). Similarities: both Bourbons; both faced challenges of governing post-revolutionary France; both had to manage competing factions. Top-band answers draw explicit comparisons and assess effectiveness.', 281);
INSERT OR IGNORE INTO history_written_questions (id, category, difficulty, question_type, unit, marks, question_text, mark_scheme, sort_order) VALUES ('hist-p3-wq-281', '4. 19th Century Nationalism', 'HL', 'short_answer', 'P3-EUR', 15, '"Bismarck was the most important factor in the unification of Germany." Discuss with reference to the period up to 1871.', 'For Bismarck: diplomatic skill; manipulation of wars; Ems Dispatch; realpolitik; relationship with Wilhelm I. Other factors: Zollverein and economic integration; nationalism and liberal movements; Prussian military strength; Austrian weakness; French defeat; role of the 1848 Revolutions in shaping nationalism. Top-band answers evaluate Bismarck''s role against other factors and reach a supported judgment.', 282);
INSERT OR IGNORE INTO history_written_questions (id, category, difficulty, question_type, unit, marks, question_text, mark_scheme, sort_order) VALUES ('hist-p3-wq-282', '4. 19th Century Nationalism', 'HL', 'short_answer', 'P3-EUR', 15, 'Evaluate the causes and consequences of the 1848 to 1849 Revolutions in Italy.', 'Causes: Austrian dominance; nationalist aspirations; liberal demands; economic hardship; inspiration from French revolution. Consequences: failure of revolution; Austrian control reasserted; lesson that foreign help needed; radicalization of some nationalists; Piedmont-Sardinia emerged as leader of future unification. Top-band answers provide specific evidence and evaluate both short-term failure and long-term consequences.', 283);
INSERT OR IGNORE INTO history_written_questions (id, category, difficulty, question_type, unit, marks, question_text, mark_scheme, sort_order) VALUES ('hist-p3-wq-283', '4. 19th Century Nationalism', 'HL', 'short_answer', 'P3-EUR', 15, 'Compare and contrast the roles of Cavour and Bismarck in achieving national unification.', 'Similarities: both used diplomacy and war; both were pragmatic realists (realpolitik); both used alliances strategically; both were dominant political figures. Differences: Cavour relied more on diplomacy and French alliance; Bismarck more on military power; different relationships with popular nationalism; different political systems (constitutional vs authoritarian); Cavour died before unification completed. Top-band answers draw explicit analytical comparisons.', 284);

INSERT OR IGNORE INTO history_checklist_sections (id, title, color, unit, sort_order) VALUES ('hist-p3-eur-cl-5', '5. Imperial Russia & World War I', '#6B8BA3', 'P3-EUR', 212);
INSERT INTO history_checklist_items (section_id, text, sort_order) VALUES ('hist-p3-eur-cl-5', 'Understand Russia''s social and political conditions under Alexander II', 1);
INSERT INTO history_checklist_items (section_id, text, sort_order) VALUES ('hist-p3-eur-cl-5', 'Evaluate the significance of the emancipation of serfs (1861)', 2);
INSERT INTO history_checklist_items (section_id, text, sort_order) VALUES ('hist-p3-eur-cl-5', 'Know the policies and impact of Alexander III''s counter-reforms', 3);
INSERT INTO history_checklist_items (section_id, text, sort_order) VALUES ('hist-p3-eur-cl-5', 'Analyze the causes and consequences of the 1905 Revolution', 4);
INSERT INTO history_checklist_items (section_id, text, sort_order) VALUES ('hist-p3-eur-cl-5', 'Evaluate Stolypin''s reforms and their effectiveness', 5);
INSERT INTO history_checklist_items (section_id, text, sort_order) VALUES ('hist-p3-eur-cl-5', 'Understand the causes of the February Revolution (1917)', 6);
INSERT INTO history_checklist_items (section_id, text, sort_order) VALUES ('hist-p3-eur-cl-5', 'Assess the failure of the Provisional Government', 7);
INSERT INTO history_checklist_items (section_id, text, sort_order) VALUES ('hist-p3-eur-cl-5', 'Analyze the Bolshevik seizure of power (October Revolution)', 8);
INSERT INTO history_checklist_items (section_id, text, sort_order) VALUES ('hist-p3-eur-cl-5', 'Evaluate Lenin''s domestic policies (War Communism, NEP)', 9);
INSERT INTO history_checklist_items (section_id, text, sort_order) VALUES ('hist-p3-eur-cl-5', 'Understand the Russian Civil War and its consequences', 10);
INSERT INTO history_checklist_items (section_id, text, sort_order) VALUES ('hist-p3-eur-cl-5', 'Understand the long-term causes of WWI (alliance system, imperialism, militarism, nationalism)', 11);
INSERT INTO history_checklist_items (section_id, text, sort_order) VALUES ('hist-p3-eur-cl-5', 'Analyze the short-term causes (Balkan crises, assassination, July Crisis)', 12);
INSERT INTO history_checklist_items (section_id, text, sort_order) VALUES ('hist-p3-eur-cl-5', 'Evaluate the debate over war guilt (Fischer thesis)', 13);
INSERT INTO history_checklist_items (section_id, text, sort_order) VALUES ('hist-p3-eur-cl-5', 'Know the major campaigns and battles on all fronts', 14);
INSERT INTO history_checklist_items (section_id, text, sort_order) VALUES ('hist-p3-eur-cl-5', 'Assess the impact of technology on warfare (machine guns, gas, tanks, aircraft)', 15);
INSERT INTO history_checklist_items (section_id, text, sort_order) VALUES ('hist-p3-eur-cl-5', 'Evaluate the impact of WWI on civilian populations', 16);
INSERT INTO history_checklist_items (section_id, text, sort_order) VALUES ('hist-p3-eur-cl-5', 'Understand the role of propaganda and censorship', 17);
INSERT INTO history_checklist_items (section_id, text, sort_order) VALUES ('hist-p3-eur-cl-5', 'Analyze the factors leading to Allied victory (US entry, German domestic collapse)', 18);
INSERT INTO history_checklist_items (section_id, text, sort_order) VALUES ('hist-p3-eur-cl-5', 'Assess the significance of the Eastern Front', 19);
INSERT INTO history_checklist_items (section_id, text, sort_order) VALUES ('hist-p3-eur-cl-5', 'Evaluate the war''s impact on European politics and society', 20);
INSERT OR IGNORE INTO history_flashcard_topics (id, label, color, unit, sort_order) VALUES ('hist-p3-eur-fc-5', '5. Imperial Russia & World War I', '#6B8BA3', 'P3-EUR', 5);
INSERT INTO history_flashcards (topic_id, term, definition, sort_order) VALUES ('hist-p3-eur-fc-5', 'What were the Great Reforms of Alexander II?', 'A series of reforms including the emancipation of serfs (1861), judicial reform, local government reform (zemstvo), and military reform, aimed at modernizing Russia.', 1);
INSERT INTO history_flashcards (topic_id, term, definition, sort_order) VALUES ('hist-p3-eur-fc-5', 'What was Bloody Sunday (1905)?', 'On January 22, 1905, tsarist troops fired on peaceful demonstrators in St. Petersburg, sparking the 1905 Revolution and leading to the creation of the Duma.', 2);
INSERT INTO history_flashcards (topic_id, term, definition, sort_order) VALUES ('hist-p3-eur-fc-5', 'What was the October Manifesto (1905)?', 'Tsar Nicholas II''s concession granting civil liberties and establishing the Duma (parliament), issued to end the 1905 Revolution.', 3);
INSERT INTO history_flashcards (topic_id, term, definition, sort_order) VALUES ('hist-p3-eur-fc-5', 'What was the February Revolution (1917)?', 'A spontaneous uprising in Petrograd that forced Tsar Nicholas II to abdicate, ending the Romanov dynasty and establishing the Provisional Government.', 4);
INSERT INTO history_flashcards (topic_id, term, definition, sort_order) VALUES ('hist-p3-eur-fc-5', 'What was the October Revolution (1917)?', 'The Bolshevik seizure of power led by Lenin, overthrowing the Provisional Government and establishing a socialist state.', 5);
INSERT INTO history_flashcards (topic_id, term, definition, sort_order) VALUES ('hist-p3-eur-fc-5', 'What was War Communism?', 'Bolshevik economic policy during the Russian Civil War (1918--1921): nationalization of industry, grain requisitioning, and centralized control to support the war effort.', 6);
INSERT INTO history_flashcards (topic_id, term, definition, sort_order) VALUES ('hist-p3-eur-fc-5', 'What was the New Economic Policy (NEP)?', 'Lenin''s economic policy (1921--1928) reintroducing limited private enterprise and free trade to revive the economy after the devastation of War Communism.', 7);
INSERT INTO history_flashcards (topic_id, term, definition, sort_order) VALUES ('hist-p3-eur-fc-5', 'What was the Treaty of Brest-Litovsk (1918)?', 'A peace treaty between Soviet Russia and the Central Powers, in which Russia surrendered significant territory to exit World War I.', 8);
INSERT INTO history_flashcards (topic_id, term, definition, sort_order) VALUES ('hist-p3-eur-fc-5', 'What was the Alliance System before WWI?', 'Europe was divided into two alliance blocs: the Triple Alliance (Germany, Austria-Hungary, Italy) and the Triple Entente (France, Russia, Britain).', 9);
INSERT INTO history_flashcards (topic_id, term, definition, sort_order) VALUES ('hist-p3-eur-fc-5', 'What was the July Crisis of 1914?', 'The diplomatic crisis following the assassination of Archduke Franz Ferdinand that escalated through the alliance system into a full-scale European war within weeks.', 10);
INSERT INTO history_flashcards (topic_id, term, definition, sort_order) VALUES ('hist-p3-eur-fc-5', 'What was the Schlieffen Plan?', 'Germany''s military strategy to quickly defeat France through Belgium before turning to fight Russia, designed to avoid a two-front war; it failed in 1914.', 11);
INSERT INTO history_flashcards (topic_id, term, definition, sort_order) VALUES ('hist-p3-eur-fc-5', 'What was trench warfare?', 'A form of warfare on the Western Front where opposing armies fought from elaborate systems of trenches, resulting in a bloody stalemate with massive casualties.', 12);
INSERT INTO history_flashcards (topic_id, term, definition, sort_order) VALUES ('hist-p3-eur-fc-5', 'What was the Battle of the Somme (1916)?', 'A major Allied offensive on the Western Front that resulted in over one million casualties for minimal territorial gains, symbolizing the futility of trench warfare.', 13);
INSERT INTO history_flashcards (topic_id, term, definition, sort_order) VALUES ('hist-p3-eur-fc-5', 'What was unrestricted submarine warfare?', 'Germany''s policy of sinking all ships (including neutral ones) in waters around Britain, a key factor in drawing the United States into the war in 1917.', 14);
INSERT INTO history_flashcards (topic_id, term, definition, sort_order) VALUES ('hist-p3-eur-fc-5', 'What was the impact of WWI on civilians?', 'Total war affected civilians through rationing, conscription, propaganda, bombing of civilian areas, economic hardship, and the mobilization of women into the workforce.', 15);
INSERT INTO history_flashcards (topic_id, term, definition, sort_order) VALUES ('hist-p3-eur-fc-5', 'What was the Armistice of November 11, 1918?', 'The agreement that ended fighting on the Western Front, signed at 11 AM on November 11, 1918, effectively ending World War I.', 16);
INSERT OR IGNORE INTO history_mcq_questions (id, category, difficulty, unit, question_text, option_a, option_b, option_c, option_d, correct_option, explanation, sort_order) VALUES ('hist-p3-mcq-668', '5. Imperial Russia & World War I', 'HL', 'P3-EUR', 'The emancipation of Russian serfs occurred in:', '1855', '1861', '1881', '1905', 1, 'See mark scheme for detailed explanation.', 669);
INSERT OR IGNORE INTO history_mcq_questions (id, category, difficulty, unit, question_text, option_a, option_b, option_c, option_d, correct_option, explanation, sort_order) VALUES ('hist-p3-mcq-669', '5. Imperial Russia & World War I', 'HL', 'P3-EUR', 'Bloody Sunday (1905) involved:', 'The assassination of the Tsar', 'Troops firing on peaceful demonstrators', 'A Bolshevik uprising', 'A military mutiny', 1, 'See mark scheme for detailed explanation.', 670);
INSERT OR IGNORE INTO history_mcq_questions (id, category, difficulty, unit, question_text, option_a, option_b, option_c, option_d, correct_option, explanation, sort_order) VALUES ('hist-p3-mcq-670', '5. Imperial Russia & World War I', 'HL', 'P3-EUR', 'The Provisional Government was overthrown by the:', 'Mensheviks', 'Social Revolutionaries', 'Bolsheviks', 'Tsarist loyalists', 2, 'See mark scheme for detailed explanation.', 671);
INSERT OR IGNORE INTO history_mcq_questions (id, category, difficulty, unit, question_text, option_a, option_b, option_c, option_d, correct_option, explanation, sort_order) VALUES ('hist-p3-mcq-671', '5. Imperial Russia & World War I', 'HL', 'P3-EUR', 'War Communism included:', 'Limited private enterprise', 'Grain requisitioning and nationalization', 'Land redistribution to peasants', 'Foreign investment incentives', 1, 'See mark scheme for detailed explanation.', 672);
INSERT OR IGNORE INTO history_mcq_questions (id, category, difficulty, unit, question_text, option_a, option_b, option_c, option_d, correct_option, explanation, sort_order) VALUES ('hist-p3-mcq-672', '5. Imperial Russia & World War I', 'HL', 'P3-EUR', 'The NEP was introduced because:', 'Lenin wanted to fully implement communism', 'War Communism had devastated the economy', 'Foreign powers demanded it', 'The Duma passed legislation requiring it', 1, 'See mark scheme for detailed explanation.', 673);
INSERT OR IGNORE INTO history_mcq_questions (id, category, difficulty, unit, question_text, option_a, option_b, option_c, option_d, correct_option, explanation, sort_order) VALUES ('hist-p3-mcq-673', '5. Imperial Russia & World War I', 'HL', 'P3-EUR', 'B | 2. B | 3. C | 4. B | 5. B', '', '', '', '', 1, 'See mark scheme for detailed explanation.', 674);
INSERT OR IGNORE INTO history_mcq_questions (id, category, difficulty, unit, question_text, option_a, option_b, option_c, option_d, correct_option, explanation, sort_order) VALUES ('hist-p3-mcq-674', '5. Imperial Russia & World War I', 'HL', 'P3-EUR', 'The assassination of Archduke Franz Ferdinand occurred in:', 'Belgrade', 'Vienna', 'Sarajevo', 'Berlin', 2, 'See mark scheme for detailed explanation.', 675);
INSERT OR IGNORE INTO history_mcq_questions (id, category, difficulty, unit, question_text, option_a, option_b, option_c, option_d, correct_option, explanation, sort_order) VALUES ('hist-p3-mcq-675', '5. Imperial Russia & World War I', 'HL', 'P3-EUR', 'The Schlieffen Plan failed because:', 'Italy joined the Entente', 'Russia mobilized faster than expected and Belgium resisted', 'France surrendered quickly', 'The United States intervened immediately', 1, 'See mark scheme for detailed explanation.', 676);
INSERT OR IGNORE INTO history_mcq_questions (id, category, difficulty, unit, question_text, option_a, option_b, option_c, option_d, correct_option, explanation, sort_order) VALUES ('hist-p3-mcq-676', '5. Imperial Russia & World War I', 'HL', 'P3-EUR', 'Which battle symbolized the horror of trench warfare with over 1 million casualties?', 'Battle of Marne', 'Battle of Verdun', 'Battle of the Somme', 'Battle of Tannenberg', 2, 'See mark scheme for detailed explanation.', 677);
INSERT OR IGNORE INTO history_mcq_questions (id, category, difficulty, unit, question_text, option_a, option_b, option_c, option_d, correct_option, explanation, sort_order) VALUES ('hist-p3-mcq-677', '5. Imperial Russia & World War I', 'HL', 'P3-EUR', 'The United States entered WWI in:', '1914', '1915', '1916', '1917', 3, 'See mark scheme for detailed explanation.', 678);
INSERT OR IGNORE INTO history_mcq_questions (id, category, difficulty, unit, question_text, option_a, option_b, option_c, option_d, correct_option, explanation, sort_order) VALUES ('hist-p3-mcq-678', '5. Imperial Russia & World War I', 'HL', 'P3-EUR', 'Which was NOT a long-term cause of WWI?', 'Alliance system', 'Imperial rivalries', 'Assassination of Franz Ferdinand', 'Arms race', 2, 'See mark scheme for detailed explanation.', 679);
INSERT OR IGNORE INTO history_mcq_questions (id, category, difficulty, unit, question_text, option_a, option_b, option_c, option_d, correct_option, explanation, sort_order) VALUES ('hist-p3-mcq-679', '5. Imperial Russia & World War I', 'HL', 'P3-EUR', 'C | 2. B | 3. C | 4. D | 5. C', '', '', '', '', 2, 'See mark scheme for detailed explanation.', 680);
INSERT OR IGNORE INTO history_written_questions (id, category, difficulty, question_type, unit, marks, question_text, mark_scheme, sort_order) VALUES ('hist-p3-wq-284', '5. Imperial Russia & World War I', 'HL', 'short_answer', 'P3-EUR', 15, 'Discuss the view that the Provisional Government collapsed because of the power of the Soviets.', 'Role of Soviets: dual power arrangement; Soviet Order No. 1 undermining military discipline; Soviets had popular legitimacy; Petrograd Soviet controlled key infrastructure. Other factors: Provisional Government''s decision to continue war; failure to address land reform; Kornilov Affair; economic crisis; Lenin''s leadership and Bolshevik organization. Top-band answers evaluate the relative importance of Soviet power against other factors.', 285);
INSERT OR IGNORE INTO history_written_questions (id, category, difficulty, question_type, unit, marks, question_text, mark_scheme, sort_order) VALUES ('hist-p3-wq-285', '5. Imperial Russia & World War I', 'HL', 'short_answer', 'P3-EUR', 15, 'Evaluate the significance of the 1905 Revolution for the political development of Russia.', 'Significance: forced constitutional concessions (October Manifesto, Duma); revealed weaknesses of tsarist system; demonstrated power of mass action; created precedent for 1917; formation of soviets. Limitations: Tsar retained autocratic power through Fundamental Laws; Duma was weak; reforms were limited; revolution was suppressed. Top-band answers assess both what changed and what remained the same.', 286);
INSERT OR IGNORE INTO history_written_questions (id, category, difficulty, question_type, unit, marks, question_text, mark_scheme, sort_order) VALUES ('hist-p3-wq-286', '5. Imperial Russia & World War I', 'HL', 'short_answer', 'P3-EUR', 15, '"The First World War was the main cause of the February Revolution in Russia in 1917." To what extent do you agree?', 'War factors: military defeats; economic strain; food shortages; loss of life; discrediting of Tsar''s military leadership. Other factors: long-term social inequality; failure of earlier reforms; weakness of the Duma; revolutionary movements; political repression; Rasputin''s influence. Top-band answers weigh war as a catalyst against deeper structural causes and reach a balanced conclusion.', 287);
INSERT OR IGNORE INTO history_written_questions (id, category, difficulty, question_type, unit, marks, question_text, mark_scheme, sort_order) VALUES ('hist-p3-wq-287', '5. Imperial Russia & World War I', 'HL', 'short_answer', 'P3-EUR', 15, '"The Alliance system was the most important cause of the First World War." To what extent do you agree?', 'Alliance system: transformed bilateral disputes into general war; created a rigid framework; automatic mobilization plans. Other causes: imperial rivalries (Morocco crises, Balkans); militarism and arms race; nationalism (particularly Balkan); economic competition; specific triggers (assassination, July Crisis). Top-band answers evaluate the alliance system against other long-term and short-term causes and reach a balanced judgment.', 288);
INSERT OR IGNORE INTO history_written_questions (id, category, difficulty, question_type, unit, marks, question_text, mark_scheme, sort_order) VALUES ('hist-p3-wq-288', '5. Imperial Russia & World War I', 'HL', 'short_answer', 'P3-EUR', 15, 'Evaluate the factors leading to the defeat of Germany and the other Central Powers in 1918.', 'Factors: US entry providing fresh troops and resources; Allied blockade causing economic hardship; failure of Spring Offensive (1918); internal collapse (mutinies, revolution); Allied use of new technologies (tanks); strategic overextension; collapse of Ottoman and Austro-Hungarian allies. Top-band answers evaluate the relative importance of military, economic, and domestic factors.', 289);
INSERT OR IGNORE INTO history_written_questions (id, category, difficulty, question_type, unit, marks, question_text, mark_scheme, sort_order) VALUES ('hist-p3-wq-289', '5. Imperial Russia & World War I', 'HL', 'short_answer', 'P3-EUR', 15, 'Discuss the impact of the First World War on civilian populations in two European countries.', 'Should discuss: rationing and food shortages; conscription''s impact on families; women entering workforce; propaganda and censorship; economic hardship; psychological impact; civilian casualties; political radicalization. Top-band answers compare two specific countries with detailed evidence and analyze the significance of the changes experienced.', 290);

INSERT OR IGNORE INTO history_checklist_sections (id, title, color, unit, sort_order) VALUES ('hist-p3-eur-cl-6', '6. Inter-War Europe & Diplomacy', '#6B8BA3', 'P3-EUR', 213);
INSERT INTO history_checklist_items (section_id, text, sort_order) VALUES ('hist-p3-eur-cl-6', 'Understand the challenges facing Weimar Germany (1918--1933)', 1);
INSERT INTO history_checklist_items (section_id, text, sort_order) VALUES ('hist-p3-eur-cl-6', 'Analyze Hitler''s rise to power and consolidation (1929--1934)', 2);
INSERT INTO history_checklist_items (section_id, text, sort_order) VALUES ('hist-p3-eur-cl-6', 'Evaluate Nazi domestic policies (economic, social, political, racial)', 3);
INSERT INTO history_checklist_items (section_id, text, sort_order) VALUES ('hist-p3-eur-cl-6', 'Know the nature of the Nazi state and extent of resistance', 4);
INSERT INTO history_checklist_items (section_id, text, sort_order) VALUES ('hist-p3-eur-cl-6', 'Analyze Mussolini''s rise to power and consolidation in Italy', 5);
INSERT INTO history_checklist_items (section_id, text, sort_order) VALUES ('hist-p3-eur-cl-6', 'Evaluate Fascist Italy''s domestic policies', 6);
INSERT INTO history_checklist_items (section_id, text, sort_order) VALUES ('hist-p3-eur-cl-6', 'Understand the causes and course of the Spanish Civil War', 7);
INSERT INTO history_checklist_items (section_id, text, sort_order) VALUES ('hist-p3-eur-cl-6', 'Assess political developments in one other European country (e.g., France, USSR)', 8);
INSERT INTO history_checklist_items (section_id, text, sort_order) VALUES ('hist-p3-eur-cl-6', 'Compare and contrast Hitler''s and Mussolini''s regimes', 9);
INSERT INTO history_checklist_items (section_id, text, sort_order) VALUES ('hist-p3-eur-cl-6', 'Evaluate the impact of the Great Depression on European politics', 10);
INSERT INTO history_checklist_items (section_id, text, sort_order) VALUES ('hist-p3-eur-cl-6', 'Understand the aims, terms, and impact of the Paris Peace Settlements', 11);
INSERT INTO history_checklist_items (section_id, text, sort_order) VALUES ('hist-p3-eur-cl-6', 'Evaluate the successes and failures of the League of Nations', 12);
INSERT INTO history_checklist_items (section_id, text, sort_order) VALUES ('hist-p3-eur-cl-6', 'Know the key diplomatic agreements of the 1920s (Dawes Plan, Locarno, Kellogg-Briand)', 13);
INSERT INTO history_checklist_items (section_id, text, sort_order) VALUES ('hist-p3-eur-cl-6', 'Analyze Italian and German foreign policies (1919--1941)', 14);
INSERT INTO history_checklist_items (section_id, text, sort_order) VALUES ('hist-p3-eur-cl-6', 'Evaluate the policy of appeasement: aims, methods, effectiveness', 15);
INSERT INTO history_checklist_items (section_id, text, sort_order) VALUES ('hist-p3-eur-cl-6', 'Understand the Munich Crisis and its consequences', 16);
INSERT INTO history_checklist_items (section_id, text, sort_order) VALUES ('hist-p3-eur-cl-6', 'Assess the causes of the Second World War', 17);
INSERT INTO history_checklist_items (section_id, text, sort_order) VALUES ('hist-p3-eur-cl-6', 'Know the development of European conflict (1939--1941)', 18);
INSERT INTO history_checklist_items (section_id, text, sort_order) VALUES ('hist-p3-eur-cl-6', 'Evaluate the wartime alliance (1941--1945) and reasons for Allied victory', 19);
INSERT INTO history_checklist_items (section_id, text, sort_order) VALUES ('hist-p3-eur-cl-6', 'Assess the impact of WWII on civilian populations', 20);
INSERT OR IGNORE INTO history_flashcard_topics (id, label, color, unit, sort_order) VALUES ('hist-p3-eur-fc-6', '6. Inter-War Europe & Diplomacy', '#6B8BA3', 'P3-EUR', 6);
INSERT INTO history_flashcards (topic_id, term, definition, sort_order) VALUES ('hist-p3-eur-fc-6', 'What was the Weimar Republic?', 'Germany''s democratic government (1918--1933), established after WWI, which faced challenges including hyperinflation, political extremism, and the Great Depression.', 1);
INSERT INTO history_flashcards (topic_id, term, definition, sort_order) VALUES ('hist-p3-eur-fc-6', 'What was the Stresemann Era (1924--1929)?', 'A period of relative stability in Weimar Germany under Gustav Stresemann''s influence, featuring economic recovery (Dawes Plan), international reconciliation (Locarno), and cultural flourishing.', 2);
INSERT INTO history_flashcards (topic_id, term, definition, sort_order) VALUES ('hist-p3-eur-fc-6', 'What was the March on Rome (1922)?', 'Mussolini''s Fascist march on Rome that pressured King Victor Emmanuel III to appoint Mussolini as Prime Minister, beginning Fascist rule in Italy.', 3);
INSERT INTO history_flashcards (topic_id, term, definition, sort_order) VALUES ('hist-p3-eur-fc-6', 'What was the Enabling Act (1933)?', 'A law passed by the German Reichstag giving Hitler dictatorial powers, effectively ending the Weimar Republic and establishing the Nazi dictatorship.', 4);
INSERT INTO history_flashcards (topic_id, term, definition, sort_order) VALUES ('hist-p3-eur-fc-6', 'What was the Spanish Civil War (1936--1939)?', 'A conflict between Republican (left-wing) and Nationalist (right-wing, led by Franco) forces, which became a proxy war for European ideological conflicts.', 5);
INSERT INTO history_flashcards (topic_id, term, definition, sort_order) VALUES ('hist-p3-eur-fc-6', 'What was the Night of the Long Knives (1934)?', 'Hitler''s purge of the SA leadership and political opponents on June 30, 1934, consolidating his control over the Nazi party and the German military.', 6);
INSERT INTO history_flashcards (topic_id, term, definition, sort_order) VALUES ('hist-p3-eur-fc-6', 'What was Mussolini''s Corporate State?', 'Mussolini''s economic system organizing Italian society into corporations representing employers and workers, supposedly ending class conflict under Fascist authority.', 7);
INSERT INTO history_flashcards (topic_id, term, definition, sort_order) VALUES ('hist-p3-eur-fc-6', 'What was the Reichstag Fire (1933)?', 'The burning of the German parliament building on February 27, 1933, which Hitler used as a pretext to suspend civil liberties and persecute political opponents.', 8);
INSERT INTO history_flashcards (topic_id, term, definition, sort_order) VALUES ('hist-p3-eur-fc-6', 'What were the key terms of the Treaty of Versailles (1919)?', 'War guilt clause (Article 231); reparations of 132 billion gold marks; military restrictions; territorial losses (Alsace-Lorraine, Polish Corridor); League of Nations created.', 9);
INSERT INTO history_flashcards (topic_id, term, definition, sort_order) VALUES ('hist-p3-eur-fc-6', 'What was the policy of appeasement?', 'The British and French policy of making concessions to aggressive powers (particularly Nazi Germany) to avoid war, most notably at the Munich Conference (1938).', 10);
INSERT INTO history_flashcards (topic_id, term, definition, sort_order) VALUES ('hist-p3-eur-fc-6', 'What was the Munich Agreement (1938)?', 'An agreement allowing Germany to annex the Sudetenland from Czechoslovakia, hailed by Chamberlain as bringing ''peace for our time'' but widely seen as a failure of appeasement.', 11);
INSERT INTO history_flashcards (topic_id, term, definition, sort_order) VALUES ('hist-p3-eur-fc-6', 'What was the Nazi-Soviet Pact (1939)?', 'A non-aggression treaty between Nazi Germany and the Soviet Union (August 1939) with a secret protocol dividing Eastern Europe, enabling Germany''s invasion of Poland.', 12);
INSERT INTO history_flashcards (topic_id, term, definition, sort_order) VALUES ('hist-p3-eur-fc-6', 'What was the League of Nations?', 'An international organization created after WWI to maintain peace through collective security; it was weakened by the absence of the US and inability to enforce decisions.', 13);
INSERT INTO history_flashcards (topic_id, term, definition, sort_order) VALUES ('hist-p3-eur-fc-6', 'What were the Locarno Treaties (1925)?', 'Agreements guaranteeing Germany''s western borders with France and Belgium, promoting reconciliation and enabling Germany''s entry to the League of Nations.', 14);
INSERT INTO history_flashcards (topic_id, term, definition, sort_order) VALUES ('hist-p3-eur-fc-6', 'What was collective security?', 'The principle that aggression against one state would be met by a collective response from all members, the basis of the League of Nations system.', 15);
INSERT INTO history_flashcards (topic_id, term, definition, sort_order) VALUES ('hist-p3-eur-fc-6', 'What was the Stresa Front (1935)?', 'An agreement between Britain, France, and Italy opposing German rearmament and affirming Locarno Treaty commitments, which quickly collapsed over the Abyssinia Crisis.', 16);
INSERT OR IGNORE INTO history_mcq_questions (id, category, difficulty, unit, question_text, option_a, option_b, option_c, option_d, correct_option, explanation, sort_order) VALUES ('hist-p3-mcq-680', '6. Inter-War Europe & Diplomacy', 'HL', 'P3-EUR', 'The Enabling Act was passed in:', '1930', '1932', '1933', '1934', 2, 'See mark scheme for detailed explanation.', 681);
INSERT OR IGNORE INTO history_mcq_questions (id, category, difficulty, unit, question_text, option_a, option_b, option_c, option_d, correct_option, explanation, sort_order) VALUES ('hist-p3-mcq-681', '6. Inter-War Europe & Diplomacy', 'HL', 'P3-EUR', 'The March on Rome occurred in:', '1919', '1922', '1925', '1933', 1, 'See mark scheme for detailed explanation.', 682);
INSERT OR IGNORE INTO history_mcq_questions (id, category, difficulty, unit, question_text, option_a, option_b, option_c, option_d, correct_option, explanation, sort_order) VALUES ('hist-p3-mcq-682', '6. Inter-War Europe & Diplomacy', 'HL', 'P3-EUR', 'The Spanish Civil War lasted from:', '1933--1936', '1934--1937', '1936--1939', '1937--1940', 2, 'See mark scheme for detailed explanation.', 683);
INSERT OR IGNORE INTO history_mcq_questions (id, category, difficulty, unit, question_text, option_a, option_b, option_c, option_d, correct_option, explanation, sort_order) VALUES ('hist-p3-mcq-683', '6. Inter-War Europe & Diplomacy', 'HL', 'P3-EUR', 'The Night of the Long Knives targeted:', 'Jewish businesses', 'SA leadership and political opponents', 'The German military', 'Communist party members only', 1, 'See mark scheme for detailed explanation.', 684);
INSERT OR IGNORE INTO history_mcq_questions (id, category, difficulty, unit, question_text, option_a, option_b, option_c, option_d, correct_option, explanation, sort_order) VALUES ('hist-p3-mcq-684', '6. Inter-War Europe & Diplomacy', 'HL', 'P3-EUR', 'The ''Golden Era'' of the Weimar Republic is associated with:', 'Friedrich Ebert', 'Gustav Stresemann', 'Paul von Hindenburg', 'Heinrich Bruning', 1, 'See mark scheme for detailed explanation.', 685);
INSERT OR IGNORE INTO history_mcq_questions (id, category, difficulty, unit, question_text, option_a, option_b, option_c, option_d, correct_option, explanation, sort_order) VALUES ('hist-p3-mcq-685', '6. Inter-War Europe & Diplomacy', 'HL', 'P3-EUR', 'C | 2. B | 3. C | 4. B | 5. B', '', '', '', '', 2, 'See mark scheme for detailed explanation.', 686);
INSERT OR IGNORE INTO history_mcq_questions (id, category, difficulty, unit, question_text, option_a, option_b, option_c, option_d, correct_option, explanation, sort_order) VALUES ('hist-p3-mcq-686', '6. Inter-War Europe & Diplomacy', 'HL', 'P3-EUR', 'The war guilt clause was Article:', '14', '48', '119', '231', 3, 'See mark scheme for detailed explanation.', 687);
INSERT OR IGNORE INTO history_mcq_questions (id, category, difficulty, unit, question_text, option_a, option_b, option_c, option_d, correct_option, explanation, sort_order) VALUES ('hist-p3-mcq-687', '6. Inter-War Europe & Diplomacy', 'HL', 'P3-EUR', 'The Munich Agreement concerned:', 'Austria''s annexation', 'The Sudetenland', 'Poland''s western border', 'Danzig', 1, 'See mark scheme for detailed explanation.', 688);
INSERT OR IGNORE INTO history_mcq_questions (id, category, difficulty, unit, question_text, option_a, option_b, option_c, option_d, correct_option, explanation, sort_order) VALUES ('hist-p3-mcq-688', '6. Inter-War Europe & Diplomacy', 'HL', 'P3-EUR', 'The Nazi-Soviet Pact was signed in:', 'August 1938', 'March 1939', 'August 1939', 'September 1939', 2, 'See mark scheme for detailed explanation.', 689);
INSERT OR IGNORE INTO history_mcq_questions (id, category, difficulty, unit, question_text, option_a, option_b, option_c, option_d, correct_option, explanation, sort_order) VALUES ('hist-p3-mcq-689', '6. Inter-War Europe & Diplomacy', 'HL', 'P3-EUR', 'Which country was NOT a member of the League of Nations?', 'Britain', 'France', 'The United States', 'Japan (initially)', 2, 'See mark scheme for detailed explanation.', 690);
INSERT OR IGNORE INTO history_mcq_questions (id, category, difficulty, unit, question_text, option_a, option_b, option_c, option_d, correct_option, explanation, sort_order) VALUES ('hist-p3-mcq-690', '6. Inter-War Europe & Diplomacy', 'HL', 'P3-EUR', 'The Locarno Treaties guaranteed:', 'Germany''s eastern borders', 'Germany''s western borders', 'Italian territorial gains', 'Soviet security', 1, 'See mark scheme for detailed explanation.', 691);
INSERT OR IGNORE INTO history_mcq_questions (id, category, difficulty, unit, question_text, option_a, option_b, option_c, option_d, correct_option, explanation, sort_order) VALUES ('hist-p3-mcq-691', '6. Inter-War Europe & Diplomacy', 'HL', 'P3-EUR', 'D | 2. B | 3. C | 4. C | 5. B', '', '', '', '', 3, 'See mark scheme for detailed explanation.', 692);
INSERT OR IGNORE INTO history_written_questions (id, category, difficulty, question_type, unit, marks, question_text, mark_scheme, sort_order) VALUES ('hist-p3-wq-290', '6. Inter-War Europe & Diplomacy', 'HL', 'short_answer', 'P3-EUR', 15, '"Hitler''s consolidation of power between January 1933 and August 1934 was a political revolution." To what extent do you agree?', 'Revolutionary aspects: destruction of democratic institutions; Enabling Act bypassed constitution; elimination of opposition parties; Night of the Long Knives; combining President and Chancellor roles. Continuity: used existing legal framework; maintained bureaucracy and military; kept capitalist economy; relied on conservative elites initially. Top-band answers assess whether the changes constituted a genuine ''revolution'' or were achieved within existing structures.', 291);
INSERT OR IGNORE INTO history_written_questions (id, category, difficulty, question_type, unit, marks, question_text, mark_scheme, sort_order) VALUES ('hist-p3-wq-291', '6. Inter-War Europe & Diplomacy', 'HL', 'short_answer', 'P3-EUR', 15, 'Discuss the reasons for the rise to power of Mussolini.', 'Reasons: post-war disillusionment and ''mutilated victory''; fear of socialist revolution; weakness of liberal democracy; political instability; Fascist violence and organization; Mussolini''s political skill; support from industrialists and landowners; the March on Rome and King''s capitulation. Top-band answers evaluate the relative importance of structural factors versus Mussolini''s agency.', 292);
INSERT OR IGNORE INTO history_written_questions (id, category, difficulty, question_type, unit, marks, question_text, mark_scheme, sort_order) VALUES ('hist-p3-wq-292', '6. Inter-War Europe & Diplomacy', 'HL', 'short_answer', 'P3-EUR', 15, 'Evaluate social developments in one European country (other than Germany, Italy, or Spain) in the inter-war years.', 'Depending on chosen country, should address: impact of WWI on society; women''s roles; urbanization; cultural changes; impact of economic crises; class relations; education; welfare provision; ethnic/minority issues. Top-band answers provide detailed knowledge of the chosen country and evaluate the significance of social developments within the broader European context.', 293);
INSERT OR IGNORE INTO history_written_questions (id, category, difficulty, question_type, unit, marks, question_text, mark_scheme, sort_order) VALUES ('hist-p3-wq-293', '6. Inter-War Europe & Diplomacy', 'HL', 'short_answer', 'P3-EUR', 15, 'Discuss the reasons for, and the results of, the policy of appeasement.', 'Reasons for: desire to avoid another war; British military unpreparedness; sympathy for German grievances; fear of communism; economic concerns; public opinion. Results: initial territorial concessions to Germany; emboldened Hitler; failed to prevent war; bought time for rearmament (debatable); discredited collective security. Top-band answers evaluate both the rationale and the consequences of appeasement, considering multiple perspectives.', 294);
INSERT OR IGNORE INTO history_written_questions (id, category, difficulty, question_type, unit, marks, question_text, mark_scheme, sort_order) VALUES ('hist-p3-wq-294', '6. Inter-War Europe & Diplomacy', 'HL', 'short_answer', 'P3-EUR', 15, '"The Second World War had a devastating impact on the civilian population." Discuss with reference to any two European countries.', 'Should address: bombing of civilians (Blitz, firebombing of Dresden/Hamburg); occupation and resistance; Holocaust; forced labor; displacement and refugees; rationing and economic hardship; psychological impact; collaboration; partisan warfare. Top-band answers provide detailed evidence from two specific countries and analyze the nature and extent of civilian suffering.', 295);
INSERT OR IGNORE INTO history_written_questions (id, category, difficulty, question_type, unit, marks, question_text, mark_scheme, sort_order) VALUES ('hist-p3-wq-295', '6. Inter-War Europe & Diplomacy', 'HL', 'short_answer', 'P3-EUR', 15, 'Evaluate the reasons for the failure of the League of Nations to maintain peace in Europe.', 'Structural weaknesses: absence of US, USSR (initially), and later Germany; unanimity requirement; no military force; voluntary membership. Failures: Manchuria (1931); Abyssinia (1935--36); inability to address German rearmament; ignored aggression. Mitigating factors: successes in the 1920s; difficult circumstances; reliance on major powers'' cooperation. Top-band answers evaluate structural versus circumstantial factors.', 296);

INSERT OR IGNORE INTO history_checklist_sections (id, title, color, unit, sort_order) VALUES ('hist-p3-eur-cl-7', '7. Post-War Europe (1945–2000)', '#6B8BA3', 'P3-EUR', 214);
INSERT INTO history_checklist_items (section_id, text, sort_order) VALUES ('hist-p3-eur-cl-7', 'Understand Stalin''s consolidation of power after Lenin''s death', 1);
INSERT INTO history_checklist_items (section_id, text, sort_order) VALUES ('hist-p3-eur-cl-7', 'Evaluate the Five-Year Plans: aims, methods, results', 2);
INSERT INTO history_checklist_items (section_id, text, sort_order) VALUES ('hist-p3-eur-cl-7', 'Assess the impact of collectivization and the famine', 3);
INSERT INTO history_checklist_items (section_id, text, sort_order) VALUES ('hist-p3-eur-cl-7', 'Analyze the Great Purges and their impact on Soviet society', 4);
INSERT INTO history_checklist_items (section_id, text, sort_order) VALUES ('hist-p3-eur-cl-7', 'Know Khrushchev''s domestic and foreign policies', 5);
INSERT INTO history_checklist_items (section_id, text, sort_order) VALUES ('hist-p3-eur-cl-7', 'Evaluate Brezhnev''s era of ''stagnation''', 6);
INSERT INTO history_checklist_items (section_id, text, sort_order) VALUES ('hist-p3-eur-cl-7', 'Understand Gorbachev''s reforms (glasnost, perestroika)', 7);
INSERT INTO history_checklist_items (section_id, text, sort_order) VALUES ('hist-p3-eur-cl-7', 'Analyze the causes and consequences of the collapse of the Soviet Union', 8);
INSERT INTO history_checklist_items (section_id, text, sort_order) VALUES ('hist-p3-eur-cl-7', 'Assess post-Soviet Russia under Yeltsin (1991--2000)', 9);
INSERT INTO history_checklist_items (section_id, text, sort_order) VALUES ('hist-p3-eur-cl-7', 'Evaluate the extent of political, social, and economic change 1924--2000', 10);
INSERT INTO history_checklist_items (section_id, text, sort_order) VALUES ('hist-p3-eur-cl-7', 'Understand the impact of WWII on Western Europe and post-war reconstruction', 11);
INSERT INTO history_checklist_items (section_id, text, sort_order) VALUES ('hist-p3-eur-cl-7', 'Evaluate the Marshall Plan and its economic and political impact', 12);
INSERT INTO history_checklist_items (section_id, text, sort_order) VALUES ('hist-p3-eur-cl-7', 'Analyze Adenauer''s role in West Germany''s recovery and integration', 13);
INSERT INTO history_checklist_items (section_id, text, sort_order) VALUES ('hist-p3-eur-cl-7', 'Assess de Gaulle''s domestic and foreign policies', 14);
INSERT INTO history_checklist_items (section_id, text, sort_order) VALUES ('hist-p3-eur-cl-7', 'Know the development of European integration (ECSC, EEC, EU)', 15);
INSERT INTO history_checklist_items (section_id, text, sort_order) VALUES ('hist-p3-eur-cl-7', 'Evaluate Spain''s transition to democracy after Franco', 16);
INSERT INTO history_checklist_items (section_id, text, sort_order) VALUES ('hist-p3-eur-cl-7', 'Understand the development of the welfare state', 17);
INSERT INTO history_checklist_items (section_id, text, sort_order) VALUES ('hist-p3-eur-cl-7', 'Analyze the social and cultural changes of the 1960s', 18);
INSERT INTO history_checklist_items (section_id, text, sort_order) VALUES ('hist-p3-eur-cl-7', 'Assess German reunification: process, challenges, consequences', 19);
INSERT INTO history_checklist_items (section_id, text, sort_order) VALUES ('hist-p3-eur-cl-7', 'Evaluate political developments in one other Western/Northern European country', 20);
INSERT INTO history_checklist_items (section_id, text, sort_order) VALUES ('hist-p3-eur-cl-7', 'Understand how Soviet control was established in Eastern Europe after 1945', 21);
INSERT INTO history_checklist_items (section_id, text, sort_order) VALUES ('hist-p3-eur-cl-7', 'Know the mechanisms of Soviet domination (COMECON, Warsaw Pact, political control)', 22);
INSERT INTO history_checklist_items (section_id, text, sort_order) VALUES ('hist-p3-eur-cl-7', 'Analyze protests against Soviet control (1953, 1956, 1968, 1980--81)', 23);
INSERT INTO history_checklist_items (section_id, text, sort_order) VALUES ('hist-p3-eur-cl-7', 'Evaluate the role of Solidarity in Poland''s democratic transition', 24);
INSERT INTO history_checklist_items (section_id, text, sort_order) VALUES ('hist-p3-eur-cl-7', 'Understand the revolutions of 1989 and the collapse of communism', 25);
INSERT INTO history_checklist_items (section_id, text, sort_order) VALUES ('hist-p3-eur-cl-7', 'Assess the role of Gorbachev in ending Soviet control', 26);
INSERT INTO history_checklist_items (section_id, text, sort_order) VALUES ('hist-p3-eur-cl-7', 'Know the causes, course, and consequences of the Balkan conflicts', 27);
INSERT INTO history_checklist_items (section_id, text, sort_order) VALUES ('hist-p3-eur-cl-7', 'Evaluate the transition from communism: economic and political challenges', 28);
INSERT INTO history_checklist_items (section_id, text, sort_order) VALUES ('hist-p3-eur-cl-7', 'Compare the experiences of different Eastern European countries', 29);
INSERT INTO history_checklist_items (section_id, text, sort_order) VALUES ('hist-p3-eur-cl-7', 'Assess the significance of EU and NATO enlargement for the region', 30);
INSERT INTO history_checklist_items (section_id, text, sort_order) VALUES ('hist-p3-eur-cl-7', 'Understand the origins of European integration (post-war reconstruction, Cold War context)', 31);
INSERT INTO history_checklist_items (section_id, text, sort_order) VALUES ('hist-p3-eur-cl-7', 'Know the key treaties and institutions (ECSC, EEC, EU, Maastricht)', 32);
INSERT INTO history_checklist_items (section_id, text, sort_order) VALUES ('hist-p3-eur-cl-7', 'Evaluate the role of key figures (Monnet, Schuman, Adenauer, de Gaulle)', 33);
INSERT INTO history_checklist_items (section_id, text, sort_order) VALUES ('hist-p3-eur-cl-7', 'Assess the development of the Common Agricultural Policy', 34);
INSERT INTO history_checklist_items (section_id, text, sort_order) VALUES ('hist-p3-eur-cl-7', 'Understand the enlargement process and its challenges', 35);
INSERT INTO history_checklist_items (section_id, text, sort_order) VALUES ('hist-p3-eur-cl-7', 'Evaluate the debates over sovereignty and supranationalism', 36);
INSERT INTO history_checklist_items (section_id, text, sort_order) VALUES ('hist-p3-eur-cl-7', 'Know the creation and impact of the euro', 37);
INSERT INTO history_checklist_items (section_id, text, sort_order) VALUES ('hist-p3-eur-cl-7', 'Assess the democratic deficit debate', 38);
INSERT INTO history_checklist_items (section_id, text, sort_order) VALUES ('hist-p3-eur-cl-7', 'Understand the impact of integration on member states', 39);
INSERT INTO history_checklist_items (section_id, text, sort_order) VALUES ('hist-p3-eur-cl-7', 'Evaluate the successes and failures of European integration by 2000', 40);
INSERT OR IGNORE INTO history_flashcard_topics (id, label, color, unit, sort_order) VALUES ('hist-p3-eur-fc-7', '7. Post-War Europe (1945–2000)', '#6B8BA3', 'P3-EUR', 7);
INSERT INTO history_flashcards (topic_id, term, definition, sort_order) VALUES ('hist-p3-eur-fc-7', 'What were Stalin''s Five-Year Plans?', 'A series of centralized economic plans (beginning 1928) focused on rapid industrialization, transforming the USSR into a major industrial power through state-controlled production targets.', 1);
INSERT INTO history_flashcards (topic_id, term, definition, sort_order) VALUES ('hist-p3-eur-fc-7', 'What was collectivization?', 'Stalin''s policy of consolidating individual peasant farms into large state-run collective farms (kolkhozes), causing widespread famine and resistance, particularly in Ukraine (Holodomor).', 2);
INSERT INTO history_flashcards (topic_id, term, definition, sort_order) VALUES ('hist-p3-eur-fc-7', 'What were the Great Purges (1936--1938)?', 'Stalin''s campaign of political repression involving show trials, imprisonment, and execution of perceived enemies, eliminating potential rivals and creating an atmosphere of terror.', 3);
INSERT INTO history_flashcards (topic_id, term, definition, sort_order) VALUES ('hist-p3-eur-fc-7', 'What was de-Stalinization?', 'Khrushchev''s policy of dismantling aspects of Stalin''s legacy, including his ''Secret Speech'' (1956) denouncing Stalin''s cult of personality and abuses of power.', 4);
INSERT INTO history_flashcards (topic_id, term, definition, sort_order) VALUES ('hist-p3-eur-fc-7', 'What was Glasnost?', 'Gorbachev''s policy of ''openness'' (1985--1991), allowing greater freedom of speech, press, and political expression in the Soviet Union.', 5);
INSERT INTO history_flashcards (topic_id, term, definition, sort_order) VALUES ('hist-p3-eur-fc-7', 'What was Perestroika?', 'Gorbachev''s policy of economic ''restructuring'' (1985--1991), introducing market-oriented reforms to the Soviet planned economy.', 6);
INSERT INTO history_flashcards (topic_id, term, definition, sort_order) VALUES ('hist-p3-eur-fc-7', 'What caused the collapse of the Soviet Union (1991)?', 'A combination of economic stagnation, nationalist movements in republics, Gorbachev''s reforms weakening central control, failed August coup, and rise of Yeltsin.', 7);
INSERT INTO history_flashcards (topic_id, term, definition, sort_order) VALUES ('hist-p3-eur-fc-7', 'What was the Brezhnev Doctrine?', 'The policy that the Soviet Union would intervene in any socialist country threatened by internal or external forces hostile to socialism, used to justify the invasion of Czechoslovakia (1968).', 8);
INSERT INTO history_flashcards (topic_id, term, definition, sort_order) VALUES ('hist-p3-eur-fc-7', 'What was the Marshall Plan?', 'The US economic aid program (1948--1952) providing approximately $13 billion to help rebuild Western European economies after WWII, also intended to prevent communist expansion.', 9);
INSERT INTO history_flashcards (topic_id, term, definition, sort_order) VALUES ('hist-p3-eur-fc-7', 'Who was Konrad Adenauer?', 'First Chancellor of West Germany (1949--1963), who oversaw the ''economic miracle'' (Wirtschaftswunder), NATO membership, and reconciliation with France.', 10);
INSERT INTO history_flashcards (topic_id, term, definition, sort_order) VALUES ('hist-p3-eur-fc-7', 'What was the European Economic Community (EEC)?', 'An economic union established by the Treaty of Rome (1957), initially comprising six countries, promoting economic integration through a common market.', 11);
INSERT INTO history_flashcards (topic_id, term, definition, sort_order) VALUES ('hist-p3-eur-fc-7', 'Who was Charles de Gaulle?', 'French President (1959--1969) who established the Fifth Republic, pursued an independent foreign policy, withdrew France from NATO''s military command, and vetoed British EEC membership.', 12);
INSERT INTO history_flashcards (topic_id, term, definition, sort_order) VALUES ('hist-p3-eur-fc-7', 'What was the German ''economic miracle'' (Wirtschaftswunder)?', 'West Germany''s rapid economic recovery and growth in the 1950s--60s, driven by Marshall Plan aid, currency reform, social market economy, and industrial modernization.', 13);
INSERT INTO history_flashcards (topic_id, term, definition, sort_order) VALUES ('hist-p3-eur-fc-7', 'What was the transition to democracy in Spain?', 'Following Franco''s death (1975), King Juan Carlos and PM Adolfo Suarez guided Spain''s peaceful transition to parliamentary democracy, culminating in the 1978 constitution.', 14);
INSERT INTO history_flashcards (topic_id, term, definition, sort_order) VALUES ('hist-p3-eur-fc-7', 'What was German reunification?', 'The process of merging East and West Germany following the fall of the Berlin Wall (1989), formally completed on October 3, 1990, under Chancellor Helmut Kohl.', 15);
INSERT INTO history_flashcards (topic_id, term, definition, sort_order) VALUES ('hist-p3-eur-fc-7', 'What was the welfare state in post-war Europe?', 'Government systems providing healthcare, education, unemployment insurance, and pensions to citizens, expanded significantly in Western Europe after 1945.', 16);
INSERT INTO history_flashcards (topic_id, term, definition, sort_order) VALUES ('hist-p3-eur-fc-7', 'What was the Iron Curtain?', 'A term used by Winston Churchill (1946) to describe the political and ideological divide separating Soviet-controlled Eastern Europe from Western Europe during the Cold War.', 17);
INSERT INTO history_flashcards (topic_id, term, definition, sort_order) VALUES ('hist-p3-eur-fc-7', 'What was the Warsaw Pact?', 'A military alliance of Soviet bloc nations (1955--1991), created as a response to NATO and serving as a mechanism for Soviet control over Eastern Europe.', 18);
INSERT INTO history_flashcards (topic_id, term, definition, sort_order) VALUES ('hist-p3-eur-fc-7', 'What was the Hungarian Uprising (1956)?', 'A popular revolt in Hungary against Soviet-imposed policies, briefly establishing a reformist government under Nagy before being crushed by Soviet military intervention.', 19);
INSERT INTO history_flashcards (topic_id, term, definition, sort_order) VALUES ('hist-p3-eur-fc-7', 'What was the Prague Spring (1968)?', 'A period of political liberalization in Czechoslovakia under Dubcek (''socialism with a human face''), ended by Warsaw Pact invasion in August 1968.', 20);
INSERT INTO history_flashcards (topic_id, term, definition, sort_order) VALUES ('hist-p3-eur-fc-7', 'What was Solidarity?', 'A Polish trade union movement led by Lech Walesa (1980s) that became a powerful anti-communist political force, playing a key role in the end of communist rule in Poland.', 21);
INSERT INTO history_flashcards (topic_id, term, definition, sort_order) VALUES ('hist-p3-eur-fc-7', 'What was the fall of the Berlin Wall?', 'On November 9, 1989, East German authorities opened the Berlin Wall, symbolizing the collapse of communism in Eastern Europe and leading to German reunification.', 22);
INSERT INTO history_flashcards (topic_id, term, definition, sort_order) VALUES ('hist-p3-eur-fc-7', 'What were the Balkan conflicts of the 1990s?', 'A series of wars following Yugoslavia''s dissolution, including conflicts in Slovenia, Croatia, Bosnia (including Srebrenica massacre), and Kosovo, marked by ethnic cleansing.', 23);
INSERT INTO history_flashcards (topic_id, term, definition, sort_order) VALUES ('hist-p3-eur-fc-7', 'Who was Vaclav Havel?', 'Czech dissident playwright who became the first president of post-communist Czechoslovakia (1989) and later the Czech Republic, symbolizing the Velvet Revolution.', 24);
INSERT INTO history_flashcards (topic_id, term, definition, sort_order) VALUES ('hist-p3-eur-fc-7', 'What was the European Coal and Steel Community (ECSC)?', 'Founded in 1951 by six nations (France, Germany, Italy, Belgium, Netherlands, Luxembourg), it pooled coal and steel resources to promote economic cooperation and prevent war.', 25);
INSERT INTO history_flashcards (topic_id, term, definition, sort_order) VALUES ('hist-p3-eur-fc-7', 'What was the Maastricht Treaty (1992)?', 'The treaty that created the European Union, establishing common foreign and security policy, justice and home affairs cooperation, and the path to a common currency (euro).', 26);
INSERT INTO history_flashcards (topic_id, term, definition, sort_order) VALUES ('hist-p3-eur-fc-7', 'What was the Schengen Agreement?', 'An agreement (1985, implemented 1995) creating a zone of free movement across participating European countries by eliminating border controls.', 27);
INSERT INTO history_flashcards (topic_id, term, definition, sort_order) VALUES ('hist-p3-eur-fc-7', 'What is the euro?', 'The common currency adopted by EU member states in the eurozone, introduced as an electronic currency in 1999 and as physical notes and coins in 2002.', 28);
INSERT INTO history_flashcards (topic_id, term, definition, sort_order) VALUES ('hist-p3-eur-fc-7', 'What was the Single European Act (1986)?', 'An amendment to the Treaty of Rome that set the goal of establishing a single internal market by 1992, removing barriers to the free movement of goods, services, capital, and people.', 29);
INSERT INTO history_flashcards (topic_id, term, definition, sort_order) VALUES ('hist-p3-eur-fc-7', 'Who was Jean Monnet?', 'A French political economist considered one of the founding fathers of European integration, who proposed the ECSC and championed supranational cooperation.', 30);
INSERT INTO history_flashcards (topic_id, term, definition, sort_order) VALUES ('hist-p3-eur-fc-7', 'What was the European Parliament?', 'The directly elected legislative body of the EU (direct elections since 1979), representing EU citizens and sharing legislative power with the Council of the EU.', 31);
INSERT INTO history_flashcards (topic_id, term, definition, sort_order) VALUES ('hist-p3-eur-fc-7', 'What were the Copenhagen Criteria (1993)?', 'Conditions for EU membership including stable democratic institutions, functioning market economy, and ability to take on obligations of membership, used for Eastern European enlargement.', 32);
INSERT OR IGNORE INTO history_mcq_questions (id, category, difficulty, unit, question_text, option_a, option_b, option_c, option_d, correct_option, explanation, sort_order) VALUES ('hist-p3-mcq-692', '7. Post-War Europe (1945–2000)', 'HL', 'P3-EUR', 'Stalin''s first Five-Year Plan began in:', '1924', '1928', '1932', '1936', 1, 'See mark scheme for detailed explanation.', 693);
INSERT OR IGNORE INTO history_mcq_questions (id, category, difficulty, unit, question_text, option_a, option_b, option_c, option_d, correct_option, explanation, sort_order) VALUES ('hist-p3-mcq-693', '7. Post-War Europe (1945–2000)', 'HL', 'P3-EUR', 'Khrushchev''s ''Secret Speech'' of 1956 denounced:', 'Capitalism', 'Stalin''s cult of personality', 'Brezhnev''s corruption', 'Western imperialism', 1, 'See mark scheme for detailed explanation.', 694);
INSERT OR IGNORE INTO history_mcq_questions (id, category, difficulty, unit, question_text, option_a, option_b, option_c, option_d, correct_option, explanation, sort_order) VALUES ('hist-p3-mcq-694', '7. Post-War Europe (1945–2000)', 'HL', 'P3-EUR', 'Glasnost means:', 'Restructuring', 'Openness', 'Revolution', 'Stagnation', 1, 'See mark scheme for detailed explanation.', 695);
INSERT OR IGNORE INTO history_mcq_questions (id, category, difficulty, unit, question_text, option_a, option_b, option_c, option_d, correct_option, explanation, sort_order) VALUES ('hist-p3-mcq-695', '7. Post-War Europe (1945–2000)', 'HL', 'P3-EUR', 'The Soviet Union officially dissolved in:', '1989', '1990', '1991', '1993', 2, 'See mark scheme for detailed explanation.', 696);
INSERT OR IGNORE INTO history_mcq_questions (id, category, difficulty, unit, question_text, option_a, option_b, option_c, option_d, correct_option, explanation, sort_order) VALUES ('hist-p3-mcq-696', '7. Post-War Europe (1945–2000)', 'HL', 'P3-EUR', 'The Brezhnev Doctrine justified:', 'Economic reform', 'Intervention in socialist countries', 'Detente with the West', 'De-Stalinization', 1, 'See mark scheme for detailed explanation.', 697);
INSERT OR IGNORE INTO history_mcq_questions (id, category, difficulty, unit, question_text, option_a, option_b, option_c, option_d, correct_option, explanation, sort_order) VALUES ('hist-p3-mcq-697', '7. Post-War Europe (1945–2000)', 'HL', 'P3-EUR', 'B | 2. B | 3. B | 4. C | 5. B', '', '', '', '', 1, 'See mark scheme for detailed explanation.', 698);
INSERT OR IGNORE INTO history_mcq_questions (id, category, difficulty, unit, question_text, option_a, option_b, option_c, option_d, correct_option, explanation, sort_order) VALUES ('hist-p3-mcq-698', '7. Post-War Europe (1945–2000)', 'HL', 'P3-EUR', 'The Marshall Plan provided approximately:', '$5 billion', '$13 billion', '$25 billion', '$50 billion', 1, 'See mark scheme for detailed explanation.', 699);
INSERT OR IGNORE INTO history_mcq_questions (id, category, difficulty, unit, question_text, option_a, option_b, option_c, option_d, correct_option, explanation, sort_order) VALUES ('hist-p3-mcq-699', '7. Post-War Europe (1945–2000)', 'HL', 'P3-EUR', 'The Treaty of Rome (1957) established:', 'NATO', 'The EEC', 'The United Nations', 'The Warsaw Pact', 1, 'See mark scheme for detailed explanation.', 700);
INSERT OR IGNORE INTO history_mcq_questions (id, category, difficulty, unit, question_text, option_a, option_b, option_c, option_d, correct_option, explanation, sort_order) VALUES ('hist-p3-mcq-700', '7. Post-War Europe (1945–2000)', 'HL', 'P3-EUR', 'German reunification was formally completed in:', '1989', '1990', '1991', '1992', 1, 'See mark scheme for detailed explanation.', 701);
INSERT OR IGNORE INTO history_mcq_questions (id, category, difficulty, unit, question_text, option_a, option_b, option_c, option_d, correct_option, explanation, sort_order) VALUES ('hist-p3-mcq-701', '7. Post-War Europe (1945–2000)', 'HL', 'P3-EUR', 'Spain''s transition to democracy followed the death of:', 'Juan Carlos', 'Adolfo Suarez', 'Francisco Franco', 'Felipe Gonzalez', 2, 'See mark scheme for detailed explanation.', 702);
INSERT OR IGNORE INTO history_mcq_questions (id, category, difficulty, unit, question_text, option_a, option_b, option_c, option_d, correct_option, explanation, sort_order) VALUES ('hist-p3-mcq-702', '7. Post-War Europe (1945–2000)', 'HL', 'P3-EUR', 'The ''Wirtschaftswunder'' refers to:', 'Austrian industrialization', 'French modernization', 'West Germany''s economic miracle', 'Italian post-war recovery', 2, 'See mark scheme for detailed explanation.', 703);
INSERT OR IGNORE INTO history_mcq_questions (id, category, difficulty, unit, question_text, option_a, option_b, option_c, option_d, correct_option, explanation, sort_order) VALUES ('hist-p3-mcq-703', '7. Post-War Europe (1945–2000)', 'HL', 'P3-EUR', 'B | 2. B | 3. B | 4. C | 5. C', '', '', '', '', 1, 'See mark scheme for detailed explanation.', 704);
INSERT OR IGNORE INTO history_mcq_questions (id, category, difficulty, unit, question_text, option_a, option_b, option_c, option_d, correct_option, explanation, sort_order) VALUES ('hist-p3-mcq-704', '7. Post-War Europe (1945–2000)', 'HL', 'P3-EUR', 'The Hungarian Uprising occurred in:', '1953', '1956', '1968', '1989', 1, 'See mark scheme for detailed explanation.', 705);
INSERT OR IGNORE INTO history_mcq_questions (id, category, difficulty, unit, question_text, option_a, option_b, option_c, option_d, correct_option, explanation, sort_order) VALUES ('hist-p3-mcq-705', '7. Post-War Europe (1945–2000)', 'HL', 'P3-EUR', 'The Prague Spring was ended by:', 'A military coup', 'Warsaw Pact invasion', 'Popular referendum', 'Economic collapse', 1, 'See mark scheme for detailed explanation.', 706);
INSERT OR IGNORE INTO history_mcq_questions (id, category, difficulty, unit, question_text, option_a, option_b, option_c, option_d, correct_option, explanation, sort_order) VALUES ('hist-p3-mcq-706', '7. Post-War Europe (1945–2000)', 'HL', 'P3-EUR', 'Solidarity was led by:', 'Vaclav Havel', 'Lech Walesa', 'Imre Nagy', 'Alexander Dubcek', 1, 'See mark scheme for detailed explanation.', 707);
INSERT OR IGNORE INTO history_mcq_questions (id, category, difficulty, unit, question_text, option_a, option_b, option_c, option_d, correct_option, explanation, sort_order) VALUES ('hist-p3-mcq-707', '7. Post-War Europe (1945–2000)', 'HL', 'P3-EUR', 'The Srebrenica massacre occurred during the:', 'Croatian War of Independence', 'Bosnian War', 'Kosovo War', 'Slovenian War', 1, 'See mark scheme for detailed explanation.', 708);
INSERT OR IGNORE INTO history_mcq_questions (id, category, difficulty, unit, question_text, option_a, option_b, option_c, option_d, correct_option, explanation, sort_order) VALUES ('hist-p3-mcq-708', '7. Post-War Europe (1945–2000)', 'HL', 'P3-EUR', 'The Velvet Revolution (1989) took place in:', 'Poland', 'Hungary', 'Czechoslovakia', 'Romania', 2, 'See mark scheme for detailed explanation.', 709);
INSERT OR IGNORE INTO history_mcq_questions (id, category, difficulty, unit, question_text, option_a, option_b, option_c, option_d, correct_option, explanation, sort_order) VALUES ('hist-p3-mcq-709', '7. Post-War Europe (1945–2000)', 'HL', 'P3-EUR', 'B | 2. B | 3. B | 4. B | 5. C', '', '', '', '', 1, 'See mark scheme for detailed explanation.', 710);
INSERT OR IGNORE INTO history_mcq_questions (id, category, difficulty, unit, question_text, option_a, option_b, option_c, option_d, correct_option, explanation, sort_order) VALUES ('hist-p3-mcq-710', '7. Post-War Europe (1945–2000)', 'HL', 'P3-EUR', 'The ECSC was established in:', '1945', '1951', '1957', '1967', 1, 'See mark scheme for detailed explanation.', 711);
INSERT OR IGNORE INTO history_mcq_questions (id, category, difficulty, unit, question_text, option_a, option_b, option_c, option_d, correct_option, explanation, sort_order) VALUES ('hist-p3-mcq-711', '7. Post-War Europe (1945–2000)', 'HL', 'P3-EUR', 'The Maastricht Treaty created:', 'The EEC', 'NATO', 'The European Union', 'The ECSC', 2, 'See mark scheme for detailed explanation.', 712);
INSERT OR IGNORE INTO history_mcq_questions (id, category, difficulty, unit, question_text, option_a, option_b, option_c, option_d, correct_option, explanation, sort_order) VALUES ('hist-p3-mcq-712', '7. Post-War Europe (1945–2000)', 'HL', 'P3-EUR', 'Direct elections to the European Parliament began in:', '1957', '1967', '1979', '1992', 2, 'See mark scheme for detailed explanation.', 713);
INSERT OR IGNORE INTO history_mcq_questions (id, category, difficulty, unit, question_text, option_a, option_b, option_c, option_d, correct_option, explanation, sort_order) VALUES ('hist-p3-mcq-713', '7. Post-War Europe (1945–2000)', 'HL', 'P3-EUR', 'The euro was introduced as physical currency in:', '1999', '2000', '2001', '2002', 3, 'See mark scheme for detailed explanation.', 714);
INSERT OR IGNORE INTO history_mcq_questions (id, category, difficulty, unit, question_text, option_a, option_b, option_c, option_d, correct_option, explanation, sort_order) VALUES ('hist-p3-mcq-714', '7. Post-War Europe (1945–2000)', 'HL', 'P3-EUR', 'Jean Monnet is best known as:', 'First President of the EU Commission', 'A founding father of European integration', 'The architect of NATO', 'The author of the Maastricht Treaty', 1, 'See mark scheme for detailed explanation.', 715);
INSERT OR IGNORE INTO history_mcq_questions (id, category, difficulty, unit, question_text, option_a, option_b, option_c, option_d, correct_option, explanation, sort_order) VALUES ('hist-p3-mcq-715', '7. Post-War Europe (1945–2000)', 'HL', 'P3-EUR', 'B | 2. C | 3. C | 4. D | 5. B', '', '', '', '', 1, 'See mark scheme for detailed explanation.', 716);
INSERT OR IGNORE INTO history_written_questions (id, category, difficulty, question_type, unit, marks, question_text, mark_scheme, sort_order) VALUES ('hist-p3-wq-296', '7. Post-War Europe (1945–2000)', 'HL', 'short_answer', 'P3-EUR', 15, 'Discuss political and economic developments in the Soviet Union between 1945 and 1953.', 'Political: post-war Stalinism; renewed purges (Leningrad Affair, Doctors'' Plot); cult of personality intensified; control over Eastern Europe; Cold War tensions. Economic: Fourth Five-Year Plan; reconstruction after war devastation; continued collectivization; focus on heavy industry; nuclear weapons program. Top-band answers link political and economic developments and evaluate their significance.', 297);
INSERT OR IGNORE INTO history_written_questions (id, category, difficulty, question_type, unit, marks, question_text, mark_scheme, sort_order) VALUES ('hist-p3-wq-297', '7. Post-War Europe (1945–2000)', 'HL', 'short_answer', 'P3-EUR', 15, '"By 1991, Gorbachev''s policies had achieved his aims." To what extent do you agree?', 'Gorbachev''s aims: reform and preserve the Soviet system; economic modernization; political liberalization; improved East-West relations. Achievements: greater freedoms; arms reduction treaties; end of Cold War. Failures: economic decline worsened; nationalist movements fragmented the USSR; loss of Eastern Europe; unintended collapse of the Soviet Union itself. Top-band answers clearly define what Gorbachev intended and evaluate the gap between intentions and outcomes.', 298);
INSERT OR IGNORE INTO history_written_questions (id, category, difficulty, question_type, unit, marks, question_text, mark_scheme, sort_order) VALUES ('hist-p3-wq-298', '7. Post-War Europe (1945–2000)', 'HL', 'short_answer', 'P3-EUR', 15, 'Evaluate the impact of Stalin''s domestic policies on the Soviet Union between 1928 and 1941.', 'Economic: rapid industrialization; creation of heavy industrial base; collectivization disrupted agriculture but served state goals. Social: urbanization; mass education; improved healthcare but at cost of personal freedoms; famine deaths. Political: purges eliminated opposition; totalitarian control; cult of personality; terror as governance tool. Top-band answers balance achievements against human costs and evaluate different aspects of impact.', 299);
INSERT OR IGNORE INTO history_written_questions (id, category, difficulty, question_type, unit, marks, question_text, mark_scheme, sort_order) VALUES ('hist-p3-wq-299', '7. Post-War Europe (1945–2000)', 'HL', 'short_answer', 'P3-EUR', 15, 'Evaluate the role of Adenauer in Germany''s economic recovery.', 'Adenauer''s contributions: economic liberalization under Erhard; social market economy; integration with Western institutions (NATO, EEC); political stability; Franco-German reconciliation. Other factors: Marshall Plan; currency reform (1948); Korean War boom; cheap labor from refugees; US strategic interest. Top-band answers evaluate Adenauer''s specific role against broader contextual factors.', 300);
INSERT OR IGNORE INTO history_written_questions (id, category, difficulty, question_type, unit, marks, question_text, mark_scheme, sort_order) VALUES ('hist-p3-wq-300', '7. Post-War Europe (1945–2000)', 'HL', 'short_answer', 'P3-EUR', 15, 'Examine the role of Juan Carlos in Spain''s peaceful transition to democracy.', 'Juan Carlos''s role: chose reformist PM Suarez; supported democratic constitution; refused to support 1981 coup attempt (23-F); symbolized continuity and change; legitimized the transition. Other factors: economic modernization under late Franco; EU aspirations; societal desire for change; Suarez''s political skill; consensus among political parties. Top-band answers evaluate whether Juan Carlos was decisive or facilitated broader processes.', 301);
INSERT OR IGNORE INTO history_written_questions (id, category, difficulty, question_type, unit, marks, question_text, mark_scheme, sort_order) VALUES ('hist-p3-wq-301', '7. Post-War Europe (1945–2000)', 'HL', 'short_answer', 'P3-EUR', 15, 'Discuss the extent of political change in one western or northern European country (other than France, Germany, and Spain) between 1945 and 2000.', 'Depending on the chosen country, should address: post-war political settlement; development of welfare state; evolution of party system; social movements; EU membership and its impact; economic modernization; relationship with Cold War dynamics. Top-band answers provide detailed analysis of their chosen country and evaluate the balance between continuity and change.', 302);
INSERT OR IGNORE INTO history_written_questions (id, category, difficulty, question_type, unit, marks, question_text, mark_scheme, sort_order) VALUES ('hist-p3-wq-302', '7. Post-War Europe (1945–2000)', 'HL', 'short_answer', 'P3-EUR', 15, '"Protests against Soviet domination in central and eastern Europe were unsuccessful up to 1980." With reference to East Germany and Poland or Hungary and Czechoslovakia, to what extent do you agree?', 'Unsuccessful: all major protests were suppressed (East Germany 1953, Hungary 1956, Czechoslovakia 1968); Soviet control reimposed; no fundamental political change; Brezhnev Doctrine. Partially successful: preserved spirit of resistance; created martyrs and inspiration for later movements; forced limited reforms; demonstrated limits of Soviet power; built civil society. Top-band answers compare two cases in detail and assess degrees of success/failure.', 303);
INSERT OR IGNORE INTO history_written_questions (id, category, difficulty, question_type, unit, marks, question_text, mark_scheme, sort_order) VALUES ('hist-p3-wq-303', '7. Post-War Europe (1945–2000)', 'HL', 'short_answer', 'P3-EUR', 15, 'Compare and contrast the roles of Walesa in Poland and Havel in Czechoslovakia.', 'Similarities: both led opposition movements; both became presidents; both used non-violent methods; both became international symbols. Differences: Walesa was a trade union leader (worker background) vs Havel as an intellectual/playwright; Solidarity was a mass movement vs Charter 77 as a small dissident group; different timelines of opposition; different paths to power. Top-band answers draw explicit analytical comparisons rather than simply describing each.', 304);
INSERT OR IGNORE INTO history_written_questions (id, category, difficulty, question_type, unit, marks, question_text, mark_scheme, sort_order) VALUES ('hist-p3-wq-304', '7. Post-War Europe (1945–2000)', 'HL', 'short_answer', 'P3-EUR', 15, 'Evaluate the political and economic measures undertaken by the Soviet Union to dominate central and eastern Europe between 1945 and 1955.', 'Political: installation of communist governments; purges of non-communists; rigged elections; police state apparatus; personality cults. Economic: COMECON; forced industrialization; collectivization; economic integration with USSR; rejection of Marshall Plan. Top-band answers evaluate both the effectiveness and the consequences of these measures, noting variations between countries.', 305);
INSERT OR IGNORE INTO history_written_questions (id, category, difficulty, question_type, unit, marks, question_text, mark_scheme, sort_order) VALUES ('hist-p3-wq-305', '7. Post-War Europe (1945–2000)', 'HL', 'short_answer', 'P3-EUR', 15, 'Evaluate the reasons for the emergence of European integration after 1945.', 'Reasons: desire to prevent another European war; economic reconstruction needs; Cold War pressures (US encouragement); shared Franco-German reconciliation interest; economic benefits of larger markets; idealism of European unity. Top-band answers evaluate the relative importance of different motivations and distinguish between economic and political drivers.', 306);
INSERT OR IGNORE INTO history_written_questions (id, category, difficulty, question_type, unit, marks, question_text, mark_scheme, sort_order) VALUES ('hist-p3-wq-306', '7. Post-War Europe (1945–2000)', 'HL', 'short_answer', 'P3-EUR', 15, '"European integration has been primarily an economic project." To what extent do you agree with this statement?', 'Economic: EEC/Common Market focus; CAP; Single Market; euro. Political: peace project; foreign policy cooperation; democratic conditionality; enlargement as political stabilization. Against purely economic: political motivations from the start (Schuman Declaration); Maastricht''s political union ambitions; security dimension. Top-band answers evaluate both dimensions and their interaction.', 307);
INSERT OR IGNORE INTO history_written_questions (id, category, difficulty, question_type, unit, marks, question_text, mark_scheme, sort_order) VALUES ('hist-p3-wq-307', '7. Post-War Europe (1945–2000)', 'HL', 'short_answer', 'P3-EUR', 15, 'Discuss the challenges facing European integration between 1980 and 2000.', 'Challenges: British rebate and Euroscepticism; democratic deficit; different visions (federalism vs intergovernmentalism); enlargement strains; CAP reform debates; Maastricht ratification difficulties; national sovereignty concerns; economic divergence; Balkan crises exposing foreign policy weaknesses. Top-band answers analyze multiple challenges and evaluate how successfully they were addressed.', 308);
